biogroup_id,sample_count,sequencing_types,study_sources,cell_type,treatment,timepoint,tissue,is_cross_modal,is_cross_study,genotype
95bdd8f2,1150,"RNA-seq,Ribo-seq","848829,812862,604168,1263619,379447,1187475,417116,1103142,903814,1083195,704712,445453,473812,877653,1270455,630973,299045,1129445,858256,1191647,459526,769126,670552,768399,649449,504034,414611,271437,1244127,299048,297039,1245068,512491,1204289,1136820,750636,702160,430558,1113147,706468,970317,470579,873584,1123824,821340,541924,951511,954953,792575,563539,173092,1124923,852547,327113,784790,1113713,902621,412617,1116213,773909,794153,478760,782500,729811,510796,1028779,715464,1284240,602407,1121290,716630,342301,296059,989871,1083527,676082,718868,358815,971919,1007580,1121289,1136550,925168,779948,756018,697913,575406,1083196,780148,514710,1113597,676161,396456,1129072,1090696,734658,471907,615808,926487,1202056,1122518,480786,659038,1054207,978023,490682,182756,1194520,779283,1116206,275185,770523,473808,1145378,941525,347980,478730,471667,1058247,634332,415033,926112,389599,978085,371312,1060294,906951,419532,391171,419768,633140,1263618,838490,813625,803443,765951,400151,1120398,774895,615002,770962,1144916,776890,412874,400150,1122590,656190,940452,295955,396698,379448,515538,676083,603355,531262,1028780,744888,753845,1124388,601135,506724,416661,990710,1158872,649426,604169,801130,743831,890855,692108,1158871,1083472,1050581,1008576,606888,1238387,297338,1069085,1112384,1074219,303186,948060,548813,755296,255669,480788,1132552,918384,779461,926087,822292,541324,484227,1282489,978024,397543,1110494,862448,549629,816171,403993,760922,278390,738263,645135,1114884,1114693,1205218,817730,768456,876935,615003,972712,473925,321057,385767,1084474,694918,397035,954956,751084,938481",unknown,unknown,unknown,unknown,True,True,unknown
ae81e028,270,RNA-seq,792575,unknown,unknown,4 weeks,nucleus accumbens,False,False,unknown
3c547605,260,RNA-seq,"484227,412617,549205",unknown,unknown,unknown,left ventricle,False,True,c57bl/6
641840bd,168,"RNA-seq,Ribo-seq","1287737,548813,296059,1190589,926487,1136820,509424,926112,230574,605114,655835",,unknown,unknown,,True,True,
defdc782,164,Ribo-seq,941525,unknown,unknown,unknown,kidney,False,False,wild type genotype
e1f60a0d,144,RNA-seq,792575,unknown,unknown,48 hours,nucleus accumbens,False,False,unknown
e196d377,132,RNA-seq,"947524,947523,947527,947526",kucg-2 hipsc,wt,unknown,kucg-2 hipsc,False,True,kucg-2 hipsc
14c1cdb7,132,"RNA-seq,Ribo-seq",667075,unknown,unknown,unknown,aproximately a third of leaves 2 and 3 from leaf tips,True,False,b73
c04f4a2e,112,Ribo-seq,"1162540,575406",unknown,unknown,unknown,liver,False,True,unknown
aaa95386,108,"RNA-seq,Ribo-seq",1152441,unknown,unknown,unknown,unknown,True,False,sf370
0e336ae3,106,RNA-seq,275185,unknown,unknown,unknown,testis,False,False,c57b6
9f3b6060,104,RNA-seq,697913,unknown,unknown,unknown,oocyte,False,False,wt
270fd587,104,Ribo-seq,575406,unknown,unknown,unknown,testis,False,False,unknown
cd111a94,102,"RNA-seq,Ribo-seq","998462,998463,998459,946781,998460,998461,998457",imr90,unknown,unknown,imr90,True,True,imr90
8d800046,102,RNA-seq,926087,unknown,unknown,unknown,rnase-protected-fragment,False,False,unknown
fabd7fce,100,"RNA-seq,Ribo-seq",1099224,whole organism,cells (epimastigote stage) in nutritional stress for two hours,unknown,whole organism,True,False,dm28c
a74ba7f3,100,"RNA-seq,Ribo-seq",1099224,whole organism,cells (epimastigote stage) in exponential growth conditions,unknown,whole organism,True,False,dm28c
0c29f43e,96,"RNA-seq,Ribo-seq",760922,unknown,unknown,unknown,neural tube,True,False,c3heb/eif3cxs-j/+
aab86c6d,96,"RNA-seq,Ribo-seq",760922,unknown,unknown,unknown,neural tube,True,False,c3heb
546ea377,90,"RNA-seq,Ribo-seq","1116213,541324",hek293t,unknown,unknown,human embryonic kidney,True,True,hek293t
596d4b33,90,"RNA-seq,Ribo-seq",1051101,hek293t,unknown,unknown,cell line,True,False,hek293t
dc4a9faa,90,RNA-seq,"789243,789247",unknown,unknown,unknown,testis,False,True,c57bl/6j
f233e6dc,88,RNA-seq,838490,unknown,unknown,unknown,e11.5 neocortex,False,False,c57bl/6j
9eb967c5,88,RNA-seq,604580,h1 es cells,unknown,unknown,unmodified hescs were differentiated to the pp2 stage,False,False,h1 es cells
cb735023,88,RNA-seq,504034,unknown,unknown,unknown,ovary,False,False,cho
7b705bd2,80,"RNA-seq,Ribo-seq","774895,898352",mda-mb-231,unknown,unknown,breast cancer cell line,True,True,mda-mb-231
12dc32fc,76,"RNA-seq,Ribo-seq",885130,na,na,unknown,whole organism,True,False,na
74a72a7c,72,"RNA-seq,Ribo-seq",1113713,unknown,unknown,unknown,unknown,True,False,guangxi partridge chicken
38761eed,72,Ribo-seq,"890855,725741",unknown,unknown,unknown,whole organism,False,True,wild type genotype
0d2ff8a8,72,"RNA-seq,Ribo-seq",661558,mefs (mouse embryonic fibroblasts),unknown,unknown,mouse embryonic fibroblasts cells,True,False,c57bl/6j
3e40b959,72,Ribo-seq,575406,unknown,unknown,unknown,brain,False,False,unknown
3cdc83ca,70,RNA-seq,701262,cell line,unknown,unknown,hela cells,False,False,unknown
c091583e,70,RNA-seq,648398,cd4+ t cells,unknown,unknown,activated cd4+ t cells,False,False,c57bl/6
d31b81a3,66,RNA-seq,701262,oocyte,unknown,unknown,xenopus laevis stage vi oocyte,False,False,unknown
43c025b9,64,RNA-seq,"1071161,1071174,1071162,1071171",u-2os,thapsigargin for 2 hours,unknown,bone,False,True,u-2os
e5a4ccb8,64,RNA-seq,"1071161,1071174,1071162,1071171",u-2os,dmso for 2 hours,unknown,bone,False,True,u-2os
ba96de6a,64,RNA-seq,1049048,unknown,bacterial cells,unknown,strain 168,False,False,strain 168
8083bfac,64,"RNA-seq,Ribo-seq","729812,729871,728841",unknown,unknown,unknown,axenic culture,True,True,cs3005
8d319526,60,RNA-seq,1035318,human dermal fibroblasts,unknown,unknown,human dermal fibroblasts,False,False,human dermal fibroblasts
3298cbe2,60,"RNA-seq,Ribo-seq",951511,e14,unknown,unknown,inner-cell mass,True,False,12910la
2b4c1f1c,60,RNA-seq,697913,unknown,unknown,unknown,preimplantation embryo,False,False,wt
e9ff4db0,58,RNA-seq,1035318,human umbilical vein endothelial cells,unknown,unknown,human umbilical vein endothelial cells,False,False,human umbilical vein endothelial cells
881c13d2,58,"RNA-seq,Ribo-seq",779461,hct116,"cells were treated with 100µg/ml cycloheximide for 10min and then lysed in polysome lysis buffer. after centrifugation, 100 µl cell lysates were used to extract rna with trizol. then 5~10 µg rna was used to purify mrnas with oligo dt beads. the purified mrnas were used for rna-seq library preparation.",unknown,human colorectal carcinoma cell line,True,False,hct116
9c95025e,58,"RNA-seq,Ribo-seq",473812,e14tg2a,"nf-ya sirna (invitrogen, mss247473)",unknown,mouse embryonic stem cells (escs),True,False,e14tg2a
de84b03c,56,RNA-seq,1270455,unknown,unknown,unknown,heart,False,False,unknown
abddc18a,56,"RNA-seq,Ribo-seq",821340,unknown,unknown,unknown,not collected,True,False,not collected
df7d2b0f,56,RNA-seq,748842,unknown,unknown,unknown,unknown,False,False,c57bl/6
cdb1471b,56,"RNA-seq,Ribo-seq",473812,e14tg2a,"non-targeting control sirna (dharmacon, d- 001810-02-50)",unknown,mouse embryonic stem cells (escs),True,False,e14tg2a
eaf0607a,54,RNA-seq,885130,hek293t,"100um 4su fed for 24h, then washed out for chase over 8h",unknown,hek293t,False,False,hek293t
9541f807,54,RNA-seq,"182756,196335",bj cells,unknown,unknown,immortalized primary fibroblasts,False,True,bj cells
6f2fbaf8,52,RNA-seq,770523,patient-derived glioma stem cell,unknown,unknown,glioma stem cells,False,False,patient-derived glioma stem cell
b5dd74c0,52,RNA-seq,512491,hek293t,unknown,unknown,hek293t,False,False,pus10 -/-
b63e7817,52,RNA-seq,512491,hek293t,unknown,unknown,hek293t,False,False,wt
46eff2c7,50,RNA-seq,734953,breast cancer cell line,unknown,unknown,4t07,False,False,breast cancer cell line
115cd6af,48,"RNA-seq,Ribo-seq",1185761,mouse embryonic fibroblasts,unknown,unknown,unknown,True,False,unknown
96a9a7d9,48,"RNA-seq,Ribo-seq",1090696,unknown,unknown,unknown,whole shoot,True,False,unknown
7f995152,48,RNA-seq,1047524,sw480,induced (doxycicline),unknown,colon,False,False,sw480
d9dc684a,48,RNA-seq,1047524,sw480,uninduced (dmso),unknown,colon,False,False,sw480
70235c4b,48,RNA-seq,932465,unknown,unknown,unknown,shanghai,False,False,unknown
271e1777,48,"RNA-seq,Ribo-seq","918680,918681",unknown,none,none,lung,True,True,"b6.cg-tg(k18-ace2)2prlmn/j (the jackson laboratory, #034860)"
7f282863,48,"RNA-seq,Ribo-seq","530508,750456,734658",mouse embryonic fibroblasts,unknown,unknown,mouse embryonic fibroblasts,True,True,c57bl/6j
fc2515c2,48,RNA-seq,732080,unknown,unknown,unknown,young adult,False,False,unknown
7962f543,48,RNA-seq,672952,20 hour activated cd4 t cells,unknown,unknown,20 hour activated cd4 t cells,False,False,rnmt fl/fl cd4cre -
bc650688,48,RNA-seq,672952,20 hour activated cd4 t cells,unknown,unknown,20 hour activated cd4 t cells,False,False,rnmt fl/fl cd4cre +
1f84d11e,48,RNA-seq,635830,lovo atcc ccl-229,unknown,unknown,unknown,False,False,lovo atcc ccl-229
dc00b646,48,RNA-seq,"398285,395723",mouse embryonic fibroblast,unknown,unknown,mammalian cells,False,True,c57bl/6j
d5531f4d,48,RNA-seq,255669,unknown,unknown,unknown,cultured cell suspension,False,False,by4741
f8af4a0c,46,"RNA-seq,Ribo-seq",1173087,melstr,unknown,unknown,melstr,True,False,melstr
c89b09ed,46,RNA-seq,"396698,680357",unknown,unknown,unknown,hela cells,False,True,wt
9afee0ea,46,RNA-seq,605444,unknown,unknown,unknown,u2392 cell line,False,False,unknown
da54f045,46,"RNA-seq,Ribo-seq","598362,598359",p19,unknown,unknown,p19,True,True,p19
9dba1883,46,RNA-seq,504034,unknown,unknown,unknown,hamster tissue,False,False,tissue
55d96928,44,RNA-seq,1270452,embryonic fibroblast,unknown,unknown,unknown,False,False,cnot1 ko
84929ffc,44,"RNA-seq,Ribo-seq",1173087,melst,unknown,unknown,melst,True,False,melst
86b36e9c,44,"RNA-seq,Ribo-seq","262909,689830,1035983,994860",unknown,unknown,unknown,missing,True,True,missing
858f340f,44,"RNA-seq,Ribo-seq",509230,unknown,unknown,unknown,skin fibroblasts,True,False,unknown
01d8f788,44,"CAGE,RNA-seq",486172,unknown,unknown,unknown,cell culture,True,False,ma-4680
77e9daa7,42,RNA-seq,488955,primary basophilic erythroblasts,unknown,unknown,fetal liver,False,False,c57bl/6
ccca5a27,40,RNA-seq,1270452,embryonic fibroblast,unknown,unknown,unknown,False,False,wt
49c12d65,40,"RNA-seq,Ribo-seq","1243989,1244127",h98,2mm h2o2,unknown,h98,True,True,h98
fd9b5068,40,RNA-seq,"1083099,1004312,948060",unknown,unknown,unknown,leaf,False,True,unknown
3a8d01cf,40,RNA-seq,"1046396,1046391",k-562,none,unknown,k-562,False,True,k-562
493f8be3,40,RNA-seq,"756023,756018",fibroblast,il11 stimulated,unknown,il11 treated normal human fibroblast,False,True,unknown
f5c62d6e,40,RNA-seq,"756023,756018",fibroblast,untreated,unknown,untreated normal human fibroblast,False,True,unknown
b4442a41,40,RNA-seq,717060,5-8f,unknown,unknown,nasopharyngeal carcinoma 5-8f cells,False,False,5-8f
315facbf,40,RNA-seq,668372,unknown,unknown,unknown,ribosomes from yeast cells,False,False,w303-1a (atcc: 208352)
c846a670,40,RNA-seq,667952,hek293,unknown,unknown,human embryonic kidney cells,False,False,unknown
b79caf1d,40,RNA-seq,633140,mesc j1,unknown,unknown,embryonic stem cells,False,False,mesc j1
f2f09469,40,"RNA-seq,Ribo-seq",630259,unknown,unknown,unknown,cc125,True,False,cc125
d17f8b39,40,RNA-seq,445453,unknown,unknown,unknown,cell,False,False,unknown
fc306ded,40,"RNA-seq,Ribo-seq",297039,e14 esc,unknown,unknown,embryonic stem cells (escs),True,False,e14 esc
0b48ee1d,38,RNA-seq,1099224,whole organism,cells fully differentiated to metacyclic trypomastigotes,unknown,whole organism,False,False,dm28c
865f1831,38,"RNA-seq,Ribo-seq",1074219,unknown,unknown,unknown,pan troglodytes,True,False,unknown
62f0b757,38,"RNA-seq,Ribo-seq","400150,505061,400151,1012978",unknown,unknown,unknown,unknown,True,True,wild type genotype
61f98825,38,RNA-seq,605444,unknown,unknown,unknown,mutu cell line,False,False,unknown
6275cd65,36,RNA-seq,1204289,mouse fibrosarcoma tc1 cells,unknown,unknown,mouse fibrosarcoma tc1 cells,False,False,mouse fibrosarcoma tc1 cells
e8dda884,36,RNA-seq,"396698,680357",unknown,unknown,unknown,hela cells,False,True,nat10-/-
1cb8160b,36,RNA-seq,674211,h9c2,unknown,unknown,heart,False,False,h9c2
76a004ae,36,RNA-seq,669814,cultured human cord blood-derived cd34+ cells,unknown,unknown,cd42 positive megakaryocytes,False,False,unknown
f35ff63e,36,RNA-seq,669814,cultured human cord blood-derived cd34+ cells,unknown,unknown,cd42 negative megakaryocytes,False,False,unknown
e41ae165,36,RNA-seq,667952,hek-tth cells stably expressing fused er:hrasg12v,unknown,unknown,human embryonic kidney cells,False,False,unknown
269dd9a3,36,RNA-seq,648109,unknown,unknown,unknown,cerebral cortex,False,False,c57bl/6
bf6cd859,36,"RNA-seq,Ribo-seq","611610,611609",striatal,unknown,unknown,striatal cells,True,True,c57bl/6
30c11ef6,36,RNA-seq,511473,unknown,unknown,unknown,9-day-old seedlings,False,False,col-0
c182fdac,36,"RNA-seq,Ribo-seq",412874,unknown,unknown,unknown,yeast,True,False,zyh2
fef36e70,36,"RNA-seq,Ribo-seq",385767,acute myeloid leukemia,unknown,unknown,molm13 ribosome-depleted rna,True,False,unknown
7ca67598,34,"RNA-seq,Ribo-seq",1074219,unknown,unknown,unknown,macaca mulatta,True,False,unknown
522cd7df,34,RNA-seq,852784,mv4_11,48 hour treatment with 100 nm c16,unknown,mv4_11,False,False,mv4_11
de01d8ca,34,Ribo-seq,779461,hct116,cells were treated with 100µg/ml cycloheximide for 10min and then were used for ribo-seq.,unknown,human colorectal carcinoma cell line,False,False,hct116
27f44870,34,RNA-seq,770523,patient-derived glioma stem cell,unknown,unknown,glioma stem cells,False,False,unknown
f1e56c4a,34,RNA-seq,"768456,769126",unknown,unknown,unknown,yeast cell,False,True,wt
9a374783,34,"RNA-seq,Ribo-seq",676161,unknown,200 ng/ml doxycycline 96 hours,unknown,lncap cell line,True,False,unknown
fd6198b7,32,Ribo-seq,1282489,unknown,harringtonine (2µg/ml),30 minutes,preimplantation embryo,False,False,c57/bl6
bd27aff8,32,"RNA-seq,Ribo-seq","1170270,1135124",unknown,unknown,unknown,testis,True,True,c57bl/6
9c084f82,32,RNA-seq,"1071981,1020634,1022765,1019929",unknown,unknown,unknown,testis,False,True,mouse
a2f643e3,32,RNA-seq,990964,unknown,unknown,unknown,shoots,False,False,unknown
eba2aa07,32,RNA-seq,990964,unknown,unknown,unknown,roots,False,False,unknown
153028fa,32,RNA-seq,945876,fungal cells,unknown,unknown,fungal cells,False,False,unknown
8690d104,32,Ribo-seq,891450,unknown,air or 10 μl/l of ethylene for 4 h,unknown,total,False,False,nipponbare
ee77c07b,32,RNA-seq,830657,unknown,unknown,unknown,heart,False,False,c57bl/6n
5695586d,32,RNA-seq,"545844,817730",unknown,unknown,unknown,not collected,False,True,japanica
ce3a60d6,32,"RNA-seq,Ribo-seq","806946,806948",h1299,fur,unknown,epithelial,True,True,h1299
44039ceb,32,"RNA-seq,Ribo-seq","806946,806948",h1299,g418,unknown,epithelial,True,True,h1299
82ba21e4,32,"RNA-seq,Ribo-seq","806946,806948",h1299,untreated,unknown,epithelial,True,True,h1299
44228e6f,32,RNA-seq,794846,hesc h9 (wa-09),rna,unknown,embryonic stem cells,False,False,unknown
2f91e5af,32,RNA-seq,779461,hct116,unknown,unknown,human colorectal carcinoma cell line,False,False,hct116
1bd4022e,32,"RNA-seq,Ribo-seq",744888,embryonic stem (es) cells,unknown,unknown,embryonic stem (es) cells,True,False,hybrid 129-c57bl/6
e2ce5d39,32,RNA-seq,744888,unknown,unknown,unknown,embryonic stem (es) cells,False,False,hybrid 129-c57bl/6
31f6b736,32,RNA-seq,601135,unknown,unknown,unknown,circulating tumor cell - derived cell line,False,False,unknown
697ab131,32,RNA-seq,414611,hela,dhx9 sirna,unknown,atcc cell lines,False,False,unknown
0348c238,32,RNA-seq,414611,hela,dhx36 sirna,unknown,atcc cell lines,False,False,unknown
a4caa666,32,"RNA-seq,Ribo-seq",295955,s2,cultured in conventional medium containing 10% heat-inactivated fetal bovine serum,unknown,na,True,False,oregon r
3d94c61a,30,"RNA-seq,Ribo-seq",1246569,b-cells,unknown,unknown,b-cells,True,False,rps15 +/+
e057c673,30,"RNA-seq,Ribo-seq",1246569,b-cells,unknown,unknown,b-cells,True,False,rps15-s138f/+
20bd69c7,30,"RNA-seq,Ribo-seq",676161,unknown,untreated,unknown,lncap cell line,True,False,unknown
5875bbee,30,RNA-seq,"651888,651879,651877,651883,651886,651882,651885,651881,651876,651875,651874,651878,651887,651880,651884",unknown,unknown,unknown,thymus,False,True,fisher 344
8ffc23a5,30,RNA-seq,"651888,651879,651877,651883,651886,651882,651885,651881,651876,651875,651874,651878,651887,651880,651884",unknown,unknown,unknown,missing,False,True,g1
3a9d9411,30,"RNA-seq,Ribo-seq",477865,unknown,rnai against unc-22 (bja7),unknown,unknown,True,False,pd 1074
023a7278,30,RNA-seq,351825,unknown,unknown,unknown,staphylococcus aureus,False,False,unknown
bb0c6df9,28,Ribo-seq,1297545,1/2-strength murashige-skoog medium + 2.56 mm mes buffer,unknown,unknown,thale cress,False,False,growth chamber
53940960,28,RNA-seq,1270452,embryonic fibroblast,unknown,unknown,unknown,False,False,cnot7/8 ko
107300b7,28,RNA-seq,1270452,embryonic fibroblast,unknown,unknown,unknown,False,False,cnot3 ko
9f3d5f36,28,RNA-seq,1161172,differentiated hescs,unknown,unknown,hues8,False,False,hues8
7efdbbce,28,RNA-seq,1140141,mll-af9 aml,bcaa 5+3,unknown,bone marrow,False,False,mll-af9 aml
d754c98d,28,RNA-seq,"1080486,1080485,1080500",unknown,ccl4 administration,unknown,liver,False,True,wt
e1bedaf9,28,RNA-seq,982760,hek293,oxidative stress,unknown,hek293,False,False,hek293
9f343670,28,"RNA-seq,Ribo-seq",667051,unknown,cycloheximide,24hpi,vero e6,True,False,unknown
8cc55c70,28,RNA-seq,666973,unknown,unknown,unknown,unknown,False,False,sp. pcc 6803
0c72a0ed,28,RNA-seq,649776,unknown,interferon,unknown,huh7 cells,False,False,unknown
6aac1f4d,28,RNA-seq,600267,hek 293t,12 h chikv infection,unknown,whole cell,False,False,hek 293t
ef764fff,28,RNA-seq,414611,hela,scramble sirna,unknown,atcc cell lines,False,False,unknown
7de33076,28,RNA-seq,406823,fetus derived cell line from female human embryonic kidney,thap (2µm) for 2h,unknown,hek293 cells,False,False,unknown
b05a1f71,28,RNA-seq,406823,fetus derived cell line from female human embryonic kidney,dmso for 2h,unknown,hek293 cells,False,False,unknown
cc94da2f,26,RNA-seq,722238,unknown,unknown,unknown,tongue,False,False,c57bl/6
483aadde,24,Ribo-seq,1205218,mcf7,unknown,unknown,unknown,False,False,mcf7
0c96fb84,24,"RNA-seq,Ribo-seq",1165488,unknown,unknown,unknown,synchronized culture,True,False,21gr
be939cfb,24,"RNA-seq,Ribo-seq",1145378,derived from h1-hesc,ngn2 overexpression,unknown,derived from h1-hesc,True,False,derived from h1-hesc
47f31a47,24,RNA-seq,1136820,hek293t human embryonic kidny cells,unknown,unknown,hek293t human embryonic kidny cells,False,False,hek293t human embryonic kidny cells
802290a1,24,RNA-seq,1124388,hepg2,unknown,unknown,liver,False,False,hepg2
a87e5f5c,24,RNA-seq,1099202,h929,unknown,unknown,bone marrow,False,False,h929
79fbfd5a,24,RNA-seq,1099202,mm.1s,unknown,unknown,peripheral blood,False,False,mm.1s
740399cf,24,RNA-seq,"1080486,1080485",unknown,control,unknown,liver,False,True,wt
dca7896f,24,RNA-seq,1076517,flp-in t-rex hela,transfected with 18s:wt,unknown,flp-in t-rex hela,False,False,flp-in t-rex hela
81393363,24,"RNA-seq,Ribo-seq",1074219,unknown,unknown,unknown,homo sapiens,True,False,unknown
949872b8,24,RNA-seq,"1069987,1071172",u-2os,arsenite for 2 hours,unknown,bone,False,True,u-2os
e99e1471,24,RNA-seq,"1069987,1071172",u-2os,water for 2 hours,unknown,bone,False,True,u-2os
a50f6b4a,24,RNA-seq,1068083,primary cell,unknown,unknown,intestine,False,False,primary cell
928aecb5,24,RNA-seq,1017399,rh::tir1 parental strain,unknown,unknown,rh::tir1 parental strain,False,False,rh::tir1 parental strain
eac7a11c,24,RNA-seq,1008741,huh7,50 nm torin1 for 12 hr,unknown,huh7,False,False,huh7
f514090c,24,RNA-seq,1008741,huh7,na,unknown,huh7,False,False,huh7
17857a0e,24,RNA-seq,1007580,hela,unknown,unknown,missing,False,False,hela
2b1bea4e,24,RNA-seq,1002994,hct15,unknown,unknown,colon,False,False,hct15
987de2a5,24,RNA-seq,982760,tc1,cardiomyocyte differentiation,unknown,tc1,False,False,tc1
645f965a,24,RNA-seq,"978024,978023",hkci2 cell line,unknown,unknown,hkci2 cell line,False,True,hkci2 cell line
e5f38839,24,RNA-seq,977673,unknown,angii+si-nat10,unknown,heart ventricular tissue,False,False,angii+si-nat10
5a83c874,24,RNA-seq,977673,unknown,angii,unknown,heart ventricular tissue,False,False,angii
64e592a9,24,RNA-seq,977673,unknown,myocardial hypertrophy,unknown,heart ventricular tissue,False,False,myocardial hypertrophy
9b5a8cc9,24,RNA-seq,977673,unknown,non-myocardial hypertrophy,unknown,heart ventricular tissue,False,False,non-myocardial hypertrophy
0f11a832,24,RNA-seq,975827,unknown,unknown,unknown,ucbpp-pa14,False,False,ucbpp-pa14
c71071ca,24,RNA-seq,967039,unknown,unknown,unknown,fruit,False,False,nt-189
c524dbaf,24,RNA-seq,967039,unknown,unknown,unknown,fruit,False,False,nt-91
ec933c0a,24,"RNA-seq,Ribo-seq","918680,918681",unknown,sars-cov-2 infection,7 days post-infection,lung,True,True,"b6.cg-tg(k18-ace2)2prlmn/j (the jackson laboratory, #034860)"
978a8afc,24,"RNA-seq,Ribo-seq","918680,918681",unknown,sars-cov-2 infection,5 days post-infection,lung,True,True,"b6.cg-tg(k18-ace2)2prlmn/j (the jackson laboratory, #034860)"
26ddc3d5,24,"RNA-seq,Ribo-seq","918680,918681",unknown,sars-cov-2 infection,2 days post-infection,lung,True,True,"b6.cg-tg(k18-ace2)2prlmn/j (the jackson laboratory, #034860)"
bdc97285,24,"RNA-seq,Ribo-seq","918680,918681",unknown,sars-cov-2 infection,1 day post-infection,lung,True,True,"b6.cg-tg(k18-ace2)2prlmn/j (the jackson laboratory, #034860)"
a7cbdf2f,24,RNA-seq,876935,gm18505,sodium arsenite,unknown,gm18505,False,False,gm18505
02bd67b0,24,RNA-seq,876935,gm19204,sodium arsenite,unknown,gm19204,False,False,gm19204
0baaa486,24,RNA-seq,876935,gm19193,sodium arsenite,unknown,gm19193,False,False,gm19193
c018f175,24,RNA-seq,876935,gm18505,control,unknown,gm18505,False,False,gm18505
7065b955,24,RNA-seq,876935,gm19204,control,unknown,gm19204,False,False,gm19204
b1d90dc5,24,RNA-seq,876935,gm19193,control,unknown,gm19193,False,False,gm19193
551ae5b7,24,"RNA-seq,Ribo-seq",847982,skbr3,unknown,unknown,skbr3,True,False,skbr3
59d1f9d9,24,"RNA-seq,Ribo-seq",759858,unknown,unknown,unknown,7-day old seedlings,True,False,unknown
5bf218c7,24,RNA-seq,748842,jurkat,unknown,unknown,unknown,False,False,unknown
8b42c542,24,RNA-seq,732080,unknown,fed,unknown,young adult,False,False,unknown
5cc25963,24,RNA-seq,732080,unknown,starved,unknown,young adult,False,False,unknown
62605152,24,"RNA-seq,Ribo-seq",729811,unknown,unknown,unknown,spikelets,True,False,kennedy
414e2290,24,RNA-seq,720951,imr90,unknown,unknown,normal lung fibroblasts imr90,False,False,imr90
ec23f84a,24,RNA-seq,701262,cell line,unknown,unknown,"hct116 cells, ostir1 knock-in, aid-tagged pabpc1",False,False,unknown
7efb085a,24,RNA-seq,674211,cardiomyocyte,unknown,unknown,heart left ventricle,False,False,wild type genotype
6f8818a2,24,"RNA-seq,Ribo-seq",667051,unknown,cycloheximide,48hpi,primary human bronchial epithelial cells,True,False,unknown
52ca4319,24,"RNA-seq,Ribo-seq",667051,unknown,cycloheximide,24hpi,primary human bronchial epithelial cells,True,False,unknown
21308645,24,"RNA-seq,Ribo-seq",667051,unknown,cycloheximide,48hpi,vero e6,True,False,unknown
57c306e0,24,RNA-seq,"648998,649002",raw264.7,"4su, 40 min",unknown,raw264.7,False,True,raw264.7
076d8499,24,RNA-seq,"648998,649002",raw264.7,"4su, 20 min",unknown,raw264.7,False,True,raw264.7
33ad6239,24,Ribo-seq,624906,kh2,unknown,unknown,mouse embryonic stem cells,False,False,kh2
03526bf5,24,"RNA-seq,Ribo-seq",623612,hek293t,unknown,unknown,hek293 flp-in t-rex embryonic kidney cell line,True,False,hek293t
d2cac5cf,24,RNA-seq,600267,hek 293t,12 h mock infection,unknown,whole cell,False,False,hek 293t
1d8320c7,24,Ribo-seq,563539,hek 293,unknown,unknown,-,False,False,hek 293
2289a628,24,Ribo-seq,549629,unknown,unknown,unknown,kidney,False,False,rhode island red
119a7081,24,RNA-seq,545050,newborn erythroid cells,unknown,unknown,newborn erythroid cells,False,False,unknown
b171c536,24,RNA-seq,545050,adult erythroid cells,unknown,unknown,adult erythroid cells,False,False,unknown
ae834658,24,Ribo-seq,531262,pre-leukemic stem cell,unknown,unknown,hematopoietic system,False,False,pre-leukemic stem cell
22fe3049,24,Ribo-seq,497718,rd cell,unknown,unknown,muscle tissue,False,False,rd cell
f0206ae4,24,"RNA-seq,Ribo-seq",477865,unknown,rnai against unc-54 (bja40),unknown,unknown,True,False,pd 1074
7be0dc4f,24,RNA-seq,471907,unknown,unknown,unknown,fat body,False,False,liverpool
c505dd8b,24,RNA-seq,377088,unknown,unknown,unknown,mouse duodenum,False,False,c57bl/6
06c5c2d8,24,"RNA-seq,Ribo-seq",259844,raw 264,unknown,unknown,raw264,True,False,raw 264
cc124af1,24,RNA-seq,208993,unknown,unknown,unknown,population-whole animal,False,False,pb2801
3fcad16d,24,RNA-seq,208993,unknown,unknown,unknown,population-whole animal,False,False,pb4641
8573d190,24,RNA-seq,208993,unknown,unknown,unknown,population-whole animal,False,False,af16
c5cc8864,24,RNA-seq,208993,unknown,unknown,unknown,population-whole animal,False,False,n2
ac21ea1d,22,"RNA-seq,Ribo-seq","1243989,1244127",h98,none,unknown,h98,True,True,h98
1ab9e49e,22,RNA-seq,1194520,bacteria,unknown,unknown,bacteria,False,False,unknown
f61fd451,22,"RNA-seq,Ribo-seq",1033620,unknown,nitrogen-depletion f/2 medium,unknown,exponentially grown cells,True,False,unknown
2dd1a9da,22,"RNA-seq,Ribo-seq",1033620,unknown,normal,unknown,exponentially grown cells,True,False,unknown
7c525e43,22,RNA-seq,"1002346,906951",hap1,5 um 4su and 6 kj/m2 uva,unknown,hap1,False,True,hap1
52988fec,22,RNA-seq,986928,unknown,none,unknown,liver,False,False,wt
f9058297,22,RNA-seq,852784,mv4_11,48 hour treatment with 0.1% dmso,unknown,mv4_11,False,False,mv4_11
1bea85a6,22,RNA-seq,777454,unknown,unknown,unknown,unc-54(srf1004) c. elegans,False,False,wja1004
0fb96c5b,22,RNA-seq,777454,unknown,unknown,unknown,unc-54(srf1004); znf-598(srf2119) c. elegans,False,False,wja1009
44958a39,22,RNA-seq,756018,vsmc,untreated,unknown,untreated normal human vascular smooth muscle cells,False,False,unknown
13337427,22,RNA-seq,747022,unknown,untreated,unknown,intestinal organoid,False,False,c57bl/6
538d8c53,22,"RNA-seq,Ribo-seq",477865,unknown,rnai against unc-15 (bja77),unknown,unknown,True,False,pd 1074
ffab9ea9,22,RNA-seq,416661,es cell derived neurons,unknown,unknown,neurons,False,False,e14tg2a.4
2861cdb3,20,Ribo-seq,1282489,unknown,dmso,30 minutes,preimplantation embryo,False,False,c57/bl6
e7fd10f7,20,RNA-seq,"1263619,1263618",3t3-l1,adipogenic differentiation,day 7,3t3-l1,False,True,3t3-l1
03e3c9c6,20,RNA-seq,"1263619,1263618",3t3-l1,adipogenic differentiation,day 3,3t3-l1,False,True,3t3-l1
ca7228cc,20,RNA-seq,1166187,hct116,cycloheximide for 3 mins (100 ug/ml),unknown,colon,False,False,hct116
f0357724,20,RNA-seq,1140141,mll-af9 aml,bcaa vehicle,unknown,bone marrow,False,False,mll-af9 aml
f58a929c,20,RNA-seq,1140141,mll-af9 aml,aa vehicle,unknown,bone marrow,False,False,mll-af9 aml
0ec90546,20,RNA-seq,1104180,embryonic cell,dsrna,unknown,whole embryo,False,False,wild type
00dc68ba,20,RNA-seq,1104180,embryonic cell,uninjected,unknown,whole embryo,False,False,wild type
2d81ff38,20,RNA-seq,"1049449,1049447",tc-1 cell,unknown,unknown,tc-1 cell,False,True,tc-1 cell
fb8f923a,20,"RNA-seq,Ribo-seq",990710,plc/prf/5,normal culture condition,unknown,human liver,True,False,plc/prf/5
d895bcf6,20,RNA-seq,977673,unknown,sham,unknown,heart ventricular tissue,False,False,sham
bbad62c5,20,RNA-seq,798426,embryonic stem cells (escs),eif4a3 kd,unknown,mesc j1,False,False,mesc j1
754cfbf2,20,RNA-seq,716630,unknown,rnase-t1 & rnase-a digestion,unknown,neocortex,False,False,unknown
85b5cf39,20,"RNA-seq,Ribo-seq",667051,unknown,cycloheximide,72hpi,primary human bronchial epithelial cells,True,False,unknown
e309c656,20,RNA-seq,"647327,649426",unknown,15 minutes control,unknown,whole seedling,False,True,unknown
fd137fef,20,RNA-seq,"647327,649426",unknown,4 hours control,unknown,whole seedling,False,True,unknown
62da303c,20,RNA-seq,"647327,649426",unknown,30 minutes control,unknown,whole seedling,False,True,unknown
2b33fa72,20,RNA-seq,"647327,649426",unknown,24 hours control,unknown,whole seedling,False,True,unknown
145f1511,20,"RNA-seq,Ribo-seq",634994,neuron,control,unknown,hippocampus,True,False,cd (sprague dawley) igs rat
01f5edb1,20,RNA-seq,634994,unknown,unknown,unknown,hippocampus,False,False,camk2cre::ribotag
3d59ab44,20,RNA-seq,549205,unknown,unknown,unknown,left ventricle,False,False,shr
4afcc0e4,20,RNA-seq,549205,unknown,unknown,unknown,left ventricle,False,False,bn/lx
05cc40fa,20,RNA-seq,530508,293t,unknown,unknown,human embryonic kidney 293,False,False,293t
24f13608,20,RNA-seq,473808,bmdc,unknown,unknown,bmdcs,False,False,ythdf1-/-
6ac90ccf,20,RNA-seq,473808,bmdc,unknown,unknown,bmdcs,False,False,wt
3ed1c95b,20,Ribo-seq,471667,e. derm (nbl-6),unknown,unknown,skin,False,False,quarterhorse
fc9bb892,20,"RNA-seq,Ribo-seq","400150,400151",unknown,unknown,unknown,unknown,True,True,hfq deletion strain
b73ae466,20,RNA-seq,398285,unknown,unknown,unknown,mouse liver,False,False,c57bl/6
f2e3ae07,20,RNA-seq,396456,hek293t,none,unknown,hek293t_rt,False,False,hek293t
773ffd2a,20,RNA-seq,"321304,321201",unknown,unknown,unknown,arabidopsis shoot,False,True,unknown
ad24a598,20,RNA-seq,"321304,321201",unknown,unknown,unknown,arabidopsis root,False,True,unknown
0a270626,20,"RNA-seq,Ribo-seq",295955,s2,transfected with 100nm tsrna-asp29,unknown,na,True,False,oregon r
f24997fa,20,"RNA-seq,Ribo-seq",295955,s2,transfected with 100nm tsrna-asp20,unknown,na,True,False,oregon r
3d5f98eb,18,RNA-seq,"1263619,1263618",3t3-l1,adipogenic differentiation,day 0,3t3-l1,False,True,3t3-l1
bc299a5e,18,"RNA-seq,Ribo-seq",1246569,b-cells,unknown,unknown,b-cells,True,False,rps15-s138f
c42d433d,18,RNA-seq,1219079,unknown,unknown,unknown,ovary,False,False,unknown
00462aae,18,RNA-seq,1124923,unknown,unknown,unknown,yak,False,False,unknown
77c5b892,18,"RNA-seq,Ribo-seq","529885,831863,1109711",k562,unknown,unknown,k562,True,True,k562
1363f729,18,"RNA-seq,Ribo-seq",1074219,unknown,unknown,unknown,gorilla gorilla,True,False,unknown
97aa7f2d,18,RNA-seq,971919,unknown,"flies maintained at 25oc, eye discs with mouth hooks were dissected from late l3 larvae.",unknown,eye discs,False,False,"ey-gal4, uas-nocte-rnai"
00c6a575,18,RNA-seq,971919,unknown,"flies maintained at 25oc, eye discs with mouth hooks were dissected from late l3 larvae.",unknown,eye discs,False,False,ey-gal4/+
9e62dc05,18,RNA-seq,860962,unknown,untreated,unknown,nctc11168,False,False,wild-type
c3e33252,18,RNA-seq,858047,thp-1,vehicle,3 hours,thp-1,False,False,thp-1
8941cf87,18,RNA-seq,858047,thp-1,lps,3 hours,thp-1,False,False,thp-1
3f4a3b40,18,RNA-seq,858047,thp-1,lps+dex,3 hours,thp-1,False,False,thp-1
37d46ef4,18,RNA-seq,794846,hesc h9 (wa-09),uv crosslinking,unknown,embryonic stem cells,False,False,unknown
82d37a98,18,RNA-seq,789243,unknown,unknown,unknown,testes,False,False,c57bl/6j
af532fe4,18,RNA-seq,768456,unknown,unknown,unknown,yeast cell,False,False,pub1delta
22bea20b,18,RNA-seq,756023,untreated human coronary artery endothelial cells,untreated,unknown,untreated human coronary artery endothelial cells,False,False,unknown
3b309dc2,18,RNA-seq,748710,cord blood cd34+ derived erythroid cells,none,unknown,cd34+ cell,False,False,unknown
8913ea34,18,"RNA-seq,Ribo-seq",725264,4t1,transfected with 5-cys-lna1,unknown,4t1,True,False,4t1
aa6d2f71,18,"RNA-seq,Ribo-seq",725264,4t1,transfected with scr-lna,unknown,4t1,True,False,4t1
1ecc9349,18,RNA-seq,699598,sh-sy5y,retinoic acid (final conc. 30μm),unknown,human neuroblastoma,False,False,unknown
4ce6a92d,18,RNA-seq,699598,sh-sy5y,control (dmso),unknown,human neuroblastoma,False,False,unknown
d4a17e30,18,RNA-seq,"647327,649426",unknown,12 hours control,unknown,whole seedling,False,True,unknown
9e8e5327,18,RNA-seq,"647327,649426",unknown,1 hour control,unknown,whole seedling,False,True,unknown
4562f2b0,18,RNA-seq,"648998,649002",raw264.7,"4su, 30 min",unknown,raw264.7,False,True,raw264.7
e28f5100,18,Ribo-seq,430558,rat2,unknown,unknown,unknown,False,False,rat2
941414e1,18,RNA-seq,417116,mouse lymphoid ba/f3 cells,unknown,unknown,isogenic ba/f3_wt form of human rpl10_riboseq,False,False,unknown
f97b9596,18,RNA-seq,417116,mouse lymphoid ba/f3 cells,unknown,unknown,isogenic ba/f3_r98s mutant form of human rpl10_riboseq,False,False,unknown
6784f745,18,RNA-seq,398285,unknown,unknown,unknown,mouse liver,False,False,fto overexpression
a69e7ea9,18,RNA-seq,321057,immortalized primary cells,6h doxycycline/1h lps,unknown,macrophages,False,False,unknown
b343800c,18,Ribo-seq,263261,"splenic b cells negative selection using a cocktail of biotin-conjugated antibodies against cd43, cd4 , and ter-119 (mylteni 130-090-862)",unknown,unknown,splenic b cells,False,False,hurflox/flox x mb1cre
3b7cf5cf,18,Ribo-seq,263261,"splenic b cells negative selection using a cocktail of biotin-conjugated antibodies against cd43, cd4 , and ter-119 (mylteni 130-090-862)",unknown,unknown,splenic b cells,False,False,hurflox/flox x mb1wt
7cd49ad9,16,Ribo-seq,1297545,soil,unknown,unknown,thale cress,False,False,growth chamber
742eb056,16,RNA-seq,1273852,haploid,unknown,unknown,haploid,False,False,by4741
70866238,16,RNA-seq,1270796,unknown,unknown,unknown,whole plant,False,False,unknown
4da6d324,16,RNA-seq,1202056,sh-sy5y,unknown,unknown,sh-sy5y,False,False,sh-sy5y
dabeeb00,16,"RNA-seq,Ribo-seq",1176138,unknown,unknown,unknown,whole body,True,False,wild-type/tmc5
342fb508,16,"RNA-seq,Ribo-seq",1176138,unknown,unknown,unknown,whole body,True,False,wild-type/tmc20
193889d9,16,"RNA-seq,Ribo-seq",1176138,unknown,unknown,unknown,whole body,True,False,wild-type/mc6
cb512bf6,16,RNA-seq,"1166187,1002994",hct116,unknown,unknown,colon,False,True,hct116
fb966ad7,16,Ribo-seq,1165488,unknown,unknown,unknown,unsynchronized culture,False,False,21gr
45aff624,16,RNA-seq,1151690,mda-mb-231,unknown,unknown,breast,False,False,mda-mb-231
1b350c6a,16,RNA-seq,1140141,mll-af9 aml,aa 5+3,unknown,bone marrow,False,False,mll-af9 aml
853b3287,16,"RNA-seq,Ribo-seq",1136550,h1299,"treated with chx for 5min,normal culture",unknown,lung,True,False,h1299
38c2e2db,16,"RNA-seq,Ribo-seq",1136550,a549,"treated with chx for 5min,normal culture",unknown,lung,True,False,a549
a1b13ff4,16,RNA-seq,1116206,g401,unknown,unknown,g401,False,False,g401
2c133da8,16,"RNA-seq,Ribo-seq","1083196,1083195",saccharomyces cerevisiae,tunicamycin,4 hours,saccharomyces cerevisiae,True,True,w303
9b8bca14,16,"RNA-seq,Ribo-seq","1083196,1083195",saccharomyces cerevisiae,tunicamycin,0 hours,saccharomyces cerevisiae,True,True,w303
6974efb8,16,RNA-seq,1051495,unknown,tamoxifen (80mg/kg),3 days post-induction,small intestine epithelial extractions,False,False,villin-creer-t2 apc fl/fl kras g12d/+ npm1 fl/fl
825e7fbf,16,RNA-seq,1051495,unknown,tamoxifen (80mg/kg),3 days post-induction,small intestine epithelial extractions,False,False,villin-creer-t2 apc fl/fl kras g12d/+
7da65037,16,RNA-seq,1046463,peripheral blood monocyte,mcsf (100ng/ml),24 hours,peripheral blood monocyte,False,False,wt
cee0febd,16,RNA-seq,1046463,peripheral blood monocyte,gmcsf (100ng/ml),24 hours,peripheral blood monocyte,False,False,wt
bb358faa,16,RNA-seq,1046463,peripheral blood monocyte,hcmv (tb40e),24 hours,peripheral blood monocyte,False,False,wt
9b9f3ae2,16,RNA-seq,1046463,peripheral blood monocyte,mock,24 hours,peripheral blood monocyte,False,False,wt
6208ca39,16,"RNA-seq,Ribo-seq","1045657,1045659",mouse embryonic stem cells,lif,unknown,mouse embryonic stem cells,True,True,eif2{alpha}a/a (ki)
6473ea14,16,"RNA-seq,Ribo-seq","1045657,1045659",mouse embryonic stem cells,lif/2i,unknown,mouse embryonic stem cells,True,True,eif2{alpha}a/a (ki)
b2d5209e,16,"RNA-seq,Ribo-seq","1045657,1045659",mouse embryonic stem cells,lif,unknown,mouse embryonic stem cells,True,True,eif2{alpha}+/+ (wt)
d097494c,16,"RNA-seq,Ribo-seq","1045657,1045659",mouse embryonic stem cells,lif/2i,unknown,mouse embryonic stem cells,True,True,eif2{alpha}+/+ (wt)
b2b224a3,16,Ribo-seq,1032588,unknown,r42l,unknown,yeast cells,False,False,unknown
d2ab7760,16,Ribo-seq,1032588,unknown,ecfmt,unknown,yeast cells,False,False,unknown
7ad557bf,16,RNA-seq,1028618,ovcar3,unknown,unknown,ovcar3 cells,False,False,ovcar3
e9d2341c,16,RNA-seq,1008576,unknown,mettl1-ko,unknown,body,False,False,unknown
e6e1fc8a,16,RNA-seq,1008576,unknown,mettl1-ko,unknown,testis,False,False,unknown
287300bb,16,RNA-seq,1008576,unknown,ct,unknown,testis,False,False,unknown
e4e2598a,16,RNA-seq,982760,hek293,flash freezin in liquid nitrogen,unknown,hek293,False,False,hek293
e2fdb2c6,16,RNA-seq,982760,hek293,no,unknown,hek293,False,False,hek293
1bf20cb1,16,RNA-seq,944112,human rpe-1,serum stimulation for 15hr,unknown,human rpe-1,False,False,human rpe-1
c638f496,16,RNA-seq,944112,human rpe-1,serum stimulation for 10hr,unknown,human rpe-1,False,False,human rpe-1
b189bbf7,16,RNA-seq,944112,human rpe-1,serum stimulation for 5hr,unknown,human rpe-1,False,False,human rpe-1
3aaa48d0,16,RNA-seq,944112,human rpe-1,serum stimulation for 0 hr,unknown,human rpe-1,False,False,human rpe-1
27184e3e,16,RNA-seq,933811,k562,no,unknown,not collected,False,False,k562
c421e363,16,Ribo-seq,891450,unknown,air or 10 μl/l of ethylene for 8 h,unknown,total,False,False,nipponbare
934a72cb,16,Ribo-seq,873584,unknown,unknown,unknown,thyroid,False,False,unknown
5c9797bc,16,RNA-seq,"839351,839354",unknown,chx,unknown,by4741,False,True,by4741
7321bcb0,16,RNA-seq,822292,unknown,unknown,unknown,32-endosperm(15dap),False,False,b73
8ada0c52,16,RNA-seq,822292,unknown,unknown,unknown,31-embryo(20dap),False,False,b73
3935b7b4,16,RNA-seq,822292,unknown,unknown,unknown,29-kernel(6dap),False,False,b73
5c1b602a,16,RNA-seq,822292,unknown,unknown,unknown,27-1cmtassel,False,False,b73
bae50717,16,RNA-seq,822292,unknown,unknown,unknown,25-inflorescence,False,False,b73
b8ca26e6,16,RNA-seq,822292,unknown,unknown,unknown,22-5mmear,False,False,b73
a098a452,16,RNA-seq,822292,unknown,unknown,unknown,02-primary root(v1),False,False,b73
858940bc,16,RNA-seq,822292,unknown,unknown,unknown,09-third leaf(v3),False,False,b73
c302fb3d,16,RNA-seq,822292,unknown,unknown,unknown,08-first leaf-n(v3),False,False,b73
2337c5e6,16,RNA-seq,822292,unknown,unknown,unknown,04-seedling(6das),False,False,b73
634e77d5,16,RNA-seq,822292,unknown,unknown,unknown,16-sam(v1),False,False,b73
1d98829b,16,RNA-seq,817264,beas-2b,unknown,unknown,beas-2b cells,False,False,beas-2b
559079ce,16,RNA-seq,"812862,813625",unknown,unknown,unknown,brown adipose tissue,False,True,unknown
1f0af004,16,"RNA-seq,Ribo-seq",782500,unknown,unknown,unknown,whole cells,True,False,wild-type (mep strain ucc8773)
2e6f34c0,16,Ribo-seq,778050,cho-k1,harringtoninine,unknown,unknown,False,False,unknown
2a4e9ace,16,RNA-seq,778050,cho-k1,na,unknown,unknown,False,False,unknown
15d5473b,16,Ribo-seq,778050,cho-k1,cycloheximide,unknown,unknown,False,False,unknown
8ad9eb1d,16,Ribo-seq,778050,cho-k1,no drug,unknown,unknown,False,False,unknown
74db1e28,16,RNA-seq,774057,nasopharyngeal carcinoma 5-8f cells,unknown,unknown,nasopharyngeal carcinoma 5-8f cells,False,False,mettl5 knockout
fec61de9,16,RNA-seq,769126,unknown,unknown,unknown,yeast cell,False,False,stm1-delta
fb3b86d1,16,RNA-seq,769126,unknown,unknown,unknown,yeast cell,False,False,eif2a-delta
e3ee3148,16,RNA-seq,769126,unknown,unknown,unknown,yeast cell,False,False,tma46-delta
6726ddec,16,RNA-seq,768456,unknown,unknown,unknown,yeast cell,False,False,gir2delta
f23c44b7,16,RNA-seq,"756023,756018",fibroblast,tgf-b stimulated and anti-il11 antibody treatment,unknown,tgf-beta + anti-il-11 antibody treated normal human fibroblast,False,True,unknown
9ea70263,16,RNA-seq,"756023,756018",fibroblast,tgf-b stimulated and anti-igg antibody treatment,unknown,tgf-beta + anti-ig-g antibody treated normal human fibroblast,False,True,unknown
e3a154ac,16,RNA-seq,"756023,756018",fibroblast,tgf-b stimulated,unknown,tgf-beta treated normal human fibroblast,False,True,unknown
c5644b78,16,RNA-seq,"756023,756018",unknown,untreated,unknown,untreated normal human fat tissue,False,True,unknown
829b9a6e,16,Ribo-seq,753469,human sh-sy5y,unknown,unknown,na,False,False,human sh-sy5y
e2d7eb64,16,"RNA-seq,Ribo-seq",751389,ipsc-ec,unknown,unknown,ipsc-ecs,True,False,unknown
470e0ecb,16,RNA-seq,748710,k562 cell line,none,unknown,k562 cell line,False,False,unknown
d49d86e3,16,RNA-seq,744888,embryonic stem (es) cells,chx-treated,unknown,embryonic stem (es) cells,False,False,hybrid 129-c57bl/6
96390fa5,16,RNA-seq,744888,embryonic stem (es) cells,untreated,unknown,embryonic stem (es) cells,False,False,hybrid 129-c57bl/6
c1f06aee,16,"RNA-seq,Ribo-seq",704712,unknown,unknown,unknown,inflorescence,True,False,unknown
d5d8e92a,16,RNA-seq,701951,unknown,neocarzinostatin (4 h),unknown,hct116,False,False,tp53-/-
646f9e87,16,RNA-seq,701951,unknown,pbs,unknown,hct116,False,False,tp53-/-
cc0ac40f,16,RNA-seq,701951,unknown,neocarzinostatin (4 h),unknown,hct116,False,False,wild type
13fe4088,16,RNA-seq,701951,unknown,pbs,unknown,hct116,False,False,wild type
e2faa32c,16,"RNA-seq,Ribo-seq","701894,701895",human embryonic kidney cells,i14g1-12 (10 microm),unknown,hek293t cells,True,True,unknown
9a807f53,16,"RNA-seq,Ribo-seq","701894,701895",human embryonic kidney cells,i14g1-10 (20 microm),unknown,hek293t cells,True,True,unknown
c250916c,16,"RNA-seq,Ribo-seq","701894,701895",human embryonic kidney cells,dmso,unknown,hek293t cells,True,True,unknown
245ec2d2,16,RNA-seq,668384,unknown,unknown,unknown,bulk yeast cell culture,False,False,unknown
9ec9a136,16,"RNA-seq,Ribo-seq",667051,unknown,cycloheximide,96hpi,primary human bronchial epithelial cells,True,False,unknown
6735d6f7,16,"RNA-seq,Ribo-seq",667051,unknown,cycloheximide,unknown,primary cd4+ t-cells,True,False,unknown
5ad4b325,16,"RNA-seq,Ribo-seq",667051,unknown,cycloheximide,72hpi,vero e6,True,False,unknown
6288f2fa,16,RNA-seq,664109,nih 3t3,unknown,unknown,embryonic fibroblast,False,False,nih 3t3
c85a919d,16,RNA-seq,659038,hek293t,unknown,unknown,embryonic kidney,False,False,hek293t
f432c071,16,RNA-seq,648316,unknown,unknown,unknown,bacterial liquid culture,False,False,hg003 delta-mazef
f62a5fe9,16,RNA-seq,612239,thp1,unknown,unknown,thp-1,False,False,thp1
adbe21d2,16,"RNA-seq,Ribo-seq",611824,unknown,unknown,unknown,unknown,True,False,pc12
5cdeeedb,16,RNA-seq,594022,neurons (div 8) derived from cgr8 es cells,unknown,unknown,cortical glutamatergic neurons differentiated in vitro (div 8) from mes cells,False,False,neurons (div 8) derived from cgr8 es cells
9edddd9d,16,Ribo-seq,546183,unknown,unknown,unknown,unknown,False,False,30 degree of celsius; synthetic complete medium
cf5b0eb9,16,Ribo-seq,546183,unknown,unknown,unknown,unknown,False,False,20 degree of celsius; synthetic complete medium
4e7548d6,16,RNA-seq,515538,hela-s3,unknown,unknown,hela-s3 (human cervix adenocarcinoma),False,False,hela-s3
3e094de8,16,RNA-seq,512837,wi38,heat shock,unknown,wi38 cells,False,False,wi38
a4837134,16,RNA-seq,512837,wi38,control,unknown,wi38 cells,False,False,wi38
452c2af7,16,RNA-seq,512491,hek293t,unknown,unknown,hek293t,False,False,flag-pus10
e8522484,16,RNA-seq,497255,unknown,unknown,unknown,u2os cells,False,False,unknown
985c0265,16,RNA-seq,"484227,412617",unknown,unknown,unknown,ventricle,False,True,wistar
aafe3f45,16,Ribo-seq,478760,unknown,unknown,unknown,unknown,False,False,met25-eef3
92c70325,16,RNA-seq,435567,unknown,unknown,unknown,laboratory,False,False,s288c
49b5c5d0,16,RNA-seq,414611,hela,untreated,unknown,atcc cell lines,False,False,unknown
533ae148,16,RNA-seq,414611,hela,none,unknown,atcc cell lines,False,False,unknown
3486e8a8,16,RNA-seq,378669,unknown,unknown,4 hours,cd4+ t-cells,False,False,c57bl/6j
dfad7fc9,16,RNA-seq,342301,unknown,unknown,unknown,leaf tissue,False,False,unknown
5555e53b,16,RNA-seq,342004,unknown,unknown,unknown,△ynaa10::hnaa10/△ynaa15::hnaa15,False,False,w303
419ce70d,16,RNA-seq,342004,unknown,unknown,unknown,wt,False,False,w303
11ae6ae2,16,RNA-seq,342004,unknown,unknown,unknown,△ynaa10,False,False,w303
fbd671de,16,RNA-seq,326128,unknown,treated with dox to induce knockdown,unknown,hela s3,False,False,unknown
1a501a1f,16,RNA-seq,326128,unknown,untreated,unknown,hela s3,False,False,unknown
db8848b9,16,Ribo-seq,303186,unknown,unknown,unknown,yeast_s288c_ribo-seq,False,False,s288c
cb0228cd,16,"CAGE,RNA-seq",295556,unknown,unknown,unknown,whole cell,True,False,mid-log
1488a07b,15,RNA-seq,"649003,649001,648998,649002",raw264.7,untreated,unknown,raw264.7,False,True,raw264.7
d0445701,14,RNA-seq,896488,hela,"eif3h sirna, 72 hours",unknown,hela,False,False,hela
68a4ef89,14,RNA-seq,896488,hela,"eif3d sirna, 72 hours",unknown,hela,False,False,hela
9928088f,14,RNA-seq,896488,hela,"non-targeting sirna, 72 hours",unknown,hela,False,False,hela
a4dd63a5,14,RNA-seq,896488,hela,"eif3e sirna, 72 hours",unknown,hela,False,False,hela
d6c38ea7,14,"RNA-seq,Ribo-seq",782500,unknown,unknown,unknown,whole cells,True,False,cth2<delta> (ucc8773 derivative)
1a118a43,14,RNA-seq,"756023,756018",hepatocytes,untreated,unknown,untreated normal human hepatocytes,False,True,unknown
9f768795,14,RNA-seq,"756023,756018",unknown,untreated,unknown,untreated normal human brain tissue,False,True,unknown
119fd677,14,RNA-seq,697913,unknown,unknown,unknown,oocyte,False,False,btg4 ko
d5388024,14,Ribo-seq,648380,unknown,none,unknown,nematodes,False,False,n2
952a68ad,14,RNA-seq,599422,hmel,"cycloheximide 5 minutes, 0.1mg/ml",unknown,hmel,False,False,hmel
3d5b445f,14,RNA-seq,599422,b721.221,-,unknown,b721.221,False,False,b721.221
c1a265c1,14,RNA-seq,515538,k562,unknown,unknown,k562 (human chronic myelogenous leukemia),False,False,k562
8e0e9466,14,"RNA-seq,Ribo-seq",477865,unknown,rnai against unc-22 (bja7),unknown,unknown,True,False,pd 2860
990beff6,14,RNA-seq,389599,bmdm,unknown,4 hours,bone marrow derived macrophage,False,False,c57bl/6
6c4493df,14,Ribo-seq,297338,hela s3 cells,unknown,unknown,hela s3_g1_ribo-seq exp1,False,False,unknown
6d58a820,12,Ribo-seq,1286308,primary embryonic fibroblasts,unknown,unknown,unknown,False,False,primary embryonic fibroblasts
ed9be41b,12,"RNA-seq,Ribo-seq",1284240,unknown,unknown,unknown,skin,True,False,wild type
ef6c146b,12,RNA-seq,1250600,mettl5 shrna infection in rpmi-8226 cells,mettl5 shrna infection,unknown,multiple myeloma,False,False,mettl5 shrna infection in rpmi-8226 cells
64b05ea2,12,RNA-seq,1250600,rpmi-8226,no treatment,unknown,multiple myeloma,False,False,rpmi-8226
cdfe2e18,12,"RNA-seq,Ribo-seq",1238387,unknown,unknown,unknown,soil,True,False,kt2440
c2d5c0fc,12,RNA-seq,1207466,unknown,mock,unknown,leaves,False,False,sair1-1
6a4f11ee,12,RNA-seq,1207466,unknown,mock,unknown,leaves,False,False,col-0
d01e9c90,12,RNA-seq,1193670,22rv1,zotatifin,unknown,22rv1,False,False,22rv1
594d2d15,12,RNA-seq,1193670,22rv1,none,unknown,22rv1,False,False,22rv1
7f2452cc,12,RNA-seq,1159806,primary cell,dextran sulfate sodium treated,unknown,colon,False,False,primary cell
cb02d930,12,RNA-seq,1148496,fungal cells,unknown,unknown,fungal cells,False,False,planktonic
0b3352ea,12,RNA-seq,1148496,fungal cells,unknown,unknown,fungal cells,False,False,biofilm
09e16ca8,12,RNA-seq,"1137263,1137264",hct116,mut,unknown,hct116,False,True,hct116
2c88b332,12,RNA-seq,1136820,a549 lung carcinoma cells,unknown,unknown,a549 lung carcinoma cells,False,False,a549 lung carcinoma cells
fad3161d,12,Ribo-seq,1132552,primary cell,unknown,unknown,zhuhai,False,False,primary cell
d36f5df6,12,RNA-seq,1120398,hek293,"30um dyngo (20 min), 1um isoproterenol (2 hr)",unknown,hek293,False,False,hek293
6458a232,12,RNA-seq,1120398,hek293,"30um dyngo (20 min), no drug",unknown,hek293,False,False,hek293
f007410c,12,RNA-seq,1120398,hek293,"dmso, 1um isoproterenol (2 hr)",unknown,hek293,False,False,hek293
607ae661,12,RNA-seq,1120398,hek293,"dmso, no drug",unknown,hek293,False,False,hek293
0d644fdd,12,"RNA-seq,Ribo-seq",1113147,unknown,unknown,unknown,mac-t cells were incubated at 37,True,False,holstein cattle
afe1e17c,12,"RNA-seq,Ribo-seq",1113147,unknown,unknown,unknown,mac-t cells were incubated at 37 and then 40 for 2 hours,True,False,holstein cattle
33fb133f,12,RNA-seq,1103142,unknown,calcium supplement,unknown,the longissimus dorsi muscles,False,False,unknown
d0c17d95,12,RNA-seq,1103142,unknown,normal calcium,unknown,the longissimus dorsi muscles,False,False,unknown
9f2d6978,12,"RNA-seq,Ribo-seq",1095927,unknown,unknown,unknown,heart,True,False,m1cko
5fbc2f2d,12,"RNA-seq,Ribo-seq",1095927,unknown,unknown,unknown,heart,True,False,ctrl
0f8b7444,12,RNA-seq,1083472,unknown,rnai,unknown,"head, trunk, tail",False,False,egfp knockdown
7d7654d5,12,RNA-seq,1083472,unknown,rnai,unknown,"head, trunk, tail",False,False,egfp_2x knockdown
6b7e4c08,12,RNA-seq,1083472,unknown,rnai,unknown,"head, trunk, tail",False,False,fbl-2 knockdown
77bf1028,12,RNA-seq,1083472,unknown,rnai,unknown,"head, trunk, tail",False,False,fbl-1 knockdown
7d2e4ae8,12,RNA-seq,1076517,flp-in t-rex hela,transfected with 18s:a1824c,unknown,flp-in t-rex hela,False,False,flp-in t-rex hela
550fd9c6,12,RNA-seq,1074242,cd8+ t cells,vehicle control,unknown,cd8+ t cells,False,False,c57bl/6
d5a72343,12,RNA-seq,1074242,cd8+ t cells,halofuginone (halo),unknown,cd8+ t cells,False,False,c57bl/6
0165868f,12,"RNA-seq,Ribo-seq",1060294,primary astrocytes,tnfα+ il-1β for 48 hr,unknown,primary astrocytes,True,False,eif2b5-r132h-r132h mutant
45b48e57,12,"RNA-seq,Ribo-seq",1060294,primary astrocytes,tnfα+ il-1β for 24 hr,unknown,primary astrocytes,True,False,eif2b5-r132h-r132h mutant
b2aaca70,12,"RNA-seq,Ribo-seq",1060294,primary astrocytes,untreated,unknown,primary astrocytes,True,False,eif2b5-r132h-r132h mutant
dfbe3fc6,12,RNA-seq,"1057253,1057254",unknown,unknown,unknown,whole animal,False,True,n2
4fa93df8,12,RNA-seq,"1057253,1057254",unknown,unknown,unknown,whole animal,False,True,"alg-1(zen25, v254i)"
4bf0634d,12,RNA-seq,"1057253,1057254",unknown,unknown,unknown,whole animal,False,True,"alg-1(ma443, g199s)"
ac741c87,12,RNA-seq,"1057253,1057254",unknown,unknown,unknown,whole animal,False,True,"alg-1(ma447,f180del)"
57586ace,12,RNA-seq,"1057253,1057254",unknown,unknown,unknown,whole animal,False,True,"alg-1(tm492, 0)"
1bb85316,12,RNA-seq,"1057253,1057254",unknown,unknown,unknown,whole animal,False,True,"alg-1(zen18,h751l)"
a44c8139,12,"RNA-seq,Ribo-seq",1047529,nci-h1975,damp knockout,unknown,nci-h1975,True,False,nci-h1975
f61571e9,12,"RNA-seq,Ribo-seq",1047529,nci-h1975,crispr control,unknown,nci-h1975,True,False,nci-h1975
2cd0ad86,12,"RNA-seq,Ribo-seq",1047529,nci-h1975,scramble,unknown,nci-h1975,True,False,nci-h1975
d59fe067,12,"RNA-seq,Ribo-seq",1044801,hek293t,stm2457 6h,unknown,hek293t,True,False,hek293t
a79d525b,12,"RNA-seq,Ribo-seq",1044801,hek293t,dmso 6h,unknown,hek293t,True,False,hek293t
634d1728,12,Ribo-seq,1027969,unknown,unknown,unknown,seedlings,False,False,col-0
4d2486cd,12,Ribo-seq,1027912,neurons,unknown,unknown,heads,False,False,elav;rpl3-flag;kdm5rnai
a7842a35,12,Ribo-seq,1027912,neurons,unknown,unknown,heads,False,False,elav;rpl3-flag
7b2f89aa,12,RNA-seq,1001994,shsy-5y,unknown,unknown,cell line,False,False,shsy-5y
ec1d6b89,12,RNA-seq,982760,tc1,no,unknown,tc1,False,False,tc1
2a018fba,12,RNA-seq,977673,unknown,si-nat10,unknown,heart ventricular tissue,False,False,si-nat10
cb3a495c,12,RNA-seq,971237,unknown,female,unknown,whole flies,False,False,dc53ey22749
89f4efa6,12,RNA-seq,971237,unknown,female,unknown,whole flies,False,False,white dahomey
e67b17a7,12,RNA-seq,958219,organoid,stem cell enrichment,unknown,intestine,False,False,"gt(rosa)26sortm1.1(cag-cas9,-egfp)fezh"
8a04cb99,12,RNA-seq,958219,organoid,stem cell depletion,unknown,intestine,False,False,villincre.ert2.rpl22.ha
0ef20183,12,RNA-seq,957283,hela cells,unknown,unknown,hela cells,False,False,hela cells
25df4f18,12,RNA-seq,956972,unknown,unknown,unknown,pn5 zygotes,False,False,b6d2f1
e4d158e7,12,Ribo-seq,954953,unknown,unknown,unknown,tumor,False,False,unknown
c7917c44,12,Ribo-seq,954953,unknown,unknown,unknown,normal,False,False,unknown
9a60f2dc,12,RNA-seq,951361,gv,rnase i,unknown,mouse ovary,False,False,gv
0ac304f1,12,RNA-seq,947526,kucg-2 hipsc,maf1 kd crispri,unknown,kucg-2 hipsc,False,False,kucg-2 hipsc
714202c4,12,"RNA-seq,Ribo-seq",946781,imr90,"etoposide 50 um, 10d",unknown,imr90,True,False,imr90
2bacaaac,12,"RNA-seq,Ribo-seq",946781,imr90,ionizing radiation (15 gy) induced senescence,unknown,imr90,True,False,imr90
6fc95302,12,"RNA-seq,Ribo-seq",946781,imr90,contact-inhibited quiescent cells,unknown,imr90,True,False,imr90
327c143e,12,RNA-seq,938481,unknown,"0.6 mm hydrogen peroxide,30 min",unknown,"mata lys2-801 leu2-3,112 ura3-52 his3- δ200 trp1-1[am] ubi1-δ1::trp1 ubi2-δ2::ura3 ubi3-δub-2 ubi4-δ2::leu2 [pub39 ub, lys2][pub100 ubi1 tail, his3]",False,False,"mata lys2-801 leu2-3,112 ura3-52 his3- {delta}200 trp1-1[am] ubi1-{delta}1::trp1 ubi2-{delta}2::ura3 ubi3-{delta}ub-2 ubi4-{delta}2::leu2 [pub39 ub, lys2][pub100 ubi1 tail, his3]"
91adc1a1,12,RNA-seq,938481,unknown,untreated,unknown,"mata lys2-801 leu2-3,112 ura3-52 his3- δ200 trp1-1[am] ubi1-δ1::trp1 ubi2-δ2::ura3 ubi3-δub-2 ubi4-δ2::leu2 [pub39 ub, lys2][pub100 ubi1 tail, his3]",False,False,"mata lys2-801 leu2-3,112 ura3-52 his3- {delta}200 trp1-1[am] ubi1-{delta}1::trp1 ubi2-{delta}2::ura3 ubi3-{delta}ub-2 ubi4-{delta}2::leu2 [pub39 ub, lys2][pub100 ubi1 tail, his3]"
f17c71be,12,RNA-seq,926087,unknown,unknown,unknown,rrna_depleted_total_rna,False,False,unknown
81200038,12,"RNA-seq,Ribo-seq",894460,primary astrocytes,tnfalpha+ il-1beta,48 hours,primary astrocytes,True,False,c57bl
f4c406c0,12,"RNA-seq,Ribo-seq",894460,primary astrocytes,tnfalpha+ il-1beta,24 hours,primary astrocytes,True,False,c57bl
6125aee5,12,"RNA-seq,Ribo-seq",894460,primary astrocytes,untreated,unknown,primary astrocytes,True,False,c57bl
cef9b4e6,12,RNA-seq,882418,unknown,nac,unknown,liver,False,False,c57bl/6j
412eccee,12,RNA-seq,882418,unknown,none,unknown,liver,False,False,c57bl/6j
a0092a1e,12,"RNA-seq,Ribo-seq",865860,late-stage oocytes,unknown,unknown,ovary,True,False,wt
abc14706,12,RNA-seq,860962,unknown,apidaecin 137 50 µm,unknown,nctc11168,False,False,wild-type
1a1f6d85,12,RNA-seq,860962,unknown,untreated,unknown,nctc11168,False,False,delta-cmeb
a3f784d7,12,"RNA-seq,Ribo-seq",858256,archaea,no treatment,unknown,archaea,True,False,h119
8eaffbdf,12,RNA-seq,852784,mv4_11,48 hour treatment with 2 um c6,unknown,mv4_11,False,False,mv4_11
46951ade,12,RNA-seq,848829,u266,sibcma transfection,unknown,plasma cell,False,False,u266
83ff4592,12,RNA-seq,848829,u266,siscramble transfection,unknown,plasma cell,False,False,u266
b3844de6,12,RNA-seq,842067,unknown,unknown,unknown,embryo,False,False,wild-type
4bdd084f,12,RNA-seq,"839351,839354",unknown,none,unknown,by4741,False,True,by4741
3251d51c,12,RNA-seq,837608,hek293t,transfected - sm-opt fluc-gfp,unknown,hek293t,False,False,hek293t
2e2daab4,12,RNA-seq,837608,hek293t,transfected - sm-nonopt fluc-gfp,unknown,hek293t,False,False,hek293t
8e80de99,12,RNA-seq,822292,unknown,unknown,unknown,19-stem(v6),False,False,b73
b57e778c,12,RNA-seq,822292,unknown,unknown,unknown,23-1cmear,False,False,b73
30b7c36b,12,RNA-seq,822292,unknown,unknown,unknown,12-tip of stage 2 leaf-l(v5),False,False,b73
2d542515,12,RNA-seq,822292,unknown,unknown,unknown,11-tip of stage 2 leaf-n(v5),False,False,b73
2293a340,12,RNA-seq,822292,unknown,unknown,unknown,06-topmost leaf-n(v3),False,False,b73
15d96215,12,RNA-seq,822292,unknown,unknown,unknown,21-2mmear,False,False,b73
2314aaa4,12,RNA-seq,822292,unknown,unknown,unknown,20-internode(v6),False,False,b73
1e08dd1b,12,RNA-seq,822292,unknown,unknown,unknown,15-ear-leaf,False,False,b73
990b8bb4,12,RNA-seq,822292,unknown,unknown,unknown,14-base of stage 2 leaf-l(v5),False,False,b73
d17a450f,12,RNA-seq,822292,unknown,unknown,unknown,13-base of stage 2 leaf-n(v5),False,False,b73
c39d1a79,12,RNA-seq,"812862,813625",unknown,unknown,unknown,white adipose tissue,False,True,unknown
9e60869e,12,RNA-seq,"812862,813625",unknown,unknown,unknown,beige adipose tissue,False,True,unknown
089374fb,12,RNA-seq,794163,hepg2,unknown,unknown,hepatocellular carcinoma,False,False,unknown
00aec05b,12,"RNA-seq,Ribo-seq",794153,unknown,unknown,6 hours,whole cells,True,False,cth1deltacth2delta mutant
bb47ee11,12,"RNA-seq,Ribo-seq",794153,unknown,unknown,3 hours,whole cells,True,False,cth1deltacth2delta mutant
3fba2747,12,"RNA-seq,Ribo-seq",794153,unknown,unknown,0 hours,whole cells,True,False,cth1deltacth2delta mutant
63a32e8a,12,"RNA-seq,Ribo-seq",794153,unknown,unknown,6 hours,whole cells,True,False,wild-type (w303a)
b96f0751,12,"RNA-seq,Ribo-seq",794153,unknown,unknown,3 hours,whole cells,True,False,wild-type (w303a)
13afa52f,12,"RNA-seq,Ribo-seq",794153,unknown,unknown,0 hours,whole cells,True,False,wild-type (w303a)
61781969,12,Ribo-seq,787943,suspension cell line,unknown,unknown,em-myc lymphoma cells,False,False,suspension cell line
e4c360eb,12,RNA-seq,784790,unknown,unknown,unknown,adult heart,False,False,rpl3l-/-
5f34c5fc,12,RNA-seq,784790,unknown,unknown,unknown,adult heart,False,False,wt
52d31fc9,12,RNA-seq,779283,mouse embryonic fibroblasts,wts+,unknown,mouse embryonic fibroblasts,False,False,c57bl/6
aa13cc94,12,RNA-seq,779283,mouse embryonic fibroblasts,wts-,unknown,mouse embryonic fibroblasts,False,False,c57bl/6
c741f304,12,RNA-seq,774057,nasopharyngeal carcinoma 5-8f cells,unknown,unknown,nasopharyngeal carcinoma 5-8f cells,False,False,wild type
b88f00e4,12,Ribo-seq,763442,hek293t,unknown,unknown,kidney,False,False,hek293t
6987bdb6,12,RNA-seq,760480,pherd20t:pled*,unknown,unknown,rna-seq of planktonic culture of pseudomonas aeruginosa pa01 treated with 0.2% arabinose from 45 min after inoculation (od of 0.05) to od 0.5-0.7,False,False,pherd20t:pled*
19a9d6c2,12,RNA-seq,760480,pherd20t,unknown,unknown,rna-seq of planktonic culture of pseudomonas aeruginosa pa01 treated with 0.2% arabinose from 45 min after inoculation (od of 0.05) to od 0.5-0.7,False,False,pherd20t
afa73da9,12,RNA-seq,756018,ha_ec,untreated,unknown,untreated human aortic endothelial cells,False,False,unknown
7d9bbab5,12,RNA-seq,756018,es,untreated,unknown,untreated human embryonic stem cells,False,False,unknown
d4677ca0,12,RNA-seq,753526,unknown,unknown,unknown,s. pombe cells,False,False,delta4dus
f57f9163,12,RNA-seq,753526,unknown,unknown,unknown,s. pombe cells,False,False,wild-type
c2778ec8,12,RNA-seq,747022,unknown,untreated,unknown,small intestine,False,False,c57bl/6
3cb63c9d,12,RNA-seq,747022,unknown,stem cell enrichment,unknown,intestinal organoid,False,False,c57bl/6
35034750,12,RNA-seq,734953,unknown,unknown,unknown,pymt tumor,False,False,c57bl/6j
62f9ee50,12,RNA-seq,734953,breast cancer cell line,unknown,unknown,hcc1806,False,False,breast cancer cell line
4d0ce221,12,RNA-seq,734953,breast cancer cell line,unknown,unknown,mcf10a,False,False,breast cancer cell line
92c1ca72,12,RNA-seq,"648998,720892",mescs,"4su, 120 min",unknown,mescs,False,True,unknown
65332d74,12,RNA-seq,"648998,720892",mescs,"4su, 90 min",unknown,mescs,False,True,unknown
af9ca712,12,RNA-seq,"648998,720892",mescs,"4su, 60 min",unknown,mescs,False,True,unknown
1ffc5525,12,RNA-seq,706468,unknown,unknown,unknown,dermatoma cell,False,False,melanoma
f021ed38,12,"RNA-seq,Ribo-seq",704316,neuro-2a,torin1 2hrs,unknown,neuro-2a_eif4e3 ko_torin1 2hrs,True,False,neuro-2a
c561b87a,12,"RNA-seq,Ribo-seq",704316,neuro-2a,dmso 2hrs,unknown,neuro-2a_eif4e3 ko_dmso 2hrs,True,False,neuro-2a
990e6aac,12,"RNA-seq,Ribo-seq",704316,neuro-2a,torin1 2hrs,unknown,neuro-2a_wt_torin1 2hrs,True,False,neuro-2a
e62bd710,12,"RNA-seq,Ribo-seq",704316,neuro-2a,dmso 2hrs,unknown,neuro-2a_wt_dmso 2hrs,True,False,neuro-2a
7b082299,12,RNA-seq,697913,unknown,unknown,unknown,oocyte,False,False,btg4 het
866dd28a,12,"RNA-seq,Ribo-seq",677972,unknown,unknown,unknown,brain cortex,True,False,c57bl/6n and b6; sjl
9bf707f8,12,"RNA-seq,Ribo-seq",677972,unknown,unknown,unknown,brain cortex,True,False,tg2576 - appsw
5c08cbde,12,"RNA-seq,Ribo-seq",677972,unknown,unknown,unknown,brain cortex,True,False,c57bl/6j
7778e243,12,"RNA-seq,Ribo-seq",677972,unknown,unknown,unknown,brain cortex,True,False,cvn - appswdi/nos2-/-
31ed5333,12,RNA-seq,677870,mettl1 knockdown,unknown,unknown,intrahepatic cholangiocarcinoma cell line,False,False,unknown
c6cbb129,12,RNA-seq,677870,wild type,unknown,unknown,intrahepatic cholangiocarcinoma cell line,False,False,unknown
76e5ef6e,12,Ribo-seq,668327,t-cell,untreated,0 hours,sleen and lymph nodes,False,False,c57bl/6j
20776777,12,"RNA-seq,Ribo-seq",667051,unknown,cycloheximide,6hpi,vero e6,True,False,unknown
00fcf032,12,"RNA-seq,Ribo-seq",667051,unknown,cycloheximide,2hpi,vero e6,True,False,unknown
0e691dc5,12,"RNA-seq,Ribo-seq",667051,unknown,cycloheximide,unknown,vero e6,True,False,unknown
b5828789,12,"RNA-seq,Ribo-seq",667051,unknown,cycloheximide,4hpi,primary human bronchial epithelial cells,True,False,unknown
f8feb63b,12,"RNA-seq,Ribo-seq",667051,unknown,cycloheximide,96 hours,primary human bronchial epithelial cells,True,False,unknown
b5223786,12,"RNA-seq,Ribo-seq",667051,unknown,cycloheximide,4 hours,primary human bronchial epithelial cells,True,False,unknown
48904b88,12,"RNA-seq,Ribo-seq",667051,unknown,cycloheximide,12hpi,vero e6,True,False,unknown
25ff7025,12,RNA-seq,649776,unknown,mock,unknown,huh7 cells,False,False,unknown
623630aa,12,RNA-seq,649449,unknown,na,unknown,testis,False,False,whiteleghorn
cc7bcfac,12,RNA-seq,649426,unknown,4 hours auxin treatment,unknown,whole seedling,False,False,unknown
e238c7c1,12,RNA-seq,649426,unknown,30 minutes auxin treatment,unknown,whole seedling,False,False,unknown
a59c021d,12,RNA-seq,649426,unknown,24 hours auxin treatment,unknown,whole seedling,False,False,unknown
4e160ba1,12,RNA-seq,649426,unknown,1 hour auxin treatment,unknown,whole seedling,False,False,unknown
8389564b,12,RNA-seq,649426,unknown,15 minutes auxin treatment,unknown,whole seedling,False,False,unknown
94daddbc,12,RNA-seq,649426,unknown,12 hours auxin treatment,unknown,whole seedling,False,False,unknown
fb080c30,12,RNA-seq,646470,unknown,unknown,unknown,fungal cells,False,False,yepd + serum at 37°c
ce53c12c,12,RNA-seq,646470,unknown,unknown,unknown,fungal cells,False,False,yepd at 30°c
9f7e1082,12,"RNA-seq,Ribo-seq",634994,neuron,control,unknown,ca1 somata,True,False,cd (sprague dawley) igs rat
81abf5a6,12,"RNA-seq,Ribo-seq",634994,unknown,unknown,unknown,ca1 neuropil,True,False,cd (sprague dawley) igs rat
252dc697,12,RNA-seq,604580,h1 es cells,unknown,unknown,linc00261 ko hescs were differentiated to the pp2 stage,False,False,h1 es cells
be509f45,12,RNA-seq,564290,unknown,unknown,unknown,by4741,False,False,by4741
2e92a91d,12,"RNA-seq,Ribo-seq",561206,unknown,unknown,unknown,liver,True,False,control
10f0403d,12,"RNA-seq,Ribo-seq",543399,unknown,swim 2w,unknown,left ventricle,True,False,c57bl/6
7a8e3730,12,"RNA-seq,Ribo-seq",543399,unknown,swim 2d,unknown,left ventricle,True,False,c57bl/6
9eef8340,12,RNA-seq,541924,mesc,unknown,unknown,mesc_rpf_trim71ko_batch2_rep2,False,False,(129xc57bl/6)
330a3ddc,12,RNA-seq,541924,mesc,unknown,unknown,mesc_rpf_wt_batch2_rep2,False,False,(129xc57bl/6)
3ea02158,12,RNA-seq,541924,mesc,unknown,unknown,mesc_rpf_trim71ko_batch2_rep1,False,False,(129xc57bl/6)
e02f78ed,12,RNA-seq,541924,mesc,unknown,unknown,mesc_rpf_wt_batch2_rep1,False,False,(129xc57bl/6)
d2c48547,12,RNA-seq,541924,mesc,unknown,unknown,mesc_rpf_trim71ko_batch1_rep2,False,False,(129xc57bl/6)
3c0387da,12,RNA-seq,541924,mesc,unknown,unknown,mesc_rpf_wt_batch1_rep2,False,False,(129xc57bl/6)
8dcf8270,12,RNA-seq,541924,mesc,unknown,unknown,mesc_rpf_trim71ko_batch1_rep1,False,False,(129xc57bl/6)
fe15e959,12,RNA-seq,541924,mesc,unknown,unknown,mesc_rpf_wt_batch1_rep1,False,False,(129xc57bl/6)
4f10765c,12,RNA-seq,533074,human foreskin fibroblasts,unknown,unknown,human foreskin fibroblasts and rh toxoplasma,False,False,subconfluent
442fd0fe,12,RNA-seq,533074,human foreskin fibroblasts,unknown,unknown,human foreskin fibroblasts,False,False,subconfluent
7abde023,12,RNA-seq,533074,human foreskin fibroblasts,unknown,unknown,human foreskin fibroblasts and rh toxoplasma,False,False,confluent
095b4246,12,RNA-seq,533074,human foreskin fibroblasts,unknown,unknown,human foreskin fibroblasts,False,False,confluent
2ccaf8c5,12,"RNA-seq,Ribo-seq",514710,unknown,unknown,unknown,4-day old roots,True,False,heinz 1706-bg
2eeed8f0,12,RNA-seq,509424,hela,unknown,unknown,hela,False,False,hela
64e605c2,12,Ribo-seq,505061,unknown,unknown,unknown,unknown,False,False,new1 knockout
338858b3,12,Ribo-seq,478730,c6/36,unknown,24,unknown,False,False,c6/36
ee10a6cd,12,"RNA-seq,Ribo-seq",472015,a549,ifn-b (20 u/ml),unknown,a549 cells,True,False,a549
fa14d3ba,12,"RNA-seq,Ribo-seq",472015,a549,unknown,unknown,a549 cells,True,False,a549
1ea28602,12,RNA-seq,"379448,379292",mcf7,control,unknown,mcf7,False,True,mcf7
b12fbd06,12,RNA-seq,369756,unknown,unknown,unknown,adrenal gland,False,False,unknown
324aac3e,12,RNA-seq,297338,hela s3 cells,unknown,unknown,hela s3_g1_rna-seq exp1,False,False,unknown
47bcca7a,12,RNA-seq,297338,hela s3 cells,unknown,unknown,hela s3_m_rna-seq exp1,False,False,unknown
60247612,12,"RNA-seq,Ribo-seq",295955,s2,cultured in serum-free medium,unknown,na,True,False,oregon r
8980b685,12,Ribo-seq,289569,embryonic kidney,sodium arsenite,unknown,hek293,False,False,hek293-flp-in-t-rex
3c5512a8,12,Ribo-seq,289569,embryonic kidney,control,unknown,hek293,False,False,hek293-flp-in-t-rex
f92238ed,12,RNA-seq,258156,s2 cell,unknown,unknown,s2 cell,False,False,unknown
ed5e4dea,12,"RNA-seq,Ribo-seq",193543,unknown,unknown,unknown,ywg271,True,False,by4741
ee4524b5,12,"RNA-seq,Ribo-seq",193543,unknown,unknown,unknown,ywg11,True,False,by4741
4a6d339d,10,RNA-seq,1282489,unknown,ltp induced,30 minutes,hippocampus,False,False,c57/bl6
2a5f1fc2,10,RNA-seq,1282489,unknown,ltp induced,10 minutes,hippocampus,False,False,c57/bl6
4457f4a8,10,RNA-seq,1282489,unknown,uninduced,0 minutes,hippocampus,False,False,c57/bl6
47d42d7c,10,RNA-seq,"1243989,375080,413138",unknown,unknown,unknown,liver,False,True,c57bl/6
a739b987,10,RNA-seq,"1137263,1137264",hct116,wt,unknown,hct116,False,True,hct116
fdf073eb,10,RNA-seq,1027912,heads,unknown,unknown,heads,False,False,wt
e692822c,10,RNA-seq,956972,unknown,unknown,unknown,early 2-cell embryos,False,False,b6d2f1
6323ce40,10,RNA-seq,956925,hela cells,infection with vk1-c7- vacv,unknown,hela cells,False,False,hela cells
91df7e1c,10,RNA-seq,951361,mii,rnase i,unknown,mouse ovary,False,False,mii
f47e2abe,10,RNA-seq,947526,kucg-2 hipsc,pro-tgg-2-1 upstream edit crispr,unknown,kucg-2 hipsc,False,False,kucg-2 hipsc
fb306283,10,"RNA-seq,Ribo-seq",946781,imr90,none,unknown,imr90,True,False,imr90
2322d967,10,RNA-seq,938481,unknown,"0.6 mm hydrogen peroxide,30 min",unknown,"mata lys2-801 leu2-3,112 ura3-52 his3- δ200 trp1-1[am] ubi1-δ1::trp1 ubi2-δ2::ura3 ubi3-δub-2 ubi4-δ2::leu2 [pub39 ub, lys2][pub100 ubi1 tail, his3] rad6:kanmx4",False,False,"mata lys2-801 leu2-3,112 ura3-52 his3- {delta}200 trp1-1[am] ubi1-{delta}1::trp1 ubi2-{delta}2::ura3 ubi3-{delta}ub-2 ubi4-{delta}2::leu2 [pub39 ub, lys2][pub100 ubi1 tail, his3] rad6:kanmx4"
29164c2c,10,RNA-seq,938481,unknown,untreated,unknown,"mata lys2-801 leu2-3,112 ura3-52 his3- δ200 trp1-1[am] ubi1-δ1::trp1 ubi2-δ2::ura3 ubi3-δub-2 ubi4-δ2::leu2 [pub39 ub, lys2][pub100 ubi1 tail, his3] rad6:kanmx4",False,False,"mata lys2-801 leu2-3,112 ura3-52 his3- {delta}200 trp1-1[am] ubi1-{delta}1::trp1 ubi2-{delta}2::ura3 ubi3-{delta}ub-2 ubi4-{delta}2::leu2 [pub39 ub, lys2][pub100 ubi1 tail, his3] rad6:kanmx4"
59f4a1d2,10,RNA-seq,789173,unknown,untreated,unknown,cell-free mrna and translational machinery,False,False,unknown
cc7ddab2,10,RNA-seq,756023,vascular smooth muscle cells,untreated,unknown,untreated normal human vascular smooth muscle cells,False,False,unknown
f9bf3e38,10,RNA-seq,756018,hcaec,untreated,unknown,untreated human coronary artery endothelial cells,False,False,unknown
cf252f80,10,RNA-seq,749295,unknown,tac,unknown,isolated cardiac endothelial cells,False,False,mixed background
c9b742e8,10,RNA-seq,720396,a549,unknown,unknown,lung cancer cells,False,False,a549
6c30a55b,10,RNA-seq,701262,cell line,unknown,unknown,"hela cells, t-rex, flp-in with rpl3 3xha, ostir1 knock-in",False,False,unknown
43877e33,10,RNA-seq,639716,unknown,unknown,unknown,vastus_ lateralis_muscle_biopsy,False,False,unknown
2da30224,10,RNA-seq,602676,el4,unknown,unknown,el4 +u2af26de7,False,False,u2af26de7
d04984dd,10,RNA-seq,602676,el4,unknown,unknown,el4 wt,False,False,wt
0bf4f3ae,10,RNA-seq,541924,mesc,unknown,unknown,mesc_trim71ring_lif_exp2_rep2,False,False,(129xc57bl/6)
c39e3624,10,RNA-seq,541924,mesc,unknown,unknown,mesc_trim71ring_lif_exp2_rep1,False,False,(129xc57bl/6)
96931770,10,RNA-seq,541924,mesc,unknown,unknown,mesc_trim71nhl_lif_exp2_rep2,False,False,(129xc57bl/6)
9515adfb,10,RNA-seq,541924,mesc,unknown,unknown,mesc_trim71nhl_lif_exp2_rep1,False,False,(129xc57bl/6)
0dbd51c2,10,RNA-seq,541924,mesc,unknown,unknown,mesc_trim71ko_lif_exp2_rep2,False,False,(129xc57bl/6)
e8b4c92e,10,RNA-seq,541924,mesc,unknown,unknown,mesc_trim71ko_lif_exp2_rep1,False,False,(129xc57bl/6)
7e1ade77,10,RNA-seq,541924,mesc,unknown,unknown,mesc_wt_lif_exp2_rep2,False,False,(129xc57bl/6)
d6f8a585,10,RNA-seq,541924,mesc,unknown,unknown,mesc_wt_lif_exp2_rep1,False,False,(129xc57bl/6)
ad30cd4c,10,RNA-seq,509065,unknown,unknown,unknown,caenorhabditis brenneri,False,False,pd3323/pd2186
a7fa5bdb,10,RNA-seq,509065,unknown,unknown,unknown,caenorhabditis brenneri,False,False,pd2186/pd4709
4dd70b3f,10,Ribo-seq,297338,hela s3 cells,unknown,unknown,hela s3_g1_ribo-seq exp2,False,False,unknown
9de1be0d,10,Ribo-seq,297338,hela s3 cells,unknown,unknown,hela s3_m_ribo-seq exp2,False,False,unknown
76072262,8,RNA-seq,1282489,unknown,ltp induced,60 minutes,hippocampus,False,False,c57/bl6
f266fa99,8,RNA-seq,1258865,ehap icas9 wt,unknown,unknown,unknown,False,False,unknown
922c1e5c,8,RNA-seq,1258865,ehap icas9 slfn11 atrx dko,unknown,unknown,unknown,False,False,unknown
e48be141,8,RNA-seq,1258865,ehap icas9 atrxko,unknown,unknown,unknown,False,False,unknown
be1cce1b,8,RNA-seq,1258865,ehap icas9 slfn11ko,unknown,unknown,unknown,False,False,unknown
2b3c6bcd,8,RNA-seq,1230555,unknown,unknown,unknown,testes,False,False,tissue
320bbe74,8,RNA-seq,1207466,unknown,flg22,unknown,leaves,False,False,sair1-1
bcfd22c6,8,RNA-seq,1207466,unknown,flg22,unknown,leaves,False,False,col-0
0e1bb083,8,"RNA-seq,Ribo-seq",1176138,unknown,unknown,unknown,whole body,True,False,rps-10(0)/tmc20
bc43c6dc,8,"RNA-seq,Ribo-seq",1176138,unknown,unknown,unknown,whole body,True,False,rpl-5(0)/mc6
b09d8dc4,8,"RNA-seq,Ribo-seq",1176138,unknown,unknown,unknown,whole body,True,False,rpl-33(0)/mc6
d06aeefc,8,RNA-seq,1166187,na,na,unknown,small intestine tumor,False,False,na
fc614f07,8,RNA-seq,1151704,bacteria,unknown,unknown,bacteria,False,False,js006
42359ef2,8,RNA-seq,"1147293,1147306",rues2,cardiomyocyte differentiation,day18,rues2,False,True,rues2
91a406af,8,RNA-seq,"1147293,1147306",rues2,cardiomyocyte differentiation,day12,rues2,False,True,rues2
c62fe7fb,8,RNA-seq,"1147293,1147306",rues2,cardiomyocyte differentiation,day10,rues2,False,True,rues2
11759563,8,RNA-seq,"1147293,1147306",rues2,cardiomyocyte differentiation,day8,rues2,False,True,rues2
e5212209,8,RNA-seq,"1147293,1147306",rues2,cardiomyocyte differentiation,day6,rues2,False,True,rues2
e3751b6c,8,RNA-seq,"1147293,1147306",rues2,cardiomyocyte differentiation,day4,rues2,False,True,rues2
d8f838ad,8,RNA-seq,"1147293,1147306",rues2,cardiomyocyte differentiation,day3,rues2,False,True,rues2
6420a835,8,RNA-seq,"1147293,1147306",rues2,cardiomyocyte differentiation,day2,rues2,False,True,rues2
48dfb6e9,8,RNA-seq,"1147293,1147306",rues2,cardiomyocyte differentiation,day1,rues2,False,True,rues2
71a143b0,8,RNA-seq,"1147293,1147306",rues2,cardiomyocyte differentiation,day0,rues2,False,True,rues2
60f43f24,8,RNA-seq,1122590,unknown,10c 3h 4c 3d,unknown,whole animal,False,False,n2
67894fd1,8,Ribo-seq,1114884,unknown,unknown,unknown,leaf,False,False,oryza sativa subsp indica
aa1a64f6,8,RNA-seq,1113597,mat-ko,low-input ribo-seq (160 cells/type),unknown,bone marrow,False,False,unknown
a11b347e,8,RNA-seq,1113597,wt,low-input ribo-seq (160 cells/type),unknown,bone marrow,False,False,unknown
8c07ca14,8,RNA-seq,1113597,mpp,low-input ribo-seq (160 cells/type),unknown,bone marrow,False,False,unknown
ffbe9585,8,RNA-seq,1113597,lt-hsc,low-input ribo-seq (160 cells/type),unknown,bone marrow,False,False,unknown
093df0b8,8,RNA-seq,1113597,clp,low-input ribo-seq (160 cells/type),unknown,bone marrow,False,False,unknown
b9f6fb9c,8,RNA-seq,1113597,cmp,low-input ribo-seq (160 cells/type),unknown,bone marrow,False,False,unknown
914eed84,8,RNA-seq,1113597,gmp,low-input ribo-seq (160 cells/type),unknown,bone marrow,False,False,unknown
8c846b92,8,RNA-seq,1113597,mep,low-input ribo-seq (160 cells/type),unknown,bone marrow,False,False,unknown
b7bc6b59,8,RNA-seq,1113597,erythoid cell,low-input ribo-seq (160 cells/type),unknown,bone marrow,False,False,unknown
361c85c1,8,RNA-seq,1113597,myeloid cell,low-input ribo-seq (160 cells/type),unknown,bone marrow,False,False,unknown
c77dbb9a,8,RNA-seq,1113597,b cell,low-input ribo-seq (160 cells/type),unknown,bone marrow,False,False,unknown
01e2cba8,8,RNA-seq,1113597,t cell,low-input ribo-seq (160 cells/type),unknown,bone marrow,False,False,unknown
ae15636b,8,RNA-seq,"1104552,1104551",unknown,unknown,unknown,whole seedlings,False,True,clpd-overexpression in wt
ec53dabc,8,RNA-seq,"1104552,1104551",unknown,unknown,unknown,whole seedlings,False,True,wide type
821655d4,8,"RNA-seq,Ribo-seq",1092679,unknown,unknown,unknown,lab strain,True,False,bw25117
0d6a822a,8,RNA-seq,1083527,panc-1,unknown,unknown,panc-1,False,False,panc-1
248bf8fe,8,RNA-seq,1076512,flp-in t-rex hela,expressing shrna targeting gcn2,unknown,flp-in t-rex hela,False,False,flp-in t-rex hela
e4071141,8,RNA-seq,1076512,flp-in t-rex hela,expressing scrambled shrna,unknown,flp-in t-rex hela,False,False,flp-in t-rex hela
af7f4f3c,8,"RNA-seq,Ribo-seq",1055925,ims-m2,"500nm dtag-13, 6h",unknown,ims-m2,True,False,ims-m2
b5c91ed7,8,"RNA-seq,Ribo-seq",1055925,ims-m2,"0.3% dmso, 6h",unknown,ims-m2,True,False,ims-m2
7b565f61,8,RNA-seq,1054207,unknown,unknown,unknown,seedling,False,False,hcf173 mutant with dppr transgene
a99bcab4,8,"RNA-seq,Ribo-seq","1049446,1049448",mouse lung fibroblasts,unknown,unknown,mouse lung fibroblasts,True,True,unknown
c48ae26d,8,RNA-seq,1032588,budding yeast,unknown,unknown,yeast,False,False,unknown
9b736171,8,RNA-seq,"1028978,1028977,230611",,control sirna,unknown,,False,True,
ad3873fb,8,"RNA-seq,Ribo-seq",1024513,unknown,37 c,unknown,seedling,True,False,fust1
ac4f6107,8,"RNA-seq,Ribo-seq",1024513,unknown,22 c,unknown,seedling,True,False,fust1
d2c904a7,8,"RNA-seq,Ribo-seq",1024513,unknown,37 c,unknown,seedling,True,False,col-0
c6af384a,8,"RNA-seq,Ribo-seq",1024513,unknown,22 c,unknown,seedling,True,False,col-0
0e256aed,8,Ribo-seq,1012978,unknown,unknown,unknown,unknown,False,False,mtran1-2/2-2
d3a691c7,8,Ribo-seq,1012978,unknown,unknown,unknown,unknown,False,False,mtran1-1/2-1
1eb33067,8,RNA-seq,1008576,unknown,ct,unknown,body,False,False,unknown
c8f6f7a2,8,"RNA-seq,Ribo-seq",1004312,archaeal cell,unknown,unknown,archaeal cell,True,False,nitrogenplus
90c38aed,8,"RNA-seq,Ribo-seq",1004312,archaeal cell,unknown,unknown,archaeal cell,True,False,nitrogenminus
97b579f1,8,RNA-seq,1002994,sw620,unknown,unknown,colon,False,False,sw620
a204bc41,8,RNA-seq,1002994,841-con,unknown,unknown,colon,False,False,841-con
2939a9f4,8,RNA-seq,989134,unknown,injected with sfgfp mrnas at 1-cell stage,unknown,whole embryo,False,False,wild type ab strain
c21704e7,8,Ribo-seq,985711,panc-1,"1 microm ike,24 h",unknown,panc-1,False,False,panc-1
c036cd54,8,RNA-seq,979342,unknown,unknown,unknown,larva,False,False,unknown
69eb3c69,8,RNA-seq,978085,hek293t,plus_preq1,unknown,hek293t,False,False,hek293t
c410527b,8,RNA-seq,978085,hek293t,control_0q,unknown,hek293t,False,False,hek293t
702cade9,8,RNA-seq,956972,unknown,unknown,unknown,m2 eggs,False,False,b6d2f1
74cbb8b2,8,RNA-seq,947526,kucg-2 hipsc,pro-tgg-1-1 upstream edit crispr,unknown,kucg-2 hipsc,False,False,kucg-2 hipsc
b82d754e,8,RNA-seq,947526,kucg-2 hipsc,pro-tgg-1-1 edit crispr,unknown,kucg-2 hipsc,False,False,kucg-2 hipsc
19e39f33,8,Ribo-seq,947525,kucg-2 hipsc,"100 ug/ml chx, 100 ug/ml tig",unknown,kucg-2 hipsc,False,False,kucg-2 hipsc
0edf9b87,8,RNA-seq,943116,sw480,unknown,unknown,missing,False,False,sw480
96f115c3,8,Ribo-seq,942908,c57bl/6,unknown,unknown,bone marrow,False,False,c57bl/6
e51a6ffa,8,"RNA-seq,Ribo-seq",940452,unknown,600 units rnasei,unknown,14-day old seedlings,True,False,wild type
2b2f4a18,8,"RNA-seq,Ribo-seq",933910,imr90,(normal proliferating cells),unknown,imr90,True,False,imr90
3ffb772a,8,"RNA-seq,Ribo-seq",933910,imr90,oncogene induced senesence (ois),unknown,imr90,True,False,imr90
e158eed3,8,"RNA-seq,Ribo-seq",933910,imr90,senescence (replicative exhaustion) + h2o2 treatment,unknown,imr90,True,False,imr90
5f012e7c,8,RNA-seq,933811,k562,cx5461,unknown,not collected,False,False,k562
6e22c455,8,RNA-seq,933811,k562,dmso,unknown,not collected,False,False,k562
71ae8cbd,8,Ribo-seq,930426,293ad,overnight (14 h) serum deprivation,unknown,293ad,False,False,293ad
cb4c789f,8,Ribo-seq,930426,293ad,unknown,unknown,293ad,False,False,293ad
4cf6ef27,8,RNA-seq,927820,hg3,na,unknown,b cells,False,False,hg3
904fddb0,8,Ribo-seq,926978,human ips derived mesenchymal stem cells,unknown,unknown,human ips derived mesenchymal stem cells,False,False,human ips derived mesenchymal stem cells
8ba216f4,8,Ribo-seq,915110,muscle cell,primary myoblast proliferation,day 2,muscle cell,False,False,muscle cell
1b057356,8,RNA-seq,903814,hct116,ddx3x_degron_dmso,unknown,hct116,False,False,hct116
081c5ffd,8,RNA-seq,903814,hct116,ddx3x_degron_08h,unknown,hct116,False,False,hct116
116f5b1b,8,RNA-seq,903814,hct116,ddx3x_degron_04h,unknown,hct116,False,False,hct116
75f4028d,8,RNA-seq,903814,hct116,ddx3x_degron_48h,unknown,hct116,False,False,hct116
e5de5540,8,RNA-seq,903814,hct116,ddx3x_degron_24h,unknown,hct116,False,False,hct116
b48b1145,8,RNA-seq,903814,hct116,ddx3x_degron_16h,unknown,hct116,False,False,hct116
bdd1c696,8,Ribo-seq,899535,unknown,unknown,unknown,vir,False,False,arabidopsis thaliana
4657ef13,8,Ribo-seq,899535,unknown,unknown,unknown,leaf,False,False,arabidopsis thaliana
89949b82,8,RNA-seq,895374,hek293 ebna,none,unknown,hek293 ebna,False,False,hek293 ebna
933e6f71,8,RNA-seq,885130,na,na,unknown,na,False,False,na
fbb90ddb,8,Ribo-seq,885130,hek293t,g418 + cc-885,unknown,embryonic kidney,False,False,hek293t
36595535,8,Ribo-seq,885130,hek293t,untreated,unknown,embryonic kidney,False,False,hek293t
5f3e39f4,8,RNA-seq,871214,monomac6,shns,unknown,human aml cell monomac6,False,False,monomac6
79a6c6ba,8,RNA-seq,871214,monomac6,shbp2-2,unknown,human aml cell monomac6,False,False,monomac6
15deaa2a,8,RNA-seq,871214,monomac6,shbp2-1,unknown,human aml cell monomac6,False,False,monomac6
82e7bf00,8,"RNA-seq,Ribo-seq",861982,unknown,untreated,unknown,preimplantation embryo,True,False,c57bl/6n x pwk
407b7316,8,RNA-seq,852784,mv4_11,treated with 2 um c6,unknown,mv4_11,False,False,mv4_11
7a2bb426,8,RNA-seq,852784,mv4_11,treated with 0.1% dmso,unknown,mv4_11,False,False,mv4_11
d091217a,8,"RNA-seq,Ribo-seq",851064,unknown,no treatment,unknown,bacterial strain,True,False,unknown
e987729e,8,RNA-seq,839354,unknown,dmso,unknown,by4741,False,False,by4741
fcb41aad,8,RNA-seq,822292,unknown,unknown,unknown,33-endosperm(20dap),False,False,b73
c155b5c2,8,RNA-seq,822292,unknown,unknown,unknown,30-embryo(15dap),False,False,b73
d984adb8,8,RNA-seq,822292,unknown,unknown,unknown,17-sam(v3),False,False,b73
9c99ce9a,8,RNA-seq,822292,unknown,unknown,unknown,01-root(6das),False,False,b73
dd13ff75,8,RNA-seq,809655,unknown,rosa depletion,unknown,molm-13,False,False,unknown
12a274c6,8,RNA-seq,809655,unknown,dimt1 depletion,unknown,molm-13,False,False,unknown
9147a815,8,RNA-seq,803443,primary mouse cardiac fibroblast,unknown,day 5,heart,False,False,wild type
39c37a7a,8,RNA-seq,803443,primary mouse cardiac fibroblast,unknown,day 0,heart,False,False,wild type
b14927c3,8,"RNA-seq,Ribo-seq",801861,hela,no treatment,unknown,cervical cancer,True,False,unknown
43d61d2e,8,"RNA-seq,Ribo-seq",801130,human cd14+ monocytes,metoprolol,unknown,buffy coat,True,False,unknown
4275f8f2,8,"RNA-seq,Ribo-seq",801130,human cd14+ monocytes,pbs,unknown,buffy coat,True,False,unknown
7b6095de,8,"RNA-seq,Ribo-seq",795419,hela,unknown,unknown,hela cell,True,False,hela
521314bd,8,RNA-seq,779948,hela,unknown,unknown,cpeb4 ko hela,False,False,hela
c617cac3,8,RNA-seq,779948,hela,unknown,unknown,parental hela,False,False,hela
ac78252a,8,"RNA-seq,Ribo-seq",763584,unknown,starved for 6 days and refed with food for 60 min,unknown,larvae,True,False,gou4736
ff9f86c0,8,"RNA-seq,Ribo-seq",763584,unknown,starved for 6 days and refed with food for 30 min,unknown,larvae,True,False,gou4736
194bd256,8,"RNA-seq,Ribo-seq",763584,unknown,starved for 6 days and refed with food for 10 min,unknown,larvae,True,False,gou4736
56b17f80,8,"RNA-seq,Ribo-seq",763584,unknown,starved for 6 days,unknown,larvae,True,False,gou4736
4baf552d,8,"RNA-seq,Ribo-seq",763584,unknown,non-starved,unknown,larvae,True,False,gou4736
e892d5fc,8,"RNA-seq,Ribo-seq",763584,unknown,starved for 6 days and refed with food for 60 min,unknown,larvae,True,False,gou4735
49415673,8,"RNA-seq,Ribo-seq",763584,unknown,starved for 6 days and refed with food for 30 min,unknown,larvae,True,False,gou4735
180c5333,8,"RNA-seq,Ribo-seq",763584,unknown,starved for 6 days and refed with food for 10 min,unknown,larvae,True,False,gou4735
0f8825af,8,"RNA-seq,Ribo-seq",763584,unknown,starved for 6 days,unknown,larvae,True,False,gou4735
d2cbf3fe,8,"RNA-seq,Ribo-seq",763584,unknown,non-starved,unknown,larvae,True,False,gou4735
63184f05,8,"RNA-seq,Ribo-seq",763584,unknown,starved for 6 days and refed with food for 60 min,unknown,larvae,True,False,n2
7ae9b313,8,"RNA-seq,Ribo-seq",763584,unknown,starved for 6 days and refed with food for 30 min,unknown,larvae,True,False,n2
c85230a9,8,"RNA-seq,Ribo-seq",763584,unknown,starved for 6 days and refed with food for 10 min,unknown,larvae,True,False,n2
2fbf15a7,8,"RNA-seq,Ribo-seq",763584,unknown,starved for 6 days,unknown,larvae,True,False,n2
d18c5619,8,"RNA-seq,Ribo-seq",763584,unknown,non-starved,unknown,larvae,True,False,n2
fa71fe81,8,RNA-seq,753487,molm13,sh-speptide,unknown,acute myeloid leukemia cells,False,False,molm13
7ea886db,8,RNA-seq,753487,molm13,sh-nc,unknown,acute myeloid leukemia cells,False,False,molm13
9bfca2dc,8,RNA-seq,750636,unknown,high fat diet adding betaine (2percent w/v) from week 8,unknown,liver,False,False,c57bl/6
6b71c56d,8,RNA-seq,750636,unknown,high fat diet from week 8,unknown,liver,False,False,c57bl/6
36ec0620,8,RNA-seq,749295,unknown,sham,unknown,isolated cardiac endothelial cells,False,False,mixed background
bbe77065,8,RNA-seq,748710,k562 cell line,molnc301b_del overexpression,unknown,k562 cell line,False,False,unknown
5ffceb0f,8,RNA-seq,748710,k562 cell line,molnc301b_m2 overexpression,unknown,k562 cell line,False,False,unknown
8c88140f,8,RNA-seq,748710,k562 cell line,molnc301b_m1 overexpression,unknown,k562 cell line,False,False,unknown
c7e59c07,8,RNA-seq,748710,k562 cell line,molnc301b_wt overexpression,unknown,k562 cell line,False,False,unknown
1a295b07,8,RNA-seq,748710,k562 cell line,empty vector,unknown,k562 cell line,False,False,unknown
0e6a5981,8,RNA-seq,748710,cord blood cd34+ derived erythroid cells,empty vector,unknown,cd34+ cell,False,False,unknown
cf687bac,8,RNA-seq,748710,k562 cell line,smarca5 knockdown,unknown,k562 cell line,False,False,unknown
a75d23cd,8,Ribo-seq,743831,neuro2a,unknown,18,unknown,False,False,neuro2a
53ed977e,8,RNA-seq,725264,4t1,na,unknown,4t1,False,False,4t1
250e59ad,8,RNA-seq,725264,4to7,na,unknown,4to7,False,False,4to7
504684dd,8,RNA-seq,725264,67nr,na,unknown,67nr,False,False,67nr
883a6ffb,8,RNA-seq,722238,hnscc cells,unknown,unknown,hnscc,False,False,mettl1-knockout
6f44c82c,8,RNA-seq,722238,hnscc cells,unknown,unknown,hnscc,False,False,normal
874a976d,8,RNA-seq,717063,kyse-30,demethylated by alkb,unknown,esophagus,False,False,kyse-30
fbb124b6,8,RNA-seq,717063,kyse-30,unknown,unknown,esophagus,False,False,kyse-30
3a02d6e8,8,RNA-seq,717063,kyse-30,demethylated by alkb; nabh4/aniline induced reduction and cleavage,unknown,esophagus,False,False,kyse-30
b7761666,8,RNA-seq,704908,unknown,unknown,unknown,mouse secondary transplant of t-all,False,False,0.0g/kg valine diet
44592a7f,8,RNA-seq,704908,unknown,unknown,unknown,mouse secondary transplant of t-all,False,False,0.4g/kg valine diet
f67c2d6d,8,RNA-seq,704908,unknown,unknown,unknown,mouse secondary transplant of t-all,False,False,0.8g/kg valine diet
a38dc7f8,8,RNA-seq,704908,unknown,unknown,unknown,mouse secondary transplant of t-all,False,False,8g/kg valine diet (control)
a721b0d3,8,RNA-seq,704712,unknown,unknown,unknown,inflorescence,False,False,ddm1
a9346f0f,8,RNA-seq,704712,unknown,unknown,unknown,inflorescence,False,False,wildtype (col0)
2b7d70ba,8,RNA-seq,701625,unknown,unknown,unknown,striatal cells,False,False,c57bl/6
090367b6,8,RNA-seq,697913,unknown,unknown,unknown,embryonic stem cell,False,False,wt
62f3134b,8,"RNA-seq,Ribo-seq",692108,hfsc organoid culture,n1-acetylspermidine for 72h,unknown,cd34pos_n1acspd,True,False,c57bl/6j
0334ce3e,8,"RNA-seq,Ribo-seq",692108,hfsc organoid culture,n1-acetylspermidine for 72h,unknown,cd34neg_n1acspd,True,False,c57bl/6j
4530805a,8,"RNA-seq,Ribo-seq",692108,hfsc organoid culture,unknown,unknown,cd34pos,True,False,c57bl/6j
2332ec13,8,"RNA-seq,Ribo-seq",692108,hfsc organoid culture,unknown,unknown,cd34neg,True,False,c57bl/6j
99944571,8,"RNA-seq,Ribo-seq",689830,unknown,unknown,unknown,long term evolution experiment,True,False,rel607
ce5727d8,8,"RNA-seq,Ribo-seq",689830,unknown,unknown,unknown,long term evolution experiment,True,False,rel606
5f68ad1c,8,RNA-seq,677870,intrahepatic cholangiocarcinoma cell line,unknown,unknown,intrahepatic cholangiocarcinoma cell line,False,False,mettl1 knockdown
986f84f0,8,RNA-seq,677870,intrahepatic cholangiocarcinoma cell line,unknown,unknown,intrahepatic cholangiocarcinoma cell line,False,False,wild type
188ee3f9,8,"RNA-seq,Ribo-seq",667051,unknown,cycloheximide,6hpi,primary human bronchial epithelial cells,True,False,unknown
a01ade23,8,"RNA-seq,Ribo-seq",667051,unknown,cycloheximide+harringtonine,48hpi,vero e6,True,False,unknown
d33a0f8d,8,"RNA-seq,Ribo-seq",667051,unknown,cycloheximide+harringtonine,24hpi,vero e6,True,False,unknown
639e361d,8,"RNA-seq,Ribo-seq",667051,unknown,cycloheximide+harringtonine,12hpi,vero e6,True,False,unknown
90f9d499,8,"RNA-seq,Ribo-seq",667051,unknown,cycloheximide+harringtonine,6hpi,vero e6,True,False,unknown
ab149cbd,8,"RNA-seq,Ribo-seq",667051,unknown,cycloheximide+harringtonine,2hpi,vero e6,True,False,unknown
6a863028,8,"RNA-seq,Ribo-seq",667051,unknown,cycloheximide+harringtonine,unknown,vero e6,True,False,unknown
39b5fd1f,8,RNA-seq,649449,unknown,rip,unknown,testis,False,False,c57b6
18127474,8,RNA-seq,648316,unknown,unknown,unknown,bacterial liquid culture,False,False,hg003
12aeecb6,8,Ribo-seq,647736,su-dhl-4,"dmso 0.1%, 30 min. 37c",unknown,su-dhl-4,False,False,su-dhl-4
190b5dcb,8,Ribo-seq,647736,hbl-1,harringtonine (dmso dissolved) 5 g/ml 30 min. 37c,unknown,hbl-1,False,False,hbl-1
89f88cee,8,Ribo-seq,647736,hbl-1,"dmso 0.1%, 30 min. 37c",unknown,hbl-1,False,False,hbl-1
a517cbe9,8,Ribo-seq,647736,dohh2,harringtonine (dmso dissolved) 5 g/ml 30 min. 37c,unknown,dohh2,False,False,dohh2
f979131b,8,Ribo-seq,647736,dohh2,"dmso 0.1%, 30 min. 37c",unknown,dohh2,False,False,dohh2
170f35a1,8,Ribo-seq,647736,su-dhl-4,harringtonine (dmso dissolved) 5 g/ml 30 min. 37c,unknown,su-dhl-4,False,False,su-dhl-4
51df742f,8,RNA-seq,647327,unknown,4 hours ethylene treatment,unknown,whole seedling,False,False,unknown
629e70e5,8,RNA-seq,647327,unknown,30 minutes ethylene treatment,unknown,whole seedling,False,False,unknown
7122a6c1,8,RNA-seq,647327,unknown,24 hours ethylene treatment,unknown,whole seedling,False,False,unknown
a52b18bf,8,RNA-seq,647327,unknown,1 hour ethylene treatment,unknown,whole seedling,False,False,unknown
b07240a4,8,RNA-seq,647327,unknown,15 minutes ethylene treatment,unknown,whole seedling,False,False,unknown
c601cb64,8,RNA-seq,647327,unknown,0 hours control,unknown,whole seedling,False,False,unknown
ca0be41f,8,RNA-seq,647327,unknown,0 hours ethylene treatment,unknown,whole seedling,False,False,unknown
b3b668af,8,"RNA-seq,Ribo-seq",639554,unknown,1 hour mock,unknown,whole seedling,True,False,heinz 1706
86fa1df0,8,"RNA-seq,Ribo-seq",639554,unknown,30 minutes iaa,unknown,whole seedling,True,False,heinz 1706
fdb85e08,8,"RNA-seq,Ribo-seq",639554,unknown,30 minutes mock,unknown,whole seedling,True,False,heinz 1706
a2eb66d9,8,"RNA-seq,Ribo-seq",639554,unknown,15 minutes iaa,unknown,whole seedling,True,False,heinz 1706
9e627c36,8,"RNA-seq,Ribo-seq",639554,unknown,1 hour iaa,unknown,whole seedling,True,False,heinz 1706
5f3794cb,8,"RNA-seq,Ribo-seq",639554,unknown,15 minutes mock,unknown,whole seedling,True,False,heinz 1706
f8df9cb2,8,RNA-seq,634994,glial,control,unknown,hippocampus,False,False,cd (sprague dawley) igs rat
36596035,8,RNA-seq,634994,unknown,unknown,unknown,ca1 somata,False,False,wfs1cre::ribotag
e67e6874,8,RNA-seq,634994,unknown,unknown,unknown,ca1 neuropil,False,False,wfs1cre::ribotag
ee602709,8,RNA-seq,630973,unknown,control (untreated),unknown,bacterial culture,False,False,bl21
44fc57c7,8,RNA-seq,630973,unknown,apidaecin,unknown,bacterial culture,False,False,bl21
8002db20,8,RNA-seq,630709,mef expressing sv40 t,unknown,unknown,mef wt,False,False,mettl1-wt/wdr4
6a435df2,8,RNA-seq,630709,mef expressing sv40 t,unknown,unknown,mef wt,False,False,empty vector
d52b1713,8,"RNA-seq,Ribo-seq",627881,unknown,unknown,unknown,hek293t,True,False,znf598-null
94c4157f,8,"RNA-seq,Ribo-seq",627881,unknown,unknown,unknown,hek293t,True,False,wild type
bc43c688,8,Ribo-seq,606888,unknown,unknown,unknown,none,False,False,shixiya-1
53d93b5d,8,RNA-seq,604580,h1 es cells,unknown,unknown,unmodified hescs were differentiated to the pp2 stage. rna from nuclear and cytosolic fractions was isolated.,False,False,h1 es cells
e4861dfb,8,RNA-seq,604580,h1 es cells,unknown,unknown,rp11-834c11.4 ko hescs were differentiated to the pp2 stage,False,False,h1 es cells
7cdb85b8,8,"RNA-seq,Ribo-seq",603355,mesc,unknown,unknown,embryonic stem cell,True,False,mettl5 ko
4d91526d,8,"RNA-seq,Ribo-seq",603355,mesc,unknown,unknown,embryonic stem cell,True,False,wt
7510c538,8,Ribo-seq,598453,unknown,unknown,3 hours,culture grown in m9 minimal medium,False,False,bw25113_<delta>rsfs
9fe1ac40,8,Ribo-seq,598453,unknown,unknown,3 hours,culture grown in m9 minimal medium,False,False,bw25113
deb66487,8,"RNA-seq,Ribo-seq",589466,flp-in t-rex 293 cell,unknown,unknown,mir-122 expressing cells,True,False,flp-in t-rex 293 cell
fcfece30,8,"RNA-seq,Ribo-seq",589466,flp-in t-rex 293 cell,unknown,unknown,mir-1 expressing cells,True,False,flp-in t-rex 293 cell
4d9b0ed2,8,"RNA-seq,Ribo-seq",589466,flp-in t-rex 293 cell,unknown,unknown,empty vector control,True,False,flp-in t-rex 293 cell
5b9c05d0,8,RNA-seq,561206,unknown,unknown,unknown,aml12 cell line,False,False,eef2 kd
b9963a32,8,RNA-seq,561206,unknown,unknown,unknown,aml12 cell line,False,False,control
e7940a6b,8,RNA-seq,549205,unknown,unknown,unknown,ips cardio myocyte,False,False,unknown
aaac57df,8,"RNA-seq,Ribo-seq",548154,unknown,unknown,unknown,whole body,True,False,wja0815
74cfd502,8,"RNA-seq,Ribo-seq",543399,unknown,tac surgery 2w,unknown,left ventricle,True,False,c57bl/6
a95d27da,8,RNA-seq,541924,ne4c,unknown,unknown,ne4c_trim71ko_exp1_rep3,False,False,crl-2925
5d1a9001,8,RNA-seq,541924,ne4c,unknown,unknown,ne4c_trim71ko_exp1_rep2,False,False,crl-2925
d35bff64,8,RNA-seq,541924,ne4c,unknown,unknown,ne4c_trim71ko_exp1_rep1,False,False,crl-2925
322f87b6,8,RNA-seq,541924,ne4c,unknown,unknown,ne4c_wt_exp1_rep3,False,False,crl-2925
6f07b5ee,8,RNA-seq,541924,ne4c,unknown,unknown,ne4c_wt_exp1_rep2,False,False,crl-2925
c8a0f1a1,8,RNA-seq,541924,ne4c,unknown,unknown,ne4c_wt_exp1_rep1,False,False,crl-2925
9986fc6f,8,RNA-seq,541924,mesc,unknown,unknown,mesc_trim71ko_lif_exp1_rep1,False,False,(129xc57bl/6)
4fdd0774,8,RNA-seq,541924,mesc,unknown,unknown,mesc_wt_lif_exp1_rep1,False,False,(129xc57bl/6)
f595cbd0,8,RNA-seq,540869,unknown,unknown,unknown,monoisolate,False,False,vpi-5482
8a5865b6,8,RNA-seq,515538,hek293t,thapsigargin,unknown,hek293t (human embryonic kidney),False,False,hek293t
fe22a0d9,8,RNA-seq,515538,hek293t,tunicamycin,unknown,hek293t (human embryonic kidney),False,False,hek293t
c2724002,8,RNA-seq,515538,hek293t,dmso,unknown,hek293t (human embryonic kidney),False,False,hek293t
b35b184a,8,"RNA-seq,Ribo-seq",511455,unknown,unknown,unknown,epididymal,True,False,hur knockout
e5e77dc0,8,RNA-seq,511455,unknown,unknown,unknown,epididymal,False,False,control
3c71279d,8,"RNA-seq,Ribo-seq",509065,unknown,unknown,unknown,whole organism,True,False,pd2558
6aa62e5e,8,"RNA-seq,Ribo-seq",509065,unknown,unknown,unknown,whole organism,True,False,pd5998
7d3e72aa,8,"RNA-seq,Ribo-seq",509065,unknown,unknown,unknown,whole organism,True,False,pd1074
4bc50711,8,RNA-seq,509065,unknown,unknown,unknown,whole organism,False,False,pd3323/pd2186
71fee649,8,"RNA-seq,Ribo-seq",507085,unknown,unknown,unknown,e. coli strain bw25113 in m9 minimal medium,True,False,bw25113
7acf6ee5,8,RNA-seq,489275,unknown,unknown,unknown,wild-type strain,False,False,sq171
705f305a,8,RNA-seq,489275,unknown,unknown,unknown,wild-type strain with pribo-t plasmid cured of plasmid carrying wt rrna,False,False,sq171 (+pribo-t)
3c578c7b,8,"RNA-seq,Ribo-seq","480786,480788",fibroblasts,si-eif1a (x+18) transfection,unknown,mouse embryonic fibroblasts,True,True,unknown
ff83674a,8,"RNA-seq,Ribo-seq","480786,480788",fibroblasts,si-negative control transfection,unknown,mouse embryonic fibroblasts,True,True,unknown
4bff4c03,8,Ribo-seq,478730,vero e6,unknown,24,unknown,False,False,vero e6
4b5f9255,8,"RNA-seq,Ribo-seq",477865,unknown,rnai against unc-54 (bja40),unknown,unknown,True,False,pd 2860
4009e0ee,8,RNA-seq,"369756,415033",hek293,unknown,unknown,hek293 cells,False,True,hek293
4725ac9a,8,RNA-seq,403993,nih3t3,thap (1µm) for 1.5hr,unknown,"thap, nih3t3 cells",False,False,nih3t3
a77ffab9,8,Ribo-seq,396698,unknown,unknown,unknown,"hela cells, ribosome protected rna",False,False,nat10-/-
3e779d44,8,Ribo-seq,396698,unknown,unknown,unknown,"hela cells, ribosome protected rna",False,False,wt
cc5768ee,8,"RNA-seq,Ribo-seq",396698,unknown,unknown,unknown,"hela cells, total rna",True,False,nat10-/-
a2a8eb9d,8,"RNA-seq,Ribo-seq",396698,unknown,unknown,unknown,"hela cells, total rna",True,False,wt
f60ee07d,8,RNA-seq,389599,bmdm,unknown,6 hours,bone marrow derived macrophage,False,False,c57bl/6
efdb6aa7,8,RNA-seq,389599,bmdm,unknown,2 hours,bone marrow derived macrophage,False,False,c57bl/6
bd8843f5,8,RNA-seq,389599,bmdm,unknown,1 hours,bone marrow derived macrophage,False,False,c57bl/6
18e112f8,8,RNA-seq,389599,bmdm,unknown,0 hours,bone marrow derived macrophage,False,False,c57bl/6
e3563c15,8,RNA-seq,379292,mcf7,cpt,unknown,mcf7,False,False,mcf7
e69e4ee3,8,RNA-seq,375080,unknown,unknown,unknown,retina,False,False,c57bl/6
d7e7cddc,8,RNA-seq,375080,unknown,unknown,unknown,lung,False,False,c57bl/6
18d131c7,8,RNA-seq,375080,unknown,unknown,unknown,kidney,False,False,c57bl/6
b4d670f6,8,RNA-seq,375080,unknown,unknown,unknown,heart,False,False,c57bl/6
a581c2e3,8,RNA-seq,375080,unknown,unknown,unknown,brain,False,False,c57bl/6
da479450,8,"RNA-seq,Ribo-seq",356772,unknown,unknown,unknown,salmonella enterica serovar thyphimurium - strain sl1344,True,False,sl1344
55547d18,8,Ribo-seq,297338,hela s3 cells,unknown,unknown,hela s3_m_ribo-seq exp1,False,False,unknown
51779559,8,RNA-seq,297338,hela s3 cells,unknown,unknown,hela s3_m_rna-seq exp2,False,False,unknown
04fdfe11,8,Ribo-seq,271437,unknown,unknown,unknown,unknown,False,False,mc2 155
054091ba,8,Ribo-seq,266079,unknown,unknown,unknown,escherichia coli str. k-12 substr. mg1655,False,False,ryhb overexpression
51d81cf5,8,Ribo-seq,266079,unknown,unknown,unknown,escherichia coli str. k-12 substr. mg1655,False,False,no ryhb expression
2480c0a5,6,RNA-seq,1282121,unknown,"embryos, +chx, 3 days",unknown,whole worm,False,False,rpl-36a(p55q)/min1 heterozygotes
3df3541a,6,RNA-seq,1282121,unknown,"embryos, no chx, 2 days",unknown,whole worm,False,False,rpl-36a(p55q)/min1 heterozygotes
aa62f164,6,RNA-seq,1270452,embryonic fibroblast,unknown,unknown,unknown,False,False,unknown
7bb4e16e,6,RNA-seq,1246569,b-cells,unknown,unknown,b-cells,False,False,trp53 +/-
b2a17df6,6,RNA-seq,1246569,b-cells,unknown,unknown,b-cells,False,False,trp53 +/+
6a8a184b,6,RNA-seq,1246569,b-cells,unknown,unknown,b-cells,False,False,"rps15-s138f, trp53 +/-"
8171ca40,6,RNA-seq,1246569,b-cells,unknown,unknown,b-cells,False,False,"rps15-s138f/+, trp53 +/-"
41bc961f,6,"RNA-seq,Ribo-seq",1176138,unknown,unknown,unknown,whole body,True,False,rps-23(0)/tmc5
d4af858d,6,RNA-seq,1129072,wildtype,unknown,unknown,bone marrow,False,False,unknown
ffda118f,6,RNA-seq,1129072,mutant,unknown,unknown,bone marrow,False,False,unknown
fde2db3d,6,RNA-seq,1124923,unknown,unknown,unknown,cattle-yak,False,False,unknown
844f2ba2,6,Ribo-seq,1123824,h26,digested with mnr,unknown,h26,False,False,h26
999bdcd1,6,Ribo-seq,1123824,h26,digested with mna,unknown,h26,False,False,h26
132bb552,6,RNA-seq,1122518,ukki011-a,0.4 μm dox,unknown,ukki011-a,False,False,ukki011-a
f89af796,6,RNA-seq,1122518,ukki011-a,no treatment,unknown,ukki011-a,False,False,ukki011-a
6d5a7efe,6,RNA-seq,1098023,unknown,heat stress,unknown,the experimental group is subjected to heat stress by treating the rainbow trout liver in 24°c for a duration of 8 h,False,False,unknown
16b47e5d,6,RNA-seq,1098023,unknown,control,unknown,the control group involve placing rainbow trout liver in 18°c,False,False,unknown
abbbf419,6,RNA-seq,1095927,unknown,unknown,unknown,h9c2,False,False,m1-null
ef4e3e94,6,RNA-seq,1095927,unknown,unknown,unknown,h9c2,False,False,wt
789e0c1d,6,RNA-seq,1080484,unknown,ccl4,unknown,liver,False,False,y3ko
ce88a014,6,RNA-seq,1080484,unknown,ccl4,unknown,liver,False,False,wt
6e44a6a8,6,Ribo-seq,1063244,a549,pr8 virus infection,unknown,a549,False,False,a549
09d8b48c,6,Ribo-seq,1063244,a549,mock treatment,unknown,a549,False,False,a549
dcd53ffd,6,Ribo-seq,1040202,iwat preadipocyte,beige adipocyte differentiation induction media,8 days differentiation,iwat preadipocyte,False,False,unknown
91df9437,6,Ribo-seq,1040202,iwat preadipocyte,beige adipocyte differentiation induction media,4 days differentiation,iwat preadipocyte,False,False,unknown
87adc777,6,Ribo-seq,1040202,iwat preadipocyte,none,none,iwat preadipocyte,False,False,unknown
71c49195,6,RNA-seq,1037596,unknown,unknown,unknown,brain organoid,False,False,wt
2025b9b6,6,RNA-seq,1037596,unknown,unknown,d10,neuroepithelium,False,False,airim-v190g
20ea149d,6,RNA-seq,1037596,unknown,unknown,d10,neuroepithelium,False,False,wt
d02366cf,6,"RNA-seq,Ribo-seq",1034671,unknown,unknown,unknown,wt_3,True,False,c57bl/6n
864537a5,6,"RNA-seq,Ribo-seq",1034671,unknown,unknown,unknown,wt_2,True,False,c57bl/6n
3adc2606,6,"RNA-seq,Ribo-seq",1034671,unknown,unknown,unknown,wt_1,True,False,c57bl/6n
c02c1c2f,6,"RNA-seq,Ribo-seq",1034671,unknown,unknown,unknown,ko_3,True,False,c57bl/6n
93580258,6,"RNA-seq,Ribo-seq",1034671,unknown,unknown,unknown,ko_2,True,False,c57bl/6n
1d1aae8c,6,"RNA-seq,Ribo-seq",1034671,unknown,unknown,unknown,ko_1,True,False,c57bl/6n
7b273ee7,6,Ribo-seq,1033864,unknown,unknown,unknown,heart left ventricle,False,False,c57bl/6
eb31deac,6,RNA-seq,"1028978,1028977",hek293t,srα sirna,unknown,hek293t,False,True,hek293t
4c36a2dd,6,RNA-seq,1027912,heads,unknown,unknown,heads,False,False,y874c
db1cd64b,6,RNA-seq,1027912,heads,unknown,unknown,heads,False,False,r873w
77c29785,6,RNA-seq,1027912,heads,unknown,unknown,heads,False,False,l854f
af26d5f4,6,RNA-seq,1027912,heads,unknown,unknown,heads,False,False,jmjc
96130a2f,6,RNA-seq,1027912,heads,unknown,unknown,heads,False,False,d234g
bc556a0a,6,RNA-seq,1027912,heads,unknown,unknown,heads,False,False,a224t
4ac5b0da,6,RNA-seq,978085,hek293t,plus_preq1_plus_pnk,unknown,hek293t,False,False,hek293t
609f24a2,6,RNA-seq,978085,hek293t,minus_preq1_plus_pnk,unknown,hek293t,False,False,hek293t
ee71a4d8,6,RNA-seq,978085,hek293t,plus_preq1_minus_pnk,unknown,hek293t,False,False,hek293t
2b225fe8,6,RNA-seq,978085,bmdc,00nm_preq1_plus_100nm_q,unknown,bmdc,False,False,bmdc
2b85d9c4,6,RNA-seq,978085,bmdc,100nm_preq1,unknown,bmdc,False,False,bmdc
5414e3fd,6,RNA-seq,978085,hek293t,minus_preq1_minus_pnk,unknown,hek293t,False,False,hek293t
ee75b91e,6,RNA-seq,978085,bmdc,no_treatment_control_0q,unknown,bmdc,False,False,bmdc
6f1210c6,6,RNA-seq,978085,bmdc,100nm_q,unknown,bmdc,False,False,bmdc
049c8518,6,RNA-seq,972712,a375,q depleted medium for 24h,unknown,a375,False,False,a375
7e11febd,6,RNA-seq,972712,a375,control medium for 24h,unknown,a375,False,False,a375
683df798,6,RNA-seq,972712,a375,dmso for 24h,unknown,a375,False,False,a375
04335131,6,RNA-seq,972712,a375,mapk inhibitors for 24h,unknown,a375,False,False,a375
c0273edd,6,RNA-seq,957283,bt20 cells,treatment with dox for 12 hours,unknown,bt20 cells,False,False,bt20 cells
5569a1e7,6,RNA-seq,957283,bt20 cells,nontreated,unknown,bt20 cells,False,False,bt20 cells
dedd7c0f,6,RNA-seq,954956,antigen-presenting cells,untreated,unknown,primary culture cell,False,False,primary culture cell
159defaf,6,RNA-seq,954956,antigen-presenting cells,liposome,unknown,primary culture cell,False,False,primary culture cell
c2bb8843,6,RNA-seq,954956,antigen-presenting cells,linearrna,unknown,primary culture cell,False,False,primary culture cell
ec29114e,6,RNA-seq,954956,antigen-presenting cells,circrna,unknown,primary culture cell,False,False,primary culture cell
279cf07c,6,RNA-seq,"947527,947524,947525,947526,947523,948060",unknown,unknown,unknown,sscortex,False,True,unknown
43e567c5,6,RNA-seq,947526,wibj-2 hipsc,wt,unknown,wibj-2 hipsc,False,False,wibj-2 hipsc
f5ecc283,6,RNA-seq,947526,hek293t,wt,unknown,hek293t,False,False,hek293t
1490c54a,6,RNA-seq,944706,unknown,unknown,unknown,mouse brain,False,False,wt +/+
7be360fc,6,RNA-seq,944706,unknown,unknown,unknown,mouse brain,False,False,phe11 -/-
dca850f2,6,RNA-seq,906951,hap1,6 kj/m2 uva,unknown,hap1,False,False,hap1
74a2c83b,6,RNA-seq,906951,hap1,none,unknown,hap1,False,False,hap1
031074ff,6,RNA-seq,906951,hap1,5 um 4su,unknown,hap1,False,False,hap1
4d28ba22,6,RNA-seq,877653,somatic,unknown,unknown,inflorescence,False,False,hot3-2
5ed3f7a9,6,RNA-seq,877653,somatic,unknown,unknown,inflorescence,False,False,col-0
dcc061b6,6,RNA-seq,877653,somatic,unknown,unknown,seedling,False,False,hot3-2
6ad6fb5c,6,RNA-seq,877653,somatic,unknown,unknown,seedling,False,False,col-0
93d417d3,6,"RNA-seq,Ribo-seq",871254,unknown,unknown,unknown,zebrafish cells,True,False,mycn mutant
0648510a,6,"RNA-seq,Ribo-seq",871254,unknown,unknown,unknown,zebrafish cells,True,False,ab
b485c075,6,RNA-seq,860962,unknown,oncocin 50 µm,unknown,nctc11168,False,False,wild-type
47c59e92,6,RNA-seq,860962,unknown,retapamulin 12.5 µg/ml,unknown,nctc11168,False,False,delta-cmeb
47c23403,6,RNA-seq,860962,unknown,chloramphenicol,unknown,nctc11168,False,False,wild-type
1521db61,6,RNA-seq,852784,mv4_11,48 hour treatment with 100 nm c16 and 2.5 nm mivebresib (abbv-075),unknown,mv4_11,False,False,mv4_11
3ac15142,6,RNA-seq,852784,mv4_11,48 hour treatment with 2.5 nm mivebresib (abbv-075),unknown,mv4_11,False,False,mv4_11
bd84cc18,6,RNA-seq,852784,mv4_11,48 hour treatment with 0.2% dmso,unknown,mv4_11,False,False,mv4_11
09acf99e,6,RNA-seq,852784,mv4_11,48 hour treatment with either 0.1% dmso,unknown,mv4_11,False,False,mv4_11
70e21d13,6,Ribo-seq,850795,mb135idux4,dox+ifng,unknown,mb135idux4,False,False,mb135idux4
a474b7f3,6,Ribo-seq,850795,mb135idux4,dox,unknown,mb135idux4,False,False,mb135idux4
88afbeaf,6,Ribo-seq,850795,mb135idux4,ifng,unknown,mb135idux4,False,False,mb135idux4
0c4b383c,6,Ribo-seq,850795,mb135idux4,untreated,unknown,mb135idux4,False,False,mb135idux4
f469a3fa,6,RNA-seq,842067,s2,unknown,unknown,s2,False,False,s2
4f6c20e2,6,"RNA-seq,Ribo-seq",816171,liver cancer cells,unknown,unknown,mhcc97h cells,True,False,mhcc97h
34a94ae4,6,Ribo-seq,811063,neuron,unknown,unknown,unknown,False,False,tdp43 knockdown
2812dbee,6,Ribo-seq,811063,neuron,unknown,unknown,unknown,False,False,control
7a065f4c,6,RNA-seq,"794163,793438",u2os,unknown,unknown,qki7 oe ribo-seq,False,True,u2os
df20722b,6,RNA-seq,"794163,793438",u2os,unknown,unknown,vector ribo-seq,False,True,u2os
85d7e391,6,RNA-seq,"794163,793438",u2os,unknown,unknown,qki7 oe input,False,True,u2os
17cfc744,6,RNA-seq,"794163,793438",u2os,unknown,unknown,vector input,False,True,u2os
57847d70,6,RNA-seq,789173,unknown,treated with 1000nm scrambled pna,unknown,cell-free mrna and translational machinery,False,False,unknown
efc8b5c2,6,RNA-seq,789173,unknown,treated with 1000nm acpp pna,unknown,cell-free mrna and translational machinery,False,False,unknown
8c99e23f,6,RNA-seq,789173,unknown,treated with 250nm acpp pna,unknown,cell-free mrna and translational machinery,False,False,unknown
34e46692,6,RNA-seq,789173,unknown,treated with 63nm acpp pna,unknown,cell-free mrna and translational machinery,False,False,unknown
53db0b03,6,RNA-seq,789173,unknown,treated with 16nm acpp pna,unknown,cell-free mrna and translational machinery,False,False,unknown
3ed93a68,6,RNA-seq,789173,unknown,treated with 5nm acpp pna,unknown,cell-free mrna and translational machinery,False,False,unknown
2f37587d,6,RNA-seq,789173,unknown,treated with 0.5nm acpp pna,unknown,cell-free mrna and translational machinery,False,False,unknown
0a64d3eb,6,RNA-seq,773909,hasc,unknown,unknown,unknown,False,False,unknown
d5ff0fae,6,RNA-seq,770523,u251-mg,unknown,unknown,glioma cells,False,False,u251-mg
b3d0fccc,6,RNA-seq,770523,u87-mg,unknown,unknown,glioma cells,False,False,u87-mg
732791d5,6,RNA-seq,768399,unknown,unknown,unknown,tumor tissue of oral cavity carcinomas,False,False,unknown
af188dab,6,RNA-seq,765951,unknown,sulfur deficiency,unknown,rna_sminus_whole shoot,False,False,btx623
7a6910d3,6,RNA-seq,765951,unknown,control,unknown,rna_ctrl_whole shoot,False,False,btx623
72d01790,6,RNA-seq,765951,unknown,sulfur deficiency,unknown,ribo_sminus_whole shoot,False,False,btx623
82af4440,6,RNA-seq,765951,unknown,control,unknown,ribo_ctrl_whole shoot,False,False,btx623
036fdf17,6,RNA-seq,756023,umbilical vein endothelial cells,untreated,unknown,untreated normal human umbilical vein endothelial cells,False,False,unknown
64e47ce5,6,RNA-seq,756018,huvec,untreated,unknown,untreated normal human umbilical vein endothelial cells,False,False,unknown
b59e43ce,6,Ribo-seq,755296,epithelial cell,exposed to pm2.5 for 24h,unknown,cells exposed to pm2.5,False,False,beas-2b
635bc291,6,Ribo-seq,755296,epithelial cell,untreated,unknown,control cells,False,False,beas-2b
e2f93425,6,RNA-seq,740301,skeletal muscle myoblast,treated with doxycycline for 4 h,unknown,mb135idux4 myoblasts,False,False,mb135idux4
2e14b3c3,6,RNA-seq,740301,skeletal muscle myoblast,untreated,unknown,mb135idux4 myoblasts,False,False,mb135idux4
37975f54,6,RNA-seq,740301,skeletal muscle myoblast,treated with doxycycline for 14 h,unknown,mb135idux4 myoblasts,False,False,mb135idux4
21a9ed60,6,RNA-seq,740301,skeletal muscle myoblast,treated with doxycycline for 8 h,unknown,mb135idux4 myoblasts,False,False,mb135idux4
e6bd2e57,6,Ribo-seq,731067,insulinoma min6 cell,cpa 18 hours,unknown,min6 cell cpa18 ribo-seq,False,False,insulinoma min6 cell
a648d375,6,RNA-seq,731067,insulinoma min6 cell,cpa 18 hours,unknown,min6 cell cpa18 mrna-seq,False,False,insulinoma min6 cell
fb06aff6,6,Ribo-seq,731067,insulinoma min6 cell,cpa 1 hour,unknown,min6 cell cpa1 ribo-seq,False,False,insulinoma min6 cell
3e037db8,6,RNA-seq,731067,insulinoma min6 cell,cpa 1 hour,unknown,min6 cell cpa1 mrna-seq,False,False,insulinoma min6 cell
bd5b46db,6,Ribo-seq,731067,insulinoma min6 cell,dmso 18 hours,unknown,min6 cell control ribo-seq,False,False,insulinoma min6 cell
847a2d0f,6,RNA-seq,731067,insulinoma min6 cell,dmso 18 hours,unknown,min6 cell control mrna-seq,False,False,insulinoma min6 cell
aaec2483,6,Ribo-seq,725700,unknown,unknown,unknown,root,False,False,oryza sativa ssp. indica zs97
e11d4554,6,RNA-seq,722238,hnscc cells,the polyribosome-bound-mrnas were isolated from total rna by ultra-centrifugation,unknown,hnscc,False,False,mettl1-knockout
175b549c,6,RNA-seq,722238,hnscc cells,the polyribosome-bound-mrnas were isolated from total rna by ultra-centrifugation,unknown,hnscc,False,False,normal
f07c5824,6,RNA-seq,720671,unknown,unknown,unknown,whole animal,False,False,mais105;let-7(ma435)
6b51f16a,6,RNA-seq,720671,unknown,unknown,unknown,whole animal,False,False,mais105
382a03c8,6,RNA-seq,720671,unknown,unknown,unknown,whole animal,False,False,lin-41(tn1541ma480);let-7(ma432)
d4c83a2b,6,RNA-seq,720671,unknown,unknown,unknown,whole animal,False,False,lin-41(tn1541)
4d579e92,6,RNA-seq,717063,esophageal epithelial,the polyribosome-bound-mrnas were isolated from total rna by ultra-centrifugation,unknown,esophagus,False,False,mettl1-knockdown
01258f79,6,RNA-seq,717063,esophageal epithelial,unknown,unknown,esophagus,False,False,mettl1-knockdown
14c9a8b9,6,RNA-seq,717063,esophageal epithelial,the polyribosome-bound-mrnas were isolated from total rna by ultra-centrifugation,unknown,esophagus,False,False,normal
25e1897b,6,RNA-seq,717063,esophageal epithelial,unknown,unknown,esophagus,False,False,normal
a49ab68d,6,Ribo-seq,700841,s2 cells,low ionic lysis buffer,unknown,s2 cells,False,False,unknown
19ad4b3f,6,RNA-seq,697913,unknown,unknown,unknown,oocyte,False,False,cnot6l ko
d83cc9ee,6,RNA-seq,697913,unknown,unknown,unknown,oocyte,False,False,cnot6l het
f8af4f8e,6,RNA-seq,649449,unknown,untreated,unknown,testis,False,False,c57b6
6cbf9d62,6,RNA-seq,649449,unknown,oxidation,unknown,testis,False,False,c57b6
53f24f33,6,RNA-seq,649449,unknown,na,unknown,testis,False,False,c57b6
4b395732,6,RNA-seq,"649003,648998",raw264.7,"lps, 16 h",unknown,raw264.7,False,True,raw264.7
a7bd8866,6,RNA-seq,"649003,648998",raw264.7,lps 90 min,unknown,raw264.7,False,True,raw264.7
820dbec2,6,RNA-seq,"649003,648998",raw264.7,lps 75 min,unknown,raw264.7,False,True,raw264.7
a851f608,6,RNA-seq,"649003,648998",raw264.7,"lps, 60 min",unknown,raw264.7,False,True,raw264.7
99230962,6,RNA-seq,"649003,648998",raw264.7,"lps, 45 min",unknown,raw264.7,False,True,raw264.7
5b14300a,6,RNA-seq,"649003,648998",raw264.7,"lps, 30 min",unknown,raw264.7,False,True,raw264.7
c0ef71bd,6,RNA-seq,"649003,648998",raw264.7,"lps, 15 min",unknown,raw264.7,False,True,raw264.7
e3c65bc1,6,RNA-seq,"648998,649002",raw264.7,"4su, 120 min",unknown,raw264.7,False,True,raw264.7
573568f2,6,RNA-seq,"648998,649002",raw264.7,"4su, 90 min",unknown,raw264.7,False,True,raw264.7
ed1a2da7,6,RNA-seq,"648998,649002",raw264.7,"4su, 60 min",unknown,raw264.7,False,True,raw264.7
be0f536c,6,Ribo-seq,648380,unknown,none,unknown,nematodes,False,False,csr-1(gc010)[d769a]/nt1 [unc-?(n754) let-? qis51] (iv;v)
cd8efc95,6,Ribo-seq,634994,neuron,harringtonine_30s,unknown,hippocampus,False,False,cd (sprague dawley) igs rat
01000b12,6,Ribo-seq,634994,neuron,harringtonine_15s,unknown,hippocampus,False,False,cd (sprague dawley) igs rat
05448135,6,Ribo-seq,634994,neuron,harringtonine_150s,unknown,hippocampus,False,False,cd (sprague dawley) igs rat
b4f1abbc,6,Ribo-seq,634994,neuron,harringtonine_90s,unknown,hippocampus,False,False,cd (sprague dawley) igs rat
d64ada50,6,Ribo-seq,634994,neuron,harringtonine_45s,unknown,hippocampus,False,False,cd (sprague dawley) igs rat
3ff4d57f,6,RNA-seq,622261,plc stem cells,none,unknown,human plc cell line,False,False,unknown
2bf13abc,6,RNA-seq,622261,normal plc cells,none,unknown,human plc cell line,False,False,unknown
77ed6752,6,Ribo-seq,609216,unknown,none,unknown,n2_embryos_ribo-seq,False,False,n2
10bd28c5,6,Ribo-seq,598453,unknown,unknown,18 hours,culture grown in m9 minimal medium,False,False,bw25113_<delta>rsfs
90551568,6,Ribo-seq,598453,unknown,unknown,12 hours,culture grown in m9 minimal medium,False,False,bw25113_<delta>rsfs
cc1c69ff,6,RNA-seq,591767,u343,unknown,t24,u343_riboseq_t24,False,False,u343
bdfff8dc,6,RNA-seq,591767,u343,unknown,t1,u343_riboseq_t1,False,False,u343
118eeb9c,6,RNA-seq,591767,u343,unknown,t0,u343_riboseq_t0,False,False,u343
735ee80f,6,RNA-seq,591767,u251,unknown,t24,u251_riboseq_t24,False,False,u251
4ab9e01a,6,RNA-seq,591767,u251,unknown,t1,u251_riboseq_t1,False,False,u251
4a886bb5,6,RNA-seq,591767,u343,unknown,t24,u343_rnaseq_t24,False,False,u343
69c9bc92,6,RNA-seq,591767,u343,unknown,t1,u343_rnaseq_t1,False,False,u343
be6badbd,6,RNA-seq,591767,u343,unknown,t0,u343_rnaseq_t0,False,False,u343
55abc500,6,RNA-seq,591767,u251,unknown,t24,u251_rnaseq_t24,False,False,u251
f6a646ba,6,RNA-seq,591767,u251,unknown,t1,u251_rnaseq_t1,False,False,u251
b7fff872,6,Ribo-seq,561206,unknown,unknown,unknown,liver,False,False,eef2 kd
c62a42b6,6,RNA-seq,561206,unknown,unknown,12 days,liver,False,False,eef2 kd
21132f9f,6,RNA-seq,561206,unknown,unknown,9 days,liver,False,False,eef2 kd
fc6c5be7,6,RNA-seq,561206,unknown,unknown,7 days,liver,False,False,eef2 kd
7147b994,6,RNA-seq,548154,unknown,unknown,unknown,whole body,False,False,wja0780
e77c3de5,6,"RNA-seq,Ribo-seq",548154,unknown,unknown,unknown,whole body,True,False,wja0579
c04fa5a0,6,RNA-seq,543873,unknown,unknown,unknown,escherichia coli k-12 substr. mg1655 cells,False,False,wildtype
635ae647,6,RNA-seq,515538,hek293t,unknown,unknown,hek293t (human embryonic kidney),False,False,hek293t
b9df0314,6,RNA-seq,510796,unknown,avrrpt2 inoculation,unknown,rf-avrrpt2 (c),False,False,wt background
80efee6c,6,RNA-seq,510796,unknown,mock,unknown,rf-mock (c),False,False,wt background
33b68672,6,RNA-seq,510796,unknown,avrrpt2 inoculation,unknown,rs-avrrpt2 (c),False,False,wt background
ad06050c,6,RNA-seq,510796,unknown,mock,unknown,rs-mock (c),False,False,wt background
50568a81,6,RNA-seq,509065,unknown,unknown,unknown,whole organism,False,False,pd2186/pd4709
d99f057c,6,RNA-seq,486172,unknown,unknown,unknown,m2.45.sa,False,False,unknown
e5d2e85c,6,Ribo-seq,484185,t-rex-hela cell line,unknown,unknown,hela cells,False,False,sdos-egfp under tet repressor
222a5eca,6,Ribo-seq,484185,t-rex-hela cell line,unknown,unknown,hela cells,False,False,egfp under tet repressor
3a75b137,6,"RNA-seq,Ribo-seq",477865,unknown,rnai against unc-15 (bja77),unknown,unknown,True,False,pd 2860
229183fb,6,"RNA-seq,Ribo-seq",477865,unknown,rnai against unc-15 (bja77),unknown,unknown,True,False,pd 2854
0e9bb522,6,"RNA-seq,Ribo-seq",477865,unknown,rnai against unc-22 (bja7),unknown,unknown,True,False,pd 2854
ba212871,6,"RNA-seq,Ribo-seq",477865,unknown,rnai against unc-54 (bja153),unknown,unknown,True,False,pd 2854
56916bc7,6,"RNA-seq,Ribo-seq",477865,unknown,rnai against unc-54 (bja153),unknown,unknown,True,False,pd 2860
cd30ecc5,6,"RNA-seq,Ribo-seq",477865,unknown,rnai against unc-54 (bja151),unknown,unknown,True,False,pd 2860
fb59a980,6,"RNA-seq,Ribo-seq",477865,unknown,rnai against unc-54 (bja151),unknown,unknown,True,False,pd 1074
25d88d25,6,"RNA-seq,Ribo-seq",477865,unknown,rnai against unc-54 (bja153),unknown,unknown,True,False,pd 1074
8a33ed17,6,"RNA-seq,Ribo-seq",477865,unknown,rnai against unc-54 (bja151),unknown,unknown,True,False,pd 2854
a78fd31b,6,RNA-seq,473925,hela,unknown,unknown,oe riboseq,False,False,hela
32a1ea3c,6,RNA-seq,473925,hela,unknown,unknown,wt riboseq,False,False,hela
3fb8b14b,6,RNA-seq,470579,unknown,mock mirna methyl rna control total,unknown,glioblastoma,False,False,unknown
26d641e9,6,RNA-seq,470579,unknown,differentiated total rna,unknown,glioblastoma,False,False,unknown
621df873,6,RNA-seq,470579,unknown,differentiated polysome-associated rna,unknown,glioblastoma,False,False,unknown
3eaacceb,6,RNA-seq,470579,unknown,stem total rna,unknown,glioblastoma,False,False,unknown
a148bbfe,6,RNA-seq,470579,unknown,stem polysome-associated rna,unknown,glioblastoma,False,False,unknown
1b83f463,6,RNA-seq,470579,unknown,differentiated methyl rna control,unknown,glioblastoma,False,False,unknown
5d4f7955,6,RNA-seq,470579,unknown,differentiated methyl rna ip,unknown,glioblastoma,False,False,unknown
890e6320,6,RNA-seq,470579,unknown,stem methyl rna control total,unknown,glioblastoma,False,False,unknown
ce18390c,6,RNA-seq,470579,unknown,stem methyl rna ip,unknown,glioblastoma,False,False,unknown
02200c09,6,RNA-seq,417116,mouse lymphoid ba/f3 cells,unknown,unknown,isogenic ba/f3_wt form of human rpl10_rnaseq,False,False,unknown
bc7ee28b,6,RNA-seq,417116,mouse lymphoid ba/f3 cells,unknown,unknown,isogenic ba/f3_r98s mutant form of human rpl10_rnaseq,False,False,unknown
6b3373f2,6,RNA-seq,415033,hek293,unknown,unknown,dhx36-ko-hek293,False,False,hek293
3df9a59f,6,RNA-seq,396698,unknown,unknown,unknown,"hela cells, polya rna",False,False,wt
e4d4f327,6,RNA-seq,385767,acute myeloid leukemia,unknown,unknown,molm13 poly(a) rna,False,False,unknown
088b6320,6,RNA-seq,297338,hela s3 cells,unknown,unknown,hela s3_g1_rna-seq exp2,False,False,unknown
d8bd62c9,6,RNA-seq,278390,u2os,myc activation (36 hr),unknown,"u2os, myc activation (36 hr)",False,False,unknown
70cb6c05,6,RNA-seq,278390,u2os,control,unknown,"u2os, control",False,False,unknown
82b8ce29,6,RNA-seq,196335,unknown,unknown,unknown,unknown,False,False,tigr4
8054034e,6,"RNA-seq,Ribo-seq",193543,unknown,unknown,unknown,ywg386,True,False,by4741
8fbe825a,6,"RNA-seq,Ribo-seq",193543,unknown,unknown,unknown,ywg382,True,False,by4741
223d5251,6,"RNA-seq,Ribo-seq",193543,unknown,unknown,unknown,ywg385,True,False,by4741
0f3eddb9,6,"RNA-seq,Ribo-seq",193543,unknown,unknown,unknown,ywg269,True,False,by4741
88bcd32e,5,RNA-seq,885130,unknown,unknown,egg laying,4c_growth_protocol,False,False,wild type
f29944aa,5,RNA-seq,258156,coriell:hg03084,unknown,unknown,unknown,False,False,unknown
6354b5d4,4,Ribo-seq,1308098,unknown,unknown,unknown,midgut,False,False,mulberry leaf
8244572f,4,RNA-seq,1284240,unknown,unknown,unknown,trunk,False,False,wild type
1c826817,4,Ribo-seq,1254209,cardiomyocytes,unknown,unknown,heart,False,False,ko
7432b22c,4,Ribo-seq,1254209,cardiomyocytes,unknown,unknown,heart,False,False,wt
c52e7b3e,4,RNA-seq,1207466,unknown,input,unknown,leaves,False,False,sair1-yfp-ox2
298a5146,4,RNA-seq,1207466,unknown,input,unknown,leaves,False,False,35s-gfp
85c3cfc9,4,RNA-seq,1207466,unknown,ip,unknown,leaves,False,False,sair1-yfp-ox2
29bcc1a0,4,RNA-seq,1207466,unknown,ip,unknown,leaves,False,False,35s-gfp
a0e33b94,4,RNA-seq,1207466,unknown,dc3000,unknown,leaves,False,False,sair1-yfp-ox2
d93ce54e,4,RNA-seq,1207466,unknown,dc3000,unknown,leaves,False,False,sair1-1
fe3278a7,4,RNA-seq,1207466,unknown,dc3000,unknown,leaves,False,False,col-0
d2158684,4,RNA-seq,1207466,unknown,mock,unknown,leaves,False,False,sair1-yfp-ox2
9a2e697f,4,RNA-seq,1197449,unknown,unknown,unknown,testis,False,False,tscl1_lnc_ko
3f29fd7e,4,RNA-seq,1187475,7860,empty vector,unknown,7860,False,False,7860
137fdd33,4,RNA-seq,1187475,7860,overexpressing phyhd1 (mt),unknown,7860,False,False,7860
cd633e6f,4,RNA-seq,1187475,7860,wt,unknown,7860,False,False,7860
d057b8b8,4,RNA-seq,1172296,bone marrow derived monocytes,osteoclast differentiation,unknown,bone marrow,False,False,wt
ffb37a99,4,RNA-seq,1172296,bone marrow derived monocytes,osteoclast differentiation,unknown,bone marrow,False,False,nat10 conditional knockout
16a471c0,4,RNA-seq,"1162540,1161172",unknown,unknown,unknown,leaf,False,True,not collected
aa68e345,4,RNA-seq,1160843,hek 293,transfected with empty vector,unknown,cultured cells,False,False,hek 293
66b07c7d,4,RNA-seq,1160843,hek 293,transfected with sup-trna,unknown,cultured cells,False,False,hek 293
cacb2c4c,4,Ribo-seq,1144916,hct116,trmt61a knockout,unknown,colon,False,False,hct116
97861e01,4,Ribo-seq,1144916,hct116,wt,unknown,colon,False,False,hct116
5b67ccb1,4,RNA-seq,1129445,omp-gfp positive mature osns,none,unknown,main olfactory epithelium (moe),False,False,mex3a fl/fl; foxg1irescre; omp-ires-cre
136ac81e,4,RNA-seq,1129445,omp-gfp positive mature osns,none,unknown,main olfactory epithelium (moe),False,False,mex3a fl/fl; omp-ires-gfp
07cbab49,4,RNA-seq,1129445,ngn1-gfp+ immediate neuronal progenitors/immature olfactory sensory neurons (inp/iosn),none,unknown,main olfactory epithelium (moe),False,False,mex3a fl/fl; foxg1irescre; ngn1-gfp
ffd1df74,4,RNA-seq,1129445,ngn1-gfp+ immediate neuronal progenitors/immature olfactory sensory neurons (inp/iosn),none,unknown,main olfactory epithelium (moe),False,False,mex3a fl/fl; ngn1-gfp
91c1d163,4,RNA-seq,1122590,unknown,10c 3h 4c 1d,unknown,whole animal,False,False,n2
ac70e4c0,4,RNA-seq,1122590,unknown,10c 3h,unknown,whole animal,False,False,n2
9f61d32f,4,RNA-seq,1122590,unknown,20c,unknown,whole animal,False,False,n2
7eac3dc3,4,RNA-seq,1121290,caco-2,undifferentiated,unknown,caco-2,False,False,caco-2
d3e5d25c,4,RNA-seq,1121290,caco-2,"differentiated, control",unknown,caco-2,False,False,caco-2
c718b328,4,RNA-seq,1121290,caco-2,"differentiated, micelles without lipid",unknown,caco-2,False,False,caco-2
81014c04,4,RNA-seq,1121290,caco-2,"differentiated, lipid micelles",unknown,caco-2,False,False,caco-2
cc98c699,4,RNA-seq,1121289,pbmc,na,unknown,pbmc,False,False,pbmc
8ff8910f,4,RNA-seq,1121289,caco-2,na,unknown,caco-2,False,False,caco-2
32a00a61,4,RNA-seq,1121289,ccd-18co,na,unknown,ccd-18co,False,False,ccd-18co
146d40a4,4,RNA-seq,1121289,hcec-1ct,na,unknown,hcec-1ct,False,False,hcec-1ct
7b94ed8c,4,RNA-seq,1112384,e14,pd treatment,unknown,inner cell mass,False,False,e14
e87783ea,4,RNA-seq,1112384,e14,dmso treatment,unknown,inner cell mass,False,False,e14
5a41f488,4,"RNA-seq,Ribo-seq",1092679,unknown,unknown,unknown,lab strain,True,False,bw25116
678874da,4,"RNA-seq,Ribo-seq",1092679,unknown,unknown,unknown,lab strain,True,False,bw25115
ccf9c8fc,4,"RNA-seq,Ribo-seq",1092679,unknown,unknown,unknown,lab strain,True,False,bw25114
ba99d856,4,"RNA-seq,Ribo-seq",1092679,unknown,unknown,unknown,lab strain,True,False,bw25124
e77eff28,4,"RNA-seq,Ribo-seq",1092679,unknown,unknown,unknown,lab strain,True,False,bw25123
5b9e0d52,4,"RNA-seq,Ribo-seq",1092679,unknown,unknown,unknown,lab strain,True,False,bw25122
043a208b,4,"RNA-seq,Ribo-seq",1092679,unknown,unknown,unknown,lab strain,True,False,bw25121
c9215eda,4,"RNA-seq,Ribo-seq",1092679,unknown,unknown,unknown,lab strain,True,False,bw25120
e73f34ab,4,"RNA-seq,Ribo-seq",1092679,unknown,unknown,unknown,lab strain,True,False,bw25119
ca13ac61,4,"RNA-seq,Ribo-seq",1092679,unknown,unknown,unknown,lab strain,True,False,bw25113
be066e1a,4,RNA-seq,"1080486,1080485,1080500,1080484",unknown,unknown,unknown,cell line,False,True,unknown
1fb287ef,4,RNA-seq,1080500,unknown,ccl4 administration,unknown,liver,False,False,ythdf3 knockout
e61cbdf5,4,RNA-seq,1071981,unknown,unknown,unknown,testis,False,False,mice
6e1c1d0b,4,RNA-seq,1070982,"strain jkd6008 (vancomycin intermediate, visa)",unknown,unknown,"strain jkd6008 (vancomycin intermediate, visa)",False,False,"strain jkd6008 (vancomycin intermediate, visa)"
af808170,4,Ribo-seq,1069085,a549 cells,zikv sfrnanull infected,unknown,a549 cells,False,False,a549 cells
4fe0ba4f,4,Ribo-seq,1069085,a549 cells,zikv wt infected,unknown,a549 cells,False,False,a549 cells
401fb2ed,4,Ribo-seq,1069085,a549 cells,mock infected,unknown,a549 cells,False,False,a549 cells
f961e4ce,4,"RNA-seq,Ribo-seq",1055925,oci-aml3,"500nm dtag-13, 6h",unknown,oci-aml3,True,False,oci-aml3
af6a4497,4,"RNA-seq,Ribo-seq",1055925,oci-aml3,"0.3% dmso, 6h",unknown,oci-aml3,True,False,oci-aml3
aa1bf4fa,4,Ribo-seq,1055023,mle-12,1-nitropyrene,unknown,lung,False,False,mle-12
082feaeb,4,Ribo-seq,1055023,mle-12,control,unknown,lung,False,False,mle-12
f8d2797e,4,Ribo-seq,1054207,unknown,1h dark,unknown,seedling,False,False,wild type
bf02a6b5,4,RNA-seq,1054207,unknown,unknown,unknown,seedling,False,False,hcf173 mutant
02c10248,4,Ribo-seq,1054207,unknown,reillumination,unknown,seedling,False,False,hcf173 mutant
e663ac80,4,Ribo-seq,1054207,unknown,reillumination,unknown,seedling,False,False,hcf173 mutant with dppr transgene
881ca5eb,4,Ribo-seq,1054207,unknown,1h dark,unknown,seedling,False,False,hcf173 mutant with dppr transgene
f3f0fdf4,4,Ribo-seq,1054207,unknown,reillumination,unknown,seedling,False,False,wild type
5b515ece,4,RNA-seq,1054207,unknown,unknown,unknown,seedling,False,False,wild type
0edd0ccf,4,RNA-seq,"1049449,1049446,1049447,1049448",unknown,unknown,unknown,skin cells,False,True,unknown
8dd5ec3c,4,RNA-seq,1047263,unknown,unknown,unknown,rna-seq,False,False,p131
c91b9509,4,Ribo-seq,1047263,unknown,unknown,unknown,ribo-seq,False,False,p131
50c61286,4,RNA-seq,1037596,unknown,unknown,unknown,brain organoid,False,False,airim-v190g
b44a38e8,4,RNA-seq,1034671,unknown,unknown,unknown,wt_4,False,False,c57bl/6n
001f7158,4,RNA-seq,1034671,unknown,unknown,unknown,ko_4,False,False,c57bl/6n
1ac00bb5,4,RNA-seq,1034054,epidermal keratinocytes,none,unknown,"cko epidermis,p0",False,False,epidermal keratinocytes
bfdab2f7,4,RNA-seq,1034054,epidermal keratinocytes,none,unknown,"ctrl epidermis,p0",False,False,epidermal keratinocytes
fa4e7d5c,4,RNA-seq,1024503,mouse testis cells,unknown,unknown,mouse testis cells,False,False,ddx20 knockout
e96372a7,4,RNA-seq,1024503,mouse testis cells,unknown,unknown,mouse testis cells,False,False,control
acf688e9,4,Ribo-seq,1017530,nih3t3,"hs, sisrp72",unknown,cell line,False,False,nih3t3
cc33ce64,4,Ribo-seq,1017530,nih3t3,"hs, sictrl",unknown,cell line,False,False,nih3t3
413d07d7,4,Ribo-seq,1017530,nih3t3,"no hs, sisrp72",unknown,cell line,False,False,nih3t3
4adfe995,4,Ribo-seq,1017530,nih3t3,"no hs, sictrl",unknown,cell line,False,False,nih3t3
87373742,4,Ribo-seq,985711,panc-1,"0.1percent dmso,24 h",unknown,panc-1,False,False,panc-1
d7039a35,4,Ribo-seq,985711,cfpac-1,"10 microm ike,24 h",unknown,cfpac-1,False,False,cfpac-1
336a540a,4,Ribo-seq,985711,cfpac-1,"0.1percent dmso,24 h",unknown,cfpac-1,False,False,cfpac-1
a22a31ac,4,RNA-seq,978085,hek293t,plus_eme,unknown,hek293t,False,False,hek293t
1d0518a7,4,RNA-seq,978085,hek293t,plus_preq1_minus_4u8c,unknown,hek293t,False,False,hek293t
b7fade6a,4,RNA-seq,978085,hek293t,minus_preq1_minus_4u8c,unknown,hek293t,False,False,hek293t
70f9948f,4,RNA-seq,978085,hek293t,plus_preq1_plus_4u8c,unknown,hek293t,False,False,hek293t
1f43e8c1,4,RNA-seq,978085,hek293t,preq1_polysome,unknown,hek293t,False,False,hek293t
3c3368ed,4,RNA-seq,978085,hek293t,0q_polysome,unknown,hek293t,False,False,hek293t
f45fe092,4,RNA-seq,978085,hek293t,preq1_input,unknown,hek293t,False,False,hek293t
5cd75fc4,4,RNA-seq,978085,hek293t,plusdm_preq1+10nmq,unknown,hek293t,False,False,hek293t
719264b9,4,RNA-seq,978085,hek293t,plusdm_preq1,unknown,hek293t,False,False,hek293t
e13b73c4,4,RNA-seq,978085,hek293t,plusdm_0q,unknown,hek293t,False,False,hek293t
77c9ac84,4,RNA-seq,978085,hek293t,minusdm_100q,unknown,hek293t,False,False,hek293t
23884e04,4,RNA-seq,978085,hek293t,0q_input,unknown,hek293t,False,False,hek293t
15586ad3,4,RNA-seq,978085,hek293t,plusdm_100q,unknown,hek293t,False,False,hek293t
db6b233d,4,RNA-seq,978085,hek293t,minusdm_0q,unknown,hek293t,False,False,hek293t
b4be09ef,4,RNA-seq,978085,hek293t,plusdm_preq1+1nmq,unknown,hek293t,False,False,hek293t
f50c81d0,4,RNA-seq,978085,hek293t,minusdm_preq1+1nmq,unknown,hek293t,False,False,hek293t
b63be0a8,4,RNA-seq,978085,hek293t,minusdm_preq1+10nmq,unknown,hek293t,False,False,hek293t
dbbe18ee,4,RNA-seq,978085,hek293t,minusdm_preq1,unknown,hek293t,False,False,hek293t
d373d22f,4,RNA-seq,977673,primary neonatal mouse cardiomyocytes,ad-nat10-12h,unknown,primary neonatal mouse cardiomyocytes,False,False,unknown
cf6f6e7e,4,RNA-seq,977673,primary neonatal mouse cardiomyocytes,ad-nat10-0h,unknown,primary neonatal mouse cardiomyocytes,False,False,unknown
8977aabf,4,RNA-seq,977673,primary neonatal mouse fibroblasts,nc-6h,unknown,primary neonatal mouse fibroblasts,False,False,unknown
7be5336d,4,RNA-seq,977673,primary neonatal mouse fibroblasts,nc-24h,unknown,primary neonatal mouse fibroblasts,False,False,unknown
b6cd8f95,4,RNA-seq,977673,primary neonatal mouse fibroblasts,nc-18h,unknown,primary neonatal mouse fibroblasts,False,False,unknown
58736a75,4,RNA-seq,977673,primary neonatal mouse fibroblasts,nc-12h,unknown,primary neonatal mouse fibroblasts,False,False,unknown
3d70c910,4,RNA-seq,977673,primary neonatal mouse fibroblasts,nc-0h,unknown,primary neonatal mouse fibroblasts,False,False,unknown
d2d201e4,4,RNA-seq,977673,primary neonatal mouse fibroblasts,ad-nat10-6h,unknown,primary neonatal mouse fibroblasts,False,False,unknown
968419d0,4,RNA-seq,977673,primary neonatal mouse fibroblasts,ad-nat10-24h,unknown,primary neonatal mouse fibroblasts,False,False,unknown
299e7183,4,RNA-seq,977673,primary neonatal mouse fibroblasts,ad-nat10-18h,unknown,primary neonatal mouse fibroblasts,False,False,unknown
33fba98c,4,RNA-seq,977673,primary neonatal mouse fibroblasts,ad-nat10-12h,unknown,primary neonatal mouse fibroblasts,False,False,unknown
f0937493,4,RNA-seq,977673,primary neonatal mouse cardiomyocytes,nc-6h,unknown,primary neonatal mouse cardiomyocytes,False,False,unknown
20d92670,4,RNA-seq,977673,primary neonatal mouse cardiomyocytes,nc-24h,unknown,primary neonatal mouse cardiomyocytes,False,False,unknown
10039ebd,4,RNA-seq,977673,primary neonatal mouse cardiomyocytes,nc-18h,unknown,primary neonatal mouse cardiomyocytes,False,False,unknown
dc47fe3e,4,RNA-seq,977673,primary neonatal mouse cardiomyocytes,nc-12h,unknown,primary neonatal mouse cardiomyocytes,False,False,unknown
bff9ad43,4,RNA-seq,977673,primary neonatal mouse cardiomyocytes,nc-0h,unknown,primary neonatal mouse cardiomyocytes,False,False,unknown
d030e601,4,RNA-seq,977673,primary neonatal mouse cardiomyocytes,ad-nat10-6h,unknown,primary neonatal mouse cardiomyocytes,False,False,unknown
7c03af3c,4,RNA-seq,977673,primary neonatal mouse cardiomyocytes,ad-nat10-24h,unknown,primary neonatal mouse cardiomyocytes,False,False,unknown
5cdb5d1c,4,RNA-seq,977673,primary neonatal mouse cardiomyocytes,ad-nat10-18h,unknown,primary neonatal mouse cardiomyocytes,False,False,unknown
40e6f885,4,RNA-seq,977673,primary neonatal mouse fibroblasts,ad-nat10-0h,unknown,primary neonatal mouse fibroblasts,False,False,unknown
da77f2d9,4,RNA-seq,956925,hela cells,uninfected,unknown,hela cells,False,False,hela cells
85cb6ce3,4,RNA-seq,956925,hela cells,infection with wt vacv with arac,unknown,hela cells,False,False,hela cells
9ff4dc70,4,RNA-seq,956925,hela cells,infection with wt vacv,unknown,hela cells,False,False,hela cells
4f906dce,4,RNA-seq,956925,hela cells,infection with vk1-c7- vacv with arac,unknown,hela cells,False,False,hela cells
6f97eeb2,4,RNA-seq,949707,primary cultured cortical neurons,harringtonine,3 minutes,primary cultured cortical neurons,False,False,ltn1 ko
705779c1,4,RNA-seq,949707,primary cultured cortical neurons,harringtonine,3 minutes,primary cultured cortical neurons,False,False,wt
fa80bbf7,4,RNA-seq,947526,kucg-2 hipsc,rpc7a kd cripsri,unknown,kucg-2 hipsc,False,False,kucg-2 hipsc
1e4f3aab,4,RNA-seq,940452,unknown,700 units rnasei,unknown,14-day old seedlings,False,False,wild type
3a618544,4,Ribo-seq,925168,somatic cells,unknown,unknown,inflorescence,False,False,hot3-2 dcl2 dcl4
2355f0ab,4,Ribo-seq,925168,somatic cells,unknown,unknown,inflorescence,False,False,dcl2 dcl4
09f4ca8e,4,Ribo-seq,925168,somatic cells,unknown,unknown,inflorescence,False,False,hot3-2
4d350e26,4,Ribo-seq,925168,somatic cells,unknown,unknown,inflorescence,False,False,wt
602f0f57,4,RNA-seq,923627,hl-60,dmso,72 hours,hl-60,False,False,hl-60
e7c26e10,4,RNA-seq,923627,hl-60,decitabine,72 hours,hl-60,False,False,hl-60
d16e9708,4,RNA-seq,907315,5-fu-resistant hct8,transfected with mettl14 overexpression plasmids,unknown,5-fu-resistant hct8,False,False,5-fu-resistant hct8
59f04fe8,4,RNA-seq,907315,5-fu-resistant hct8,transfected with negative control plasmids,unknown,5-fu-resistant hct8,False,False,5-fu-resistant hct8
c5831fb2,4,RNA-seq,903814,hct116,slam_no_labeling,unknown,hct116,False,False,hct116
523187f7,4,RNA-seq,903814,hct116,slam_labeling_dmso_8h,unknown,hct116,False,False,hct116
3ef475a3,4,RNA-seq,903814,hct116,slam_labeling_dmso_0h,unknown,hct116,False,False,hct116
6dd4398e,4,RNA-seq,903814,hct116,slam_labeling_ddx3x_degron_8h,unknown,hct116,False,False,hct116
9e6a1883,4,RNA-seq,903814,hct116,slam_labeling_ddx3x_degron_0h,unknown,hct116,False,False,hct116
7f17a416,4,RNA-seq,896508,cal51,unknown,unknown,cal51,False,False,cal51
35deaed6,4,RNA-seq,870739,mouse embryonic fibroblasts,wortm,unknown,mouse embryonic fibroblasts,False,False,c57bl/6
49524600,4,RNA-seq,870739,mouse embryonic fibroblasts,control,unknown,mouse embryonic fibroblasts,False,False,c57bl/6
8937718e,4,RNA-seq,862448,nci-h1299,500nm decitabine + 500nm sb939,unknown,nci-h1299,False,False,nci-h1299
663c85b0,4,RNA-seq,852784,mv4_11,treated with 100 nm c16,unknown,mv4_11,False,False,mv4_11
e6320f69,4,RNA-seq,844063,unknown,standard diet,unknown,liver,False,False,wt
00747811,4,RNA-seq,844063,unknown,leucine deficient diet,unknown,liver,False,False,wt
3b6068c4,4,RNA-seq,839354,unknown,ans,unknown,by4741,False,False,by4741
48a70ba5,4,RNA-seq,822292,unknown,unknown,unknown,26-2mmtassel,False,False,b73
d19a15ee,4,RNA-seq,822292,unknown,unknown,unknown,07-topmost leaf-l(v3),False,False,b73
6f32345d,4,RNA-seq,822292,unknown,unknown,unknown,ear (2 mm); tassel (2 mm); ear (5 mm); silk; ear (3 cm),False,False,b73
c1733ac6,4,RNA-seq,822292,unknown,unknown,unknown,anther; tassel (2 cm),False,False,b73
cc8731aa,4,RNA-seq,822292,unknown,unknown,unknown,sam (v3),False,False,b73
958f1bdb,4,"RNA-seq,Ribo-seq",801861,hela,knock-out the alkbh3 by crisps cas10,unknown,cervical cancer,True,False,unknown
ae489a7b,4,"RNA-seq,Ribo-seq",801861,hela,knock-out the alkbh3 by crisps cas9,unknown,cervical cancer,True,False,unknown
13de0855,4,RNA-seq,795419,hela cell,u1 amo,unknown,hela cell,False,False,hela cell
5009d14d,4,RNA-seq,795419,hela cell,control amo,unknown,hela cell,False,False,hela cell
f71d8143,4,RNA-seq,789542,liver - whole organ,suppressor trna administered,unknown,intravenous administration (iv) of suppressor trna,False,False,balb/c
eb34408a,4,RNA-seq,789542,lung - whole organ,suppressor trna administered,unknown,intratracheal administration (it) of suppressor trna,False,False,b6.cg-gt(rosa)26sortm14(cag-tdtomato)hze/j
25d5f5d5,4,Ribo-seq,785666,unknown,unknown,unknown,not collected,False,False,unknown
4b365a18,4,Ribo-seq,785666,unknown,unknown,unknown,european arabidopsis stock centre,False,False,unknown
1894cfc0,4,Ribo-seq,780148,hct 116,unknown,unknown,colon,False,False,hct 116
2004b9a0,4,RNA-seq,774057,nasopharyngeal carcinoma 5-8f cells,unknown,unknown,nasopharyngeal carcinoma 5-8f cells,False,False,widl type
fae40cbe,4,RNA-seq,770962,unknown,treated with dnmdp for 18 hours,unknown,hela cell line,False,False,unknown
bf35833a,4,RNA-seq,770962,unknown,treated with dmso for 18 hours,unknown,hela cell line,False,False,unknown
09b1a742,4,"RNA-seq,Ribo-seq",770675,unknown,na,unknown,bacteria,True,False,mg1655 delta-gcvb
0043968e,4,"RNA-seq,Ribo-seq",770675,unknown,10 mg/ml ksg for 2.5 min,unknown,bacteria,True,False,mg1655 delta-gcvb
561ead0f,4,"RNA-seq,Ribo-seq",770675,unknown,1 mg/ml ksg for 2.5 min,unknown,bacteria,True,False,mg1655 delta-gcvb
155015ce,4,RNA-seq,770523,patient-derived differentiated glioma cell,unknown,unknown,differentiated glioma cells,False,False,patient-derived differentiated glioma cell
6c43cb6f,4,RNA-seq,768399,unknown,unknown,unknown,paracancerous tissue of oral cavity carcinomas,False,False,unknown
c6e1dcb9,4,RNA-seq,760480,pherd20t:pled*,unknown,unknown,rna-seq of planktonic culture of pseudomonas aeruginosa pa01 treated with 0.2% arabinose from 45 min after inoculation (od of 0.05) to od 1.5,False,False,pherd20t:pled*
07474d38,4,RNA-seq,760480,pherd20t,unknown,unknown,rna-seq of planktonic culture of pseudomonas aeruginosa pa01 treated with 0.2% arabinose from 45 min after inoculation (od of 0.05) to od 1.5,False,False,pherd20t
cc7dbf8c,4,RNA-seq,760480,pherd20t:pled*,unknown,unknown,ribo-seq of planktonic culture of pseudomonas aeruginosa pa01 treated with 0.2% arabinose from 45 min after inoculation (od of 0.05) to od 0.5-0.7,False,False,pherd20t:pled*
7e01de7c,4,RNA-seq,760480,pherd20t,unknown,unknown,ribo-seq of planktonic culture of pseudomonas aeruginosa pa01 treated with 0.2% arabinose from 45 min after inoculation (od of 0.05) to od 0.5-0.7,False,False,pherd20t
b904c2fa,4,RNA-seq,756023,embryonic stem cells,untreated,unknown,untreated human embryonic stem cells,False,False,unknown
ef584146,4,Ribo-seq,752584,unknown,unknown,dd48,mycelia,False,False,cpc-3 kinase active mutant
5258fac1,4,Ribo-seq,752584,unknown,unknown,dd44,mycelia,False,False,cpc-3 kinase active mutant
da6fa794,4,Ribo-seq,752584,unknown,unknown,dd40,mycelia,False,False,cpc-3 kinase active mutant
f27b81d1,4,Ribo-seq,752584,unknown,unknown,dd36,mycelia,False,False,cpc-3 kinase active mutant
57fe0008,4,Ribo-seq,752584,unknown,unknown,dd32,mycelia,False,False,cpc-3 kinase active mutant
ed3a8b83,4,Ribo-seq,752584,unknown,unknown,dd28,mycelia,False,False,cpc-3 kinase active mutant
b832edcb,4,Ribo-seq,752584,unknown,unknown,dd24,mycelia,False,False,cpc-3 kinase active mutant
abac8147,4,Ribo-seq,752584,unknown,unknown,dd20,mycelia,False,False,cpc-3 kinase active mutant
47305942,4,Ribo-seq,752584,unknown,unknown,dd16,mycelia,False,False,cpc-3 kinase active mutant
50d7e8b0,4,Ribo-seq,752584,unknown,unknown,dd12,mycelia,False,False,cpc-3 kinase active mutant
c8df4595,4,Ribo-seq,752584,unknown,unknown,dd48,mycelia,False,False,cpc-3 knockout
05840ee2,4,Ribo-seq,752584,unknown,unknown,dd44,mycelia,False,False,cpc-3 knockout
5820fb2f,4,Ribo-seq,752584,unknown,unknown,dd40,mycelia,False,False,cpc-3 knockout
74d1a081,4,Ribo-seq,752584,unknown,unknown,dd36,mycelia,False,False,cpc-3 knockout
d967772e,4,Ribo-seq,752584,unknown,unknown,dd32,mycelia,False,False,cpc-3 knockout
8063fbe3,4,Ribo-seq,752584,unknown,unknown,dd28,mycelia,False,False,cpc-3 knockout
bfdb26e0,4,Ribo-seq,752584,unknown,unknown,dd24,mycelia,False,False,cpc-3 knockout
74ff5784,4,Ribo-seq,752584,unknown,unknown,dd20,mycelia,False,False,cpc-3 knockout
d0fe4e1d,4,Ribo-seq,752584,unknown,unknown,dd16,mycelia,False,False,cpc-3 knockout
a024ad79,4,Ribo-seq,752584,unknown,unknown,dd12,mycelia,False,False,cpc-3 knockout
1b3625e6,4,Ribo-seq,752584,unknown,unknown,dd48,mycelia,False,False,frq knockout
2fcebdd3,4,Ribo-seq,752584,unknown,unknown,dd44,mycelia,False,False,frq knockout
3fb367fd,4,Ribo-seq,752584,unknown,unknown,dd40,mycelia,False,False,frq knockout
830dbf98,4,Ribo-seq,752584,unknown,unknown,dd36,mycelia,False,False,frq knockout
43c0645b,4,Ribo-seq,752584,unknown,unknown,dd32,mycelia,False,False,frq knockout
e530dc2e,4,Ribo-seq,752584,unknown,unknown,dd28,mycelia,False,False,frq knockout
cdc66a4d,4,Ribo-seq,752584,unknown,unknown,dd24,mycelia,False,False,frq knockout
f581d5d1,4,Ribo-seq,752584,unknown,unknown,dd20,mycelia,False,False,frq knockout
fa27b40a,4,Ribo-seq,752584,unknown,unknown,dd16,mycelia,False,False,frq knockout
bec236b7,4,Ribo-seq,752584,unknown,unknown,dd12,mycelia,False,False,frq knockout
b1510ed7,4,Ribo-seq,752584,unknown,unknown,dd48,mycelia,False,False,wild-type
d46a4f36,4,Ribo-seq,752584,unknown,unknown,dd44,mycelia,False,False,wild-type
6d9d1a6e,4,Ribo-seq,752584,unknown,unknown,dd40,mycelia,False,False,wild-type
3e620e0a,4,Ribo-seq,752584,unknown,unknown,dd36,mycelia,False,False,wild-type
a9a2e756,4,Ribo-seq,752584,unknown,unknown,dd32,mycelia,False,False,wild-type
281ef57a,4,Ribo-seq,752584,unknown,unknown,dd28,mycelia,False,False,wild-type
d778dc11,4,Ribo-seq,752584,unknown,unknown,dd24,mycelia,False,False,wild-type
de92208c,4,Ribo-seq,752584,unknown,unknown,dd20,mycelia,False,False,wild-type
27c992e0,4,Ribo-seq,752584,unknown,unknown,dd16,mycelia,False,False,wild-type
52dd1470,4,Ribo-seq,752584,unknown,unknown,dd12,mycelia,False,False,wild-type
8da7f81b,4,RNA-seq,748842,unknown,unknown,unknown,ythdf2_fl_cd8t,False,False,unknown
6d927a08,4,RNA-seq,748842,unknown,unknown,unknown,ythdf2_cko_cd8t,False,False,unknown
a4bc6ffd,4,RNA-seq,748710,k562 cell line,actd 8hr,unknown,k562 cell line,False,False,unknown
d1c90d67,4,RNA-seq,748710,k562 cell line,actd 6hr,unknown,k562 cell line,False,False,unknown
ee8da200,4,RNA-seq,748710,k562 cell line,actd 3hr,unknown,k562 cell line,False,False,unknown
a5bd3e65,4,RNA-seq,748710,cord blood cd34+ derived erythroid cells,molnc301b_del overexpression,unknown,cd34+ cell,False,False,unknown
5402d623,4,RNA-seq,748710,cord blood cd34+ derived erythroid cells,molnc301b_m2 overexpression,unknown,cd34+ cell,False,False,unknown
eaf89b93,4,RNA-seq,748710,cord blood cd34+ derived erythroid cells,molnc301b_m1 overexpression,unknown,cd34+ cell,False,False,unknown
d76ac00a,4,RNA-seq,748710,cord blood cd34+ derived erythroid cells,molnc301b_wt overexpression,unknown,cd34+ cell,False,False,unknown
ffca8859,4,RNA-seq,748710,k562 cell line,sh-control vector,unknown,k562 cell line,False,False,unknown
8dd57a2b,4,RNA-seq,738263,unknown,t24-v2,unknown,missing,False,False,unknown
b91d84c9,4,RNA-seq,738263,unknown,t24-ko-m1,unknown,missing,False,False,unknown
eb31fe28,4,RNA-seq,734658,hek293,control,unknown,hek293 eif3 associated ribo-seq control,False,False,hek293
252fce4c,4,RNA-seq,734658,mouse embryonic fibroblasts,control,unknown,mef eif3 associated ribo-seq control,False,False,c57bl/6j
d26f70d4,4,Ribo-seq,734658,mouse embryonic fibroblasts,eif4a1 knockdown,unknown,mef ribo-seq eif4a1 knockdown,False,False,c57bl/6j
514258a5,4,Ribo-seq,734658,mouse embryonic fibroblasts,control,unknown,mef ribo-seq control,False,False,c57bl/6j
f5c11640,4,RNA-seq,734003,unknown,unknown,unknown,hepatocellular carcinoma hepg2 cells,False,False,mettl5 knockout
3110dbbe,4,RNA-seq,734003,unknown,unknown,unknown,hepatocellular carcinoma hepg2 cells,False,False,wild type
91ceb2f1,4,Ribo-seq,725700,unknown,unknown,unknown,panicle,False,False,oryza sativa ssp. indica sy63
3f19fa82,4,Ribo-seq,725700,unknown,unknown,unknown,young leaf,False,False,oryza sativa ssp. indica sy63
cf0309fb,4,Ribo-seq,725700,unknown,unknown,unknown,root,False,False,oryza sativa ssp. indica mh63
851aa9df,4,Ribo-seq,725700,unknown,unknown,unknown,panicle,False,False,oryza sativa ssp. indica mh63
c20a0727,4,Ribo-seq,725700,unknown,unknown,unknown,panicle,False,False,oryza sativa ssp. indica zs97
b61edf68,4,Ribo-seq,725700,unknown,unknown,unknown,young leaf,False,False,oryza sativa ssp. indica zs97
7667bdbb,4,Ribo-seq,725700,unknown,unknown,unknown,root,False,False,oryza sativa ssp. indica sy63
76ac7226,4,Ribo-seq,725700,unknown,unknown,unknown,young leaf,False,False,oryza sativa ssp. indica mh63
61145cb5,4,RNA-seq,722238,hnscc cells,demethylated by alkb; nabh4/aniline induced reduction and cleavage,unknown,hnscc,False,False,mettl1-knockout
6b993c2c,4,RNA-seq,722238,hnscc cells,demethylated by alkb; nabh4/aniline induced reduction and cleavage,unknown,hnscc,False,False,normal
f94c776a,4,RNA-seq,722238,hnscc cells,demethylated by alkb,unknown,hnscc,False,False,mettl1-knockout
877d16ba,4,RNA-seq,722238,hnscc cells,demethylated by alkb,unknown,hnscc,False,False,normal
ba3bba2e,4,Ribo-seq,717063,kyse-30,harringtonine; cycloheximide,unknown,esophagus,False,False,kyse-30
af2da9d4,4,RNA-seq,717063,kyse-30,polyribosome-bound-mrnas isolated,unknown,esophagus,False,False,kyse-30
aa791c93,4,Ribo-seq,715464,unknown,unknown,unknown,ddx3xb mutant+ddx3xb△n 4h ribo-seq,False,False,ddx3xb-/ddx3xb-
d6a32279,4,Ribo-seq,715464,unknown,unknown,unknown,ddx3xb mutant+ddx3xbfl 4h ribo-seq,False,False,ddx3xb-/ddx3xb-
30467156,4,RNA-seq,714407,unknown,unknown,unknown,wt_d. melanogaster ovaries,False,False,wildtype
ce460869,4,RNA-seq,714407,unknown,unknown,unknown,mutant_d. melanogaster ovaries,False,False,rps5b mutant
37d01bfe,4,RNA-seq,713923,unknown,untreated,unknown,neonatal rat ventricular cardiomyocytes,False,False,sprague-dawley
385678e1,4,RNA-seq,713923,unknown,treated with pe for 24 hours,unknown,neonatal rat ventricular cardiomyocytes,False,False,sprague-dawley
ea7f0737,4,RNA-seq,702293,unknown,untreated,unknown,retinal tissue,False,False,wt
16f992a6,4,RNA-seq,702160,hek293,erythromycin,unknown,human embryonic kidney cells,False,False,hek293
713c8cd7,4,RNA-seq,702160,hek293,no erythromycin,unknown,human embryonic kidney cells,False,False,hek293
a28ca665,4,RNA-seq,701262,cell line,unknown,unknown,nih3t3 cells,False,False,unknown
7f8f6ed7,4,Ribo-seq,700841,s2 cells,high ionic lysis buffer,unknown,s2 cells,False,False,unknown
f41be8f6,4,Ribo-seq,694918,cd4 t-cells,unknown,unknown,ribo-seq naïve cd4 t-cells,False,False,b6
bc6b9b54,4,Ribo-seq,694918,cd4 t-cells,unknown,unknown,"ribo-seq activated cd4 t-cells, 72 hours after activation",False,False,b6
5c92a9ed,4,Ribo-seq,694918,cd4 t-cells,unknown,unknown,"ribo-seq activated cd4 t-cells, 48 hours after activation",False,False,b6
736edd08,4,Ribo-seq,694918,cd4 t-cells,unknown,unknown,"ribo-seq activated cd4 t-cells, 20 hours after activation",False,False,b6
09658cbc,4,RNA-seq,694918,cd4 t-cells,unknown,unknown,mrna-sequencing naïve cd4 t-cells,False,False,b6
db1a37b1,4,RNA-seq,694918,cd4 t-cells,unknown,unknown,"mrna-sequencing activated cd4 t-cells, 72 hours after activation",False,False,b6
bd67b845,4,RNA-seq,694918,cd4 t-cells,unknown,unknown,"mrna-sequencing activated cd4 t-cells, 48 hours after activation",False,False,b6
b9da1c85,4,RNA-seq,694918,cd4 t-cells,unknown,unknown,"mrna-sequencing activated cd4 t-cells, 20 hours after activation",False,False,b6
b7b792b8,4,RNA-seq,680357,unknown,unknown,unknown,rabbit reticulocyte lysate,False,False,wt
2d50e50d,4,RNA-seq,674211,cardiomyocyte,unknown,unknown,heart,False,False,wild type genotype
77cb4086,4,"RNA-seq,Ribo-seq",667051,unknown,cycloheximide,unknown,primary human bronchial epithelial cells,True,False,unknown
0782c830,4,RNA-seq,655955,ventricular cardiomyocytes,untreated,unknown,neonatal rat ventricular cardiomyocytes,False,False,sprague-dawley
a7d3b029,4,RNA-seq,655955,ventricular cardiomyocytes,treated with pe for 24 hours,unknown,neonatal rat ventricular cardiomyocytes,False,False,sprague-dawley
7c77bcdd,4,Ribo-seq,648380,unknown,none,unknown,nematodes,False,False,klp-7(gc047[klp-7_codon_optimised]) iii
29e4fe7f,4,Ribo-seq,648380,unknown,none,unknown,nematodes,False,False,csr-1(tm892)/nt1 [unc-?(n754) let-? qis51] (iv;v)
13f8f792,4,RNA-seq,647327,unknown,12 hours ethylene treatment,unknown,whole seedling,False,False,unknown
a347549d,4,RNA-seq,"639716,639554,641624,635830",unknown,unknown,unknown,missing,False,True,unknown
2276320f,4,RNA-seq,641624,hek293t,treated with prmt4 inhibitor,unknown,hek293t cell line,False,False,hek293t
a079f911,4,RNA-seq,641624,hek293t,treated with prmt1 inhibitor,unknown,hek293t cell line,False,False,hek293t
3be3719e,4,RNA-seq,641624,hek293t,treated with dmso,unknown,hek293t cell line,False,False,hek293t
3c4273b6,4,RNA-seq,630259,unknown,unknown,unknown,n2,False,False,n2
0e29a019,4,RNA-seq,630259,unknown,unknown,unknown,rb1579,False,False,rb1579
663ae626,4,RNA-seq,630259,unknown,unknown,unknown,vc2358,False,False,vc2358
2dc544a4,4,RNA-seq,630259,unknown,unknown,unknown,rb1465,False,False,rb1465
41e25ae6,4,Ribo-seq,609216,unknown,none,unknown,his11_egg6_3utr_early_embryos_ribo-seq,False,False,mex-5p::mcherry::his-11::egg-6 3'utr::tbb-2 3'utr
e7e0b8ec,4,Ribo-seq,609216,unknown,none,unknown,his11_tbb2_3utr_early_embryos_ribo-seq,False,False,mex-5p::mcherry::his-11::tbb-2 3'utr::tbb-2 3'utr
3c30e810,4,RNA-seq,604580,h1 es cells,unknown,unknown,mir7-3hg ko hescs were differentiated to the pp2 stage,False,False,h1 es cells
dc13fe9d,4,RNA-seq,604580,h1 es cells,unknown,unknown,sox9-as1 ko hescs were differentiated to the pp2 stage,False,False,h1 es cells
07485eef,4,RNA-seq,604580,h1 es cells,unknown,unknown,lhfpl3-as2 ko hescs were differentiated to the pp2 stage,False,False,h1 es cells
64263993,4,RNA-seq,604580,h1 es cells,unknown,unknown,linc00479 ko hescs were differentiated to the pp2 stage,False,False,h1 es cells
523df390,4,RNA-seq,604580,h1 es cells,unknown,unknown,tunar ko hescs were differentiated to the pp2 stage,False,False,h1 es cells
8f984aba,4,RNA-seq,604580,h1 es cells,unknown,unknown,gata6-as1 ko hescs were differentiated to the pp2 stage,False,False,h1 es cells
6f11baaf,4,RNA-seq,604580,h1 es cells,unknown,unknown,pdx1 ko hescs were differentiated to the pp2 stage,False,False,h1 es cells
4b764aee,4,RNA-seq,604580,h1 es cells,unknown,unknown,linc00261 ko hescs were differentiated to the definitive endoderm stage,False,False,h1 es cells
0cfcf8f3,4,RNA-seq,604580,h1 es cells,unknown,unknown,rp11-445f12.1 ko hescs were differentiated to the definitive endoderm stage,False,False,h1 es cells
34b3af8f,4,RNA-seq,604580,h1 es cells,unknown,unknown,gata6-as1 ko hescs were differentiated to the definitive endoderm stage,False,False,h1 es cells
8968d3e3,4,RNA-seq,604580,h1 es cells,unknown,unknown,unmodified hescs were differentiated to the definitive endoderm stage,False,False,h1 es cells
6a49941a,4,RNA-seq,604580,h1 es cells,unknown,unknown,hescs with bilallelic frameshifts in linc00261 sorf1 were differentiated to the pp2 stage,False,False,h1 es cells
6d4691fc,4,RNA-seq,600267,hek 293t,13 h chikv infection,unknown,whole cell,False,False,hek 293t
87f3a143,4,Ribo-seq,599788,unknown,unknown,unknown,root,False,False,wild type genotype
2aac1486,4,Ribo-seq,599788,unknown,unknown,unknown,root,False,False,nrf1-2 mutant
f4e78668,4,Ribo-seq,599788,unknown,unknown,unknown,root,False,False,nrf1-1 mutant
0c465789,4,Ribo-seq,598453,unknown,unknown,28 hours,culture grown in m9 minimal medium,False,False,bw25113_<delta>rsfs
8e715159,4,Ribo-seq,598453,unknown,unknown,18 hours,culture grown in m9 minimal medium,False,False,bw25113
6b5d21cb,4,Ribo-seq,598453,unknown,unknown,12 hours,culture grown in m9 minimal medium,False,False,bw25113
140eb0ec,4,Ribo-seq,598159,unknown,unknown,unknown,org1,False,False,c57bl/6
453f9f92,4,RNA-seq,591767,u251,unknown,t0,u251_riboseq_t0,False,False,u251
bfba7793,4,RNA-seq,591767,u251,unknown,t0,u251_rnaseq_t0,False,False,u251
6ca2f3b7,4,RNA-seq,548154,unknown,unknown,unknown,whole body,False,False,wja0788
c2cb9872,4,RNA-seq,548154,unknown,unknown,unknown,whole body,False,False,wja0785
45fc499c,4,RNA-seq,548154,unknown,unknown,unknown,whole body,False,False,wja0552
cdc2ac62,4,RNA-seq,548154,unknown,unknown,unknown,whole body,False,False,wja0790
69bb1624,4,RNA-seq,548154,unknown,unknown,unknown,whole body,False,False,wja0789
1e521cf8,4,RNA-seq,548154,unknown,unknown,unknown,whole body,False,False,wja0438
46ece9b1,4,RNA-seq,541924,ne4c,unknown,unknown,ne4c_trim71ko_exp3_rep2,False,False,crl-2925
6993f951,4,RNA-seq,541924,ne4c,unknown,unknown,ne4c_trim71ko_exp3_rep1,False,False,crl-2925
ef97cfb7,4,RNA-seq,541924,ne4c,unknown,unknown,ne4c_wt_exp3_rep2,False,False,crl-2925
fbde3273,4,RNA-seq,541924,ne4c,unknown,unknown,ne4c_wt_exp3_rep1,False,False,crl-2925
30f3dfa0,4,RNA-seq,541924,mesc,unknown,unknown,mesc_trim71nhl_rep3,False,False,(129xc57bl/6)
56d434f9,4,RNA-seq,541924,mesc,unknown,unknown,mesc_trim71nhl_rep2,False,False,(129xc57bl/6)
99f52937,4,RNA-seq,541924,mesc,unknown,unknown,mesc_trim71nhl_rep1,False,False,(129xc57bl/6)
0c4e5066,4,RNA-seq,541924,mesc,unknown,unknown,mesc_trim71ring_rep3,False,False,(129xc57bl/6)
8c24bfdc,4,RNA-seq,541924,mesc,unknown,unknown,mesc_trim71ring_rep2,False,False,(129xc57bl/6)
32862049,4,RNA-seq,541924,mesc,unknown,unknown,mesc_trim71ring_rep1,False,False,(129xc57bl/6)
bc0c13f0,4,RNA-seq,541924,mesc,unknown,unknown,mesc_trim71ko_rep3,False,False,(129xc57bl/6)
40225c4a,4,RNA-seq,541924,mesc,unknown,unknown,mesc_trim71ko_rep2,False,False,(129xc57bl/6)
11ea6112,4,RNA-seq,541924,mesc,unknown,unknown,mesc_trim71ko_rep1,False,False,(129xc57bl/6)
1df294b2,4,RNA-seq,541924,mesc,unknown,unknown,mesc_wt_rep3,False,False,(129xc57bl/6)
64a4678b,4,RNA-seq,541924,mesc,unknown,unknown,mesc_wt_rep2,False,False,(129xc57bl/6)
15c73c55,4,RNA-seq,541924,mesc,unknown,unknown,mesc_wt_rep1,False,False,(129xc57bl/6)
107e4225,4,RNA-seq,541924,mesc,unknown,unknown,mesc_trim71ko_batch2_rep2,False,False,(129xc57bl/6)
40ebcff1,4,RNA-seq,541924,mesc,unknown,unknown,mesc_wt_batch2_rep2,False,False,(129xc57bl/6)
74ec3c78,4,RNA-seq,541924,mesc,unknown,unknown,mesc_trim71ko_batch2_rep1,False,False,(129xc57bl/6)
802758da,4,RNA-seq,541924,mesc,unknown,unknown,mesc_wt_batch2_rep1,False,False,(129xc57bl/6)
05a4d7e2,4,RNA-seq,541924,mesc,unknown,unknown,mesc_trim71ko_batch1_rep2,False,False,(129xc57bl/6)
c4ed5044,4,RNA-seq,541924,mesc,unknown,unknown,mesc_wt_batch1_rep2,False,False,(129xc57bl/6)
b7d182a4,4,RNA-seq,541924,mesc,unknown,unknown,mesc_trim71ko_batch1_rep1,False,False,(129xc57bl/6)
f4a473d1,4,RNA-seq,541924,mesc,unknown,unknown,mesc_wt_batch1_rep1,False,False,(129xc57bl/6)
d1609801,4,RNA-seq,529885,hepg2,unknown,unknown,hepg2,False,False,hepg2
f57fd0b6,4,RNA-seq,527113,huh-7,unknown,unknown,huh-7,False,False,wild type
01b6218e,4,RNA-seq,517458,hepg2,500 ng/ml adr for 24 h,unknown,hepg2,False,False,hepg2
04f606b3,4,RNA-seq,515538,k562,harringtonine,unknown,k562 (human chronic myelogenous leukemia),False,False,k562
a1177178,4,RNA-seq,515538,hela-s3,lactimidomycin,unknown,hela-s3 (human cervix adenocarcinoma),False,False,hela-s3
ac61f5c9,4,RNA-seq,515538,hela-s3,harringtonine,unknown,hela-s3 (human cervix adenocarcinoma),False,False,hela-s3
f1cf183a,4,RNA-seq,515538,hek293t,lactimidomycin,unknown,hek293t (human embryonic kidney),False,False,hek293t
9d8d6928,4,RNA-seq,510796,unknown,avrrpt2 inoculation,unknown,rf-avrrpt2 (r),False,False,rps2 mutant background
32b30237,4,RNA-seq,510796,unknown,mock,unknown,rf-mock (r),False,False,rps2 mutant background
f38b9dfb,4,RNA-seq,510796,unknown,avrrpt2 inoculation,unknown,rs-avrrpt2 (r),False,False,rps2 mutant background
f63bcf40,4,RNA-seq,510796,unknown,mock,unknown,rs-mock (r),False,False,rps2 mutant background
ba92d190,4,RNA-seq,499089,flt3l-dc,unknown,unknown,"flt3l-dc, ribo_input",False,False,ythdf1-/-
dc7cbf86,4,RNA-seq,499089,flt3l-dc,unknown,unknown,"flt3l-dc, ribo_input",False,False,wt
881a1182,4,RNA-seq,499089,flt3l-dc,unknown,unknown,"flt3l-dc, ribo",False,False,ythdf1-/-
0d281dd3,4,RNA-seq,499089,flt3l-dc,unknown,unknown,"flt3l-dc, ribo",False,False,wt
4dfe1d9c,4,RNA-seq,499089,flt3l-dc,unknown,unknown,"flt3l-dc, rip_input",False,False,wt
833183c5,4,RNA-seq,499089,flt3l-dc,unknown,unknown,"flt3l-dc, rip_ip",False,False,wt
916e68dd,4,RNA-seq,499089,flt3l-dc,unknown,unknown,"flt3l-dc, m6a_input",False,False,ythdf1-/-
8575b7e4,4,RNA-seq,499089,flt3l-dc,unknown,unknown,"flt3l-dc, m6a_input",False,False,wt
6c328257,4,RNA-seq,499089,flt3l-dc,unknown,unknown,"flt3l-dc, m6a_ip",False,False,ythdf1-/-
fd0e0869,4,RNA-seq,499089,flt3l-dc,unknown,unknown,"flt3l-dc, m6a_ip",False,False,wt
7bbcf261,4,RNA-seq,490651,unknown,unknown,unknown,ld_riboseq,False,False,16 h after transfer from sd to ld.
fe6bfb30,4,RNA-seq,490651,unknown,unknown,unknown,ld_rnaseq,False,False,16 h after transfer from sd to ld.
0654aec4,4,RNA-seq,473925,hela,unknown,unknown,oe rnaseq,False,False,hela
513a13e5,4,RNA-seq,473925,hela,unknown,unknown,wt rnaseq,False,False,hela
7784ad8b,4,RNA-seq,473925,hela,unknown,unknown,oe ago2 eclip-seq input,False,False,hela
6d921fe2,4,RNA-seq,473925,hela,unknown,unknown,wt ago2 eclip-seq input,False,False,hela
ed3700f9,4,RNA-seq,473925,hela,unknown,unknown,oe ago2 eclip-seq,False,False,hela
34aed1d0,4,RNA-seq,473925,hela,unknown,unknown,wt ago2 eclip-seq,False,False,hela
4109846f,4,RNA-seq,470579,unknown,143-3p mirna methyl rna control total,unknown,glioblastoma,False,False,unknown
e996d9f2,4,RNA-seq,470579,unknown,143-3p mirna methyl rna ip,unknown,glioblastoma,False,False,unknown
73dad5b5,4,RNA-seq,470579,unknown,129-5p mirna methyl rna ip,unknown,glioblastoma,False,False,unknown
c0960299,4,RNA-seq,470579,unknown,mock mirna methyl rna ip,unknown,glioblastoma,False,False,unknown
4aa4c39e,4,Ribo-seq,459526,unknown,lacz expression was induced with isopropyl -d-1-thiogalactopyranoside (iptg),unknown,ribo-seq,False,False,"[k-12, reca1 (pro - lac) thi ara f:laciq1 lacz::tn5 proab+] harbours a pbr322-derived plasmid containing lacz with a fragment insert that contains a truncated lac operon with the lac promoter and the wildtype lacz under laci control"
7ac27e29,4,RNA-seq,459526,unknown,lacz expression was induced with isopropyl -d-1-thiogalactopyranoside (iptg),unknown,rna-seq,False,False,"[k-12, reca1 (pro - lac) thi ara f:laciq1 lacz::tn5 proab+] harbours a pbr322-derived plasmid containing lacz with a fragment insert that contains a truncated lac operon with the lac promoter and the wildtype lacz under laci control"
7c7afa58,4,Ribo-seq,459526,unknown,gene10-lacz expression was induced with isopropyl -d-1-thiogalactopyranoside (iptg),unknown,ribo-seq,False,False,"[k-12, reca1 (pro - lac) thi ara f:laciq1 lacz::tn5 proab+] harbours a pbr322-derived plasmid containing either a gene10-lacz fusion with the viral derived rna pseudoknot, 22/6a"
f38dbe53,4,RNA-seq,459526,unknown,gene10-lacz expression was induced with isopropyl -d-1-thiogalactopyranoside (iptg),unknown,rna-seq,False,False,"[k-12, reca1 (pro - lac) thi ara f:laciq1 lacz::tn5 proab+] harbours a pbr322-derived plasmid containing either a gene10-lacz fusion with the viral derived rna pseudoknot, 22/6a"
fa9ab84a,4,Ribo-seq,459526,unknown,control,unknown,ribo-seq,False,False,"[k-12, reca1 (pro - lac) thi ara f:laciq1 lacz::tn5 proab+] harbours a pbr322-derived plasmid containing either a gene10-lacz fusion with the viral derived rna pseudoknot, 22/6a"
5cabc104,4,RNA-seq,459526,unknown,control,unknown,rna-seq,False,False,"[k-12, reca1 (pro - lac) thi ara f:laciq1 lacz::tn5 proab+] harbours a pbr322-derived plasmid containing either a gene10-lacz fusion with the viral derived rna pseudoknot, 22/6a"
4056dc54,4,Ribo-seq,459526,unknown,control,unknown,ribo-seq,False,False,"[k-12, reca1 (pro - lac) thi ara f:laciq1 lacz::tn5 proab+] harbours a pbr322-derived plasmid containing lacz with a fragment insert that contains a truncated lac operon with the lac promoter and the wildtype lacz under laci control"
dade04f3,4,RNA-seq,459526,unknown,control,unknown,rna-seq,False,False,"[k-12, reca1 (pro - lac) thi ara f:laciq1 lacz::tn5 proab+] harbours a pbr322-derived plasmid containing lacz with a fragment insert that contains a truncated lac operon with the lac promoter and the wildtype lacz under laci control"
3e44e57a,4,RNA-seq,445453,unknown,unknown,unknown,mbl-hepg2_shmettl1-ip,False,False,unknown
f66b4a28,4,RNA-seq,445453,unknown,unknown,unknown,mbl-hepg2_shmettl1-input,False,False,unknown
1fca58d2,4,RNA-seq,445453,unknown,unknown,unknown,mbl-hepg2_shcontrol-ip,False,False,unknown
253b6b03,4,RNA-seq,445453,unknown,unknown,unknown,mbl-hepg2_shcontrol-input,False,False,unknown
1aeeb19d,4,RNA-seq,445453,unknown,unknown,unknown,mbl-hela_simettl1-ip,False,False,unknown
cba0e7d7,4,RNA-seq,445453,unknown,unknown,unknown,mbl-hela_simettl1-input,False,False,unknown
0b607c36,4,RNA-seq,445453,unknown,unknown,unknown,mbl-hela_sicontrol-ip,False,False,unknown
5bcabfb7,4,RNA-seq,445453,unknown,unknown,unknown,mbl-hela_sicontrol-input,False,False,unknown
cf3b60de,4,RNA-seq,445453,unknown,unknown,unknown,mbl-mef-ip,False,False,unknown
33e4e5fc,4,RNA-seq,445453,unknown,unknown,unknown,mbl-mef-input,False,False,unknown
16aa5abe,4,RNA-seq,445453,unknown,unknown,unknown,mbl-mesc-input,False,False,unknown
141af1b6,4,RNA-seq,445453,unknown,unknown,unknown,mbl-hek293t-ip,False,False,unknown
179d57bc,4,RNA-seq,445453,unknown,unknown,unknown,mbl-hek293t-input,False,False,unknown
57abaf95,4,RNA-seq,445453,unknown,unknown,unknown,mbl-hepg2-ip,False,False,unknown
0cf0a789,4,RNA-seq,445453,unknown,unknown,unknown,mbl-hepg2-input,False,False,unknown
6de76625,4,RNA-seq,445453,unknown,unknown,unknown,neb-hela_m6a-ip,False,False,unknown
4c43f8a9,4,RNA-seq,445453,unknown,unknown,unknown,mbl-hela-ip,False,False,unknown
96260a3c,4,RNA-seq,445453,unknown,unknown,unknown,mbl-hela-input,False,False,unknown
d1b6dc5d,4,RNA-seq,406823,hek293,dmso for 2h,unknown,thap_cytosol_tedseq,False,False,hek293
3002df93,4,RNA-seq,406823,hek293,dmso for 2h,unknown,dmso_cytosol_tedseq,False,False,hek293
16fd7791,4,RNA-seq,403993,nih3t3,dmso for 1.5h,unknown,"dmso, nih3t3 cells",False,False,nih3t3
e015d073,4,RNA-seq,403993,nih3t3,dmso for 1.5hr,unknown,"dmso, nih3t3 cells",False,False,nih3t3
dbedf907,4,RNA-seq,397035,unknown,heat,unknown,shoot,False,False,unknown
d8cd828f,4,RNA-seq,397035,unknown,control,unknown,shoot,False,False,unknown
3f2aa18f,4,RNA-seq,396698,unknown,unknown,unknown,"hela cells, polya rna",False,False,nat10-/-
39f7889f,4,RNA-seq,396456,hek293t,unknown,unknown,hek293t mock control,False,False,hek293t
75bada1d,4,RNA-seq,396456,hek293t,unknown,unknown,trmt61b oe in hek293t,False,False,hek293t
9260b591,4,RNA-seq,396456,hek293t,demethylation using purified alkb,unknown,hek293t_m1a_ip_demethylase_tgirt,False,False,hek293t
952af677,4,RNA-seq,396456,hek293t,none,unknown,hek293t_m1a_ip_tgirt,False,False,hek293t
9568540f,4,RNA-seq,396456,hek293t,none,unknown,hek293t_m1a_input_tgirt,False,False,hek293t
72e5fc62,4,"RNA-seq,Ribo-seq","395016,371312",unknown,unknown,3,leaf,True,True,wild type genotype
130ed7d8,4,"RNA-seq,Ribo-seq","395016,371312",unknown,unknown,0,leaf,True,True,wild type genotype
af7f2ec2,4,"RNA-seq,Ribo-seq","395016,371312",unknown,unknown,3,leaf,True,True,cat2-2
51f760bf,4,"RNA-seq,Ribo-seq","395016,371312",unknown,unknown,0,leaf,True,True,cat2-2
d6b816e2,4,RNA-seq,391171,hepg2,unknown,unknown,kd_riboseq,False,False,hepg2
b92ab4a3,4,RNA-seq,391171,hepg2,unknown,unknown,control_riboseq,False,False,hepg2
1a391774,4,RNA-seq,391171,hepg2,unknown,unknown,v1_kd_parsseq,False,False,hepg2
3697b665,4,RNA-seq,391171,hepg2,unknown,unknown,v1_control_parsseq,False,False,hepg2
7633ee3a,4,RNA-seq,391171,hepg2,unknown,unknown,s1_kd_parsseq,False,False,hepg2
b0eb413c,4,RNA-seq,391171,hepg2,unknown,unknown,s1_control_parsseq,False,False,hepg2
147622f2,4,RNA-seq,379448,mcf7,nutlin3a,unknown,mcf7,False,False,mcf7
c9b9e1d7,4,RNA-seq,379447,h1933,control,unknown,h1933,False,False,h1933
e17466bd,4,RNA-seq,379447,pc9,control,unknown,pc9,False,False,pc9
b9b2b7d1,4,RNA-seq,375080,unknown,unknown,unknown,e15.5_retina_ribo,False,False,c57bl/6
9ad300a9,4,RNA-seq,375080,unknown,unknown,unknown,e15.5_lung_ribo,False,False,c57bl/6
75dbfab8,4,RNA-seq,375080,unknown,unknown,unknown,e15.5_liver_ribo,False,False,c57bl/6
4a0b8190,4,RNA-seq,375080,unknown,unknown,unknown,e15.5_heart_ribo,False,False,c57bl/6
6ff7be10,4,RNA-seq,375080,unknown,unknown,unknown,e15.5_brain_ribo,False,False,c57bl/6
5782debc,4,RNA-seq,375080,unknown,unknown,unknown,e15.5_retina_mrna,False,False,c57bl/6
ac890731,4,RNA-seq,375080,unknown,unknown,unknown,e15.5_lung_mrna,False,False,c57bl/6
77bde387,4,RNA-seq,375080,unknown,unknown,unknown,e15.5_liver_mrna,False,False,c57bl/6
f2fc4cd6,4,RNA-seq,375080,unknown,unknown,unknown,e15.5_kidney_mrna,False,False,c57bl/6
22086267,4,RNA-seq,375080,unknown,unknown,unknown,e15.5_heart_mrna,False,False,c57bl/6
f133bf9d,4,RNA-seq,375080,unknown,unknown,unknown,e15.5_brain_mrna,False,False,c57bl/6
29cbca5a,4,RNA-seq,375080,unknown,unknown,unknown,e15.5_kidney_ribo,False,False,c57bl/6
36c7cd97,4,RNA-seq,369756,hek293,unknown,unknown,human embryonic kidney cell line,False,False,hek293
7a49c579,4,"RNA-seq,Ribo-seq",358868,membrane bound polysome (mbp),unknown,unknown,13-day old seedlings,True,False,wt
c6cc5306,4,RNA-seq,347980,unknown,unknown,unknown,n-minimal medium at low ph (ph 5.8),False,False,14028s
e3010b96,4,RNA-seq,347980,unknown,unknown,unknown,n-minimal medium at low mg2+ concentration (10 μm),False,False,14028s
1fbffcf2,4,RNA-seq,347980,unknown,unknown,unknown,mops rich defined medium,False,False,14028s
09bb3364,4,RNA-seq,347980,unknown,unknown,unknown,lb medium,False,False,14028s
30e766d5,4,RNA-seq,327113,erythroid progenitors,unknown,unknown,erythroid progenitors_rna-seq_48h,False,False,c57bl/6
193e9502,4,RNA-seq,327113,erythroid progenitors,unknown,unknown,erythroid progenitors_rna-seq_33h,False,False,c57bl/6
1558eb32,4,RNA-seq,327113,erythroid progenitors,unknown,unknown,erythroid progenitors_rna-seq_24h,False,False,c57bl/6
d5aff21d,4,RNA-seq,327113,erythroid progenitors,unknown,unknown,erythroid progenitors_rna-seq_0h,False,False,c57bl/6
a14461fd,4,Ribo-seq,327113,erythroid progenitors,unknown,unknown,erythroid progenitors_ribo-seq_48h,False,False,c57bl/6
1b94a07e,4,Ribo-seq,327113,erythroid progenitors,unknown,unknown,erythroid progenitors_ribo-seq_33h,False,False,c57bl/6
46892a9e,4,Ribo-seq,327113,erythroid progenitors,unknown,unknown,erythroid progenitors_ribo-seq_24h,False,False,c57bl/6
ab097ef1,4,Ribo-seq,327113,erythroid progenitors,unknown,unknown,erythroid progenitors_ribo-seq_0h,False,False,c57bl/6
d0d7d437,4,RNA-seq,278390,u2os,myc activation + torin-1,unknown,"u2os, myc activation + torin-1",False,False,unknown
4d76647e,4,RNA-seq,278390,u2os,torin-1,unknown,"u2os, torin-1",False,False,unknown
dc0fb684,4,RNA-seq,230612,wi-38,unknown,unknown,wi-38,False,False,wi-38
85785e21,4,"RNA-seq,Ribo-seq",173092,unknown,unknown,unknown,immature flower bud clusters,True,False,unknown
14244509,3,RNA-seq,1076517,unknown,unknown,unknown,immortalized human inducible fibroblasts-like cells (hif-t),False,False,unknown
6b27da7c,3,RNA-seq,1076512,unknown,unknown,unknown,human inducible fibroblasts-like cells (hif),False,False,unknown
6e36c98c,3,RNA-seq,"1028978,1028977,1028780",unknown,unknown,unknown,mc,False,True,indica
39c37a5e,3,RNA-seq,"789243,789247,789173",unknown,unknown,unknown,leaf,False,True,4e
a0f43c16,3,RNA-seq,785666,unknown,unknown,unknown,sm-4gfec,False,False,unknown
403ac23d,3,RNA-seq,"763442,763037,763584",esc,unknown,unknown,unknown,False,True,ab2.2. rex1-gfp
fbfcb118,3,RNA-seq,"753863,753865,753852",unknown,unknown,unknown,whole embryo,False,True,bl6
4f5c1fc1,3,RNA-seq,725741,unknown,unknown,unknown,sm-4gfwy,False,False,unknown
7a23f772,3,RNA-seq,"648998,718868",mescs,"actd, 6h",unknown,mescs,False,True,unknown
ea2259c3,3,RNA-seq,"648998,718868",mescs,"actd, 4h",unknown,mescs,False,True,unknown
83937480,3,RNA-seq,"648998,718868",mescs,"actd, 2h",unknown,mescs,False,True,unknown
53234a18,3,RNA-seq,"648998,718868",mescs,untreated,unknown,mescs,False,True,unknown
388b5a49,3,CAGE,701951,unknown,unknown,unknown,sm-4tsst,False,False,unknown
1a202c91,3,RNA-seq,701895,unknown,unknown,unknown,sm-4tsmz,False,False,unknown
1c05bbee,3,RNA-seq,"648998,649001",raw264.7,"actd, 6h",unknown,raw264.7,False,True,raw264.7
0f9d2615,3,RNA-seq,"648998,649001",raw264.7,"actd, 4h",unknown,raw264.7,False,True,raw264.7
3c214817,3,RNA-seq,"648998,649001",raw264.7,"actd, 2h",unknown,raw264.7,False,True,raw264.7
4a758958,3,RNA-seq,630709,unknown,"kanamycin, tetracycline",unknown,human,False,False,challis ch1
6585ff00,3,RNA-seq,505061,unknown,unknown,unknown,"mt. simon sandstone pore water sample d5872 at 1.8km depth, illinois-basin decatur project",False,False,unknown
f5381ed1,2,Ribo-seq,1296756,unknown,unknown,unknown,lab_i,False,False,not appliable
583dd5d7,2,Ribo-seq,1296756,unknown,unknown,unknown,lab_g,False,False,not appliable
304c8fad,2,Ribo-seq,1296756,unknown,unknown,unknown,lab_e,False,False,not appliable
bfe128e4,2,Ribo-seq,1296756,unknown,unknown,unknown,lab_c,False,False,not appliable
98d94b70,2,Ribo-seq,1296756,unknown,unknown,unknown,lab_k,False,False,not appliable
3101e4be,2,Ribo-seq,1296756,unknown,unknown,unknown,lab_a,False,False,not appliable
45efcb30,2,RNA-seq,1295776,fungal cell,"thiolutin,nc,wt,60-3",unknown,fungal cell,False,False,wt
6f0d2006,2,RNA-seq,1295776,fungal cell,"thiolutin,nc,wt,60-2",unknown,fungal cell,False,False,wt
162ec8ba,2,RNA-seq,1295776,fungal cell,"thiolutin,nc,wt,60-1",unknown,fungal cell,False,False,wt
59afee19,2,RNA-seq,1295776,fungal cell,"thiolutin,nc,wt,40-3",unknown,fungal cell,False,False,wt
a17cd9a5,2,RNA-seq,1295776,fungal cell,"thiolutin,nc,wt,40-2",unknown,fungal cell,False,False,wt
a44ce4ed,2,RNA-seq,1295776,fungal cell,"thiolutin,nc,wt,40-1",unknown,fungal cell,False,False,wt
f066887b,2,RNA-seq,1295776,fungal cell,"thiolutin,nc,wt,20-3",unknown,fungal cell,False,False,wt
8bc57737,2,RNA-seq,1295776,fungal cell,"thiolutin,nc,wt,20-2",unknown,fungal cell,False,False,wt
398114e2,2,RNA-seq,1295776,fungal cell,"thiolutin,nc,wt,20-1",unknown,fungal cell,False,False,wt
9e003be7,2,RNA-seq,1295776,fungal cell,"thiolutin,nc,wt,10-3",unknown,fungal cell,False,False,wt
851d4c66,2,RNA-seq,1295776,fungal cell,"thiolutin,nc,wt,10-2",unknown,fungal cell,False,False,wt
0976608e,2,RNA-seq,1295776,fungal cell,"thiolutin,nc,wt,10-1",unknown,fungal cell,False,False,wt
e111231e,2,RNA-seq,1295776,fungal cell,"thiolutin,nc,wt,0-3",unknown,fungal cell,False,False,wt
94d64fc4,2,RNA-seq,1295776,fungal cell,"thiolutin,nc,wt,0-2",unknown,fungal cell,False,False,wt
9bb6e830,2,RNA-seq,1295776,fungal cell,"thiolutin,nc,wt,0-1",unknown,fungal cell,False,False,wt
46b85bdf,2,RNA-seq,1295776,hct116,"ribo,hct116,erf1,3",unknown,colon,False,False,hct116
e42bb99c,2,RNA-seq,1295776,hct116,"ribo,hct116,erf1,2",unknown,colon,False,False,hct116
3d3d8de1,2,RNA-seq,1295776,hct116,"ribo,hct116,erf1,1",unknown,colon,False,False,hct116
1ec2d7f7,2,RNA-seq,1295776,hct116,"ribo,hct116,wt,3",unknown,colon,False,False,hct116
7afdb60f,2,RNA-seq,1295776,hct116,"ribo,hct116,wt,2",unknown,colon,False,False,hct116
7c155255,2,RNA-seq,1295776,hct116,"ribo,hct116,wt,1",unknown,colon,False,False,hct116
f8f13e88,2,RNA-seq,1295776,hct116,"hct116,wt,6-2",unknown,colon,False,False,hct116
036eadf4,2,RNA-seq,1295776,hct116,"hct116,wt,6-1",unknown,colon,False,False,hct116
98f651eb,2,RNA-seq,1295776,hct116,"hct116,wt,4-3",unknown,colon,False,False,hct116
9582bb08,2,RNA-seq,1295776,hct116,"hct116,wt,4-2",unknown,colon,False,False,hct116
56d0b592,2,RNA-seq,1295776,hct116,"hct116,wt,4-1",unknown,colon,False,False,hct116
a06a0fd1,2,RNA-seq,1295776,hct116,"hct116,wt,2-2",unknown,colon,False,False,hct116
b6806f7e,2,RNA-seq,1295776,hct116,"hct116,wt,2-1",unknown,colon,False,False,hct116
62f9ed18,2,RNA-seq,1295776,hct116,"hct116,wt,0-3",unknown,colon,False,False,hct116
94fcaecb,2,RNA-seq,1295776,hct116,"hct116,wt,0-2",unknown,colon,False,False,hct116
7af2fd42,2,RNA-seq,1295776,hct116,"hct116,wt,0-1",unknown,colon,False,False,hct116
2778156c,2,RNA-seq,1295776,fungal cell,"nc,upf1,60-3",unknown,fungal cell,False,False,upf1 kd
4057136d,2,RNA-seq,1295776,fungal cell,"nc,upf1,60-2",unknown,fungal cell,False,False,upf1 kd
a882733b,2,RNA-seq,1295776,fungal cell,"nc,upf1,60-1",unknown,fungal cell,False,False,upf1 kd
a6f50d4a,2,RNA-seq,1295776,fungal cell,"nc,upf1,40-3",unknown,fungal cell,False,False,upf1 kd
caede2fa,2,RNA-seq,1295776,fungal cell,"nc,upf1,40-2",unknown,fungal cell,False,False,upf1 kd
366e6e3e,2,RNA-seq,1295776,fungal cell,"nc,upf1,40-1",unknown,fungal cell,False,False,upf1 kd
ad998e00,2,RNA-seq,1295776,fungal cell,"nc,upf1,20-3",unknown,fungal cell,False,False,upf1 kd
d5be9833,2,RNA-seq,1295776,fungal cell,"nc,upf1,20-2",unknown,fungal cell,False,False,upf1 kd
de59b4da,2,RNA-seq,1295776,fungal cell,"nc,upf1,20-1",unknown,fungal cell,False,False,upf1 kd
80f237db,2,RNA-seq,1295776,fungal cell,"nc,upf1,10-3",unknown,fungal cell,False,False,upf1 kd
f3b4258f,2,RNA-seq,1295776,fungal cell,"nc,upf1,10-2",unknown,fungal cell,False,False,upf1 kd
0c16eb7a,2,RNA-seq,1295776,fungal cell,"nc,upf1,10-1",unknown,fungal cell,False,False,upf1 kd
ff2d57f8,2,RNA-seq,1295776,fungal cell,"nc,upf1,0-3",unknown,fungal cell,False,False,upf1 kd
d3ed84f2,2,RNA-seq,1295776,fungal cell,"nc,upf1,0-2",unknown,fungal cell,False,False,upf1 kd
d35ecd60,2,RNA-seq,1295776,fungal cell,"nc,upf1,0-1",unknown,fungal cell,False,False,upf1 kd
d8b16517,2,RNA-seq,1295776,fungal cell,"nc,wt,60-3",unknown,fungal cell,False,False,wt
feb26bea,2,RNA-seq,1295776,fungal cell,"nc,wt,60-2",unknown,fungal cell,False,False,wt
7f112c84,2,RNA-seq,1295776,fungal cell,"nc,wt,60-1",unknown,fungal cell,False,False,wt
eca16c16,2,RNA-seq,1295776,fungal cell,"nc,wt,40-3",unknown,fungal cell,False,False,wt
99a63ec0,2,RNA-seq,1295776,fungal cell,"nc,wt,40-2",unknown,fungal cell,False,False,wt
b5586ff8,2,RNA-seq,1295776,fungal cell,"nc,wt,40-1",unknown,fungal cell,False,False,wt
4e8a8845,2,RNA-seq,1295776,fungal cell,"nc,wt,20-3",unknown,fungal cell,False,False,wt
3cde0418,2,RNA-seq,1295776,fungal cell,"nc,wt,20-2",unknown,fungal cell,False,False,wt
7014fece,2,RNA-seq,1295776,fungal cell,"nc,wt,20-1",unknown,fungal cell,False,False,wt
f3d1f067,2,RNA-seq,1295776,fungal cell,"nc,wt,10-3",unknown,fungal cell,False,False,wt
2189dd79,2,RNA-seq,1295776,fungal cell,"nc,wt,10-2",unknown,fungal cell,False,False,wt
f59c5e95,2,RNA-seq,1295776,fungal cell,"nc,wt,10-1",unknown,fungal cell,False,False,wt
f61f44cf,2,RNA-seq,1295776,fungal cell,"nc,wt,0-3",unknown,fungal cell,False,False,wt
df23438b,2,RNA-seq,1295776,fungal cell,"nc,wt,0-2",unknown,fungal cell,False,False,wt
0c1d9b95,2,RNA-seq,1295776,fungal cell,"nc,wt,0-1",unknown,fungal cell,False,False,wt
f5fca66a,2,RNA-seq,"1270455,1270452",unknown,unknown,unknown,unknown,False,True,molf_eij
771d4f31,2,Ribo-seq,1245068,in-vitro-differentiated plasma cell,unknown,unknown,eif4g2_cko_rep3,False,False,unknown
8f3998dc,2,Ribo-seq,1245068,in-vitro-differentiated plasma cell,unknown,unknown,eif4g2_cko_rep2,False,False,unknown
7d1933ec,2,Ribo-seq,1245068,in-vitro-differentiated plasma cell,unknown,unknown,eif4g2_cko_rep1,False,False,unknown
9bfe395c,2,Ribo-seq,1245068,in-vitro-differentiated plasma cell,unknown,unknown,wt_rep3,False,False,unknown
48a24814,2,Ribo-seq,1245068,in-vitro-differentiated plasma cell,unknown,unknown,wt_rep2,False,False,unknown
ae1df8d6,2,Ribo-seq,1245068,in-vitro-differentiated plasma cell,unknown,unknown,wt_rep1,False,False,unknown
0d99b16d,2,RNA-seq,1228532,hela cells,dnmt1 knockdown,unknown,corresponding rrna depleted rna-seq on hela cell with dnmt1 knockdown,False,False,hela cells
1379469f,2,RNA-seq,1228532,hela cells,dnmt1 knockdown,unknown,ribosome-protected mrna fragment on hela cells with dnmt1 knockdown,False,False,hela cells
813adb53,2,RNA-seq,1228532,hela cells,mock,unknown,corresponding rrna depleted rna-seq on hela cells with mock treatment,False,False,hela cells
f9f81ca0,2,RNA-seq,1228532,hela cells,mock,unknown,ribosome-protected mrna fragment on hela cells with mock treatment,False,False,hela cells
7a0c3c30,2,Ribo-seq,1222576,unknown,unknown,unknown,gs115 mut+,False,False,gs115
574adf4c,2,Ribo-seq,1222576,unknown,unknown,unknown,gs115 muts alb,False,False,gs115
5bc7884c,2,Ribo-seq,1221137,unknown,unknown,unknown,cci+pkri,False,False,unknown
7126938e,2,Ribo-seq,1221137,unknown,unknown,unknown,cci,False,False,unknown
1a37868e,2,Ribo-seq,1221137,unknown,unknown,unknown,sham,False,False,unknown
45db3e61,2,RNA-seq,1197449,unknown,unknown,24 hours,80 g/kg,False,False,unknown
25938222,2,RNA-seq,1197449,unknown,unknown,unknown,testis,False,False,tscl1_wt
c87d0aea,2,Ribo-seq,1194150,unknown,unknown,unknown,mixed culture,False,False,adg10
7104b1c5,2,Ribo-seq,1194150,unknown,unknown,unknown,mixed culture,False,False,adg9
b75f47a0,2,Ribo-seq,1194150,unknown,unknown,unknown,mixed culture,False,False,adg8
fba77af0,2,Ribo-seq,1194150,unknown,unknown,unknown,mixed culture,False,False,adg7
ed5030c4,2,Ribo-seq,1194150,unknown,unknown,unknown,mixed culture,False,False,adg6
6829b472,2,Ribo-seq,1194150,unknown,unknown,unknown,mixed culture,False,False,adg5
996eca4b,2,Ribo-seq,1194150,unknown,unknown,unknown,mixed culture,False,False,adg4
a8c179e2,2,Ribo-seq,1194150,unknown,unknown,unknown,mixed culture,False,False,adg27
860f42e8,2,Ribo-seq,1194150,unknown,unknown,unknown,mixed culture,False,False,adg26
ba9d9396,2,Ribo-seq,1194150,unknown,unknown,unknown,mixed culture,False,False,adg25
3ba3ad71,2,Ribo-seq,1194150,unknown,unknown,unknown,mixed culture,False,False,adg24
b667dce6,2,Ribo-seq,1194150,unknown,unknown,unknown,mixed culture,False,False,adg23
22a9e444,2,Ribo-seq,1194150,unknown,unknown,unknown,mixed culture,False,False,adg22
8f59b9a8,2,Ribo-seq,1194150,unknown,unknown,unknown,mixed culture,False,False,adg21
161720d6,2,Ribo-seq,1194150,unknown,unknown,unknown,mixed culture,False,False,adg3
aff592e2,2,Ribo-seq,1194150,unknown,unknown,unknown,mixed culture,False,False,adg20
ab3dca82,2,Ribo-seq,1194150,unknown,unknown,unknown,mixed culture,False,False,adg19
9e463176,2,Ribo-seq,1194150,unknown,unknown,unknown,mixed culture,False,False,adg18
aee852cd,2,Ribo-seq,1194150,unknown,unknown,unknown,mixed culture,False,False,adg17
daf4b257,2,Ribo-seq,1194150,unknown,unknown,unknown,mixed culture,False,False,adg16
3f1c3678,2,Ribo-seq,1194150,unknown,unknown,unknown,mixed culture,False,False,adg15
3993820d,2,Ribo-seq,1194150,unknown,unknown,unknown,mixed culture,False,False,adg14
8b0a4096,2,Ribo-seq,1194150,unknown,unknown,unknown,mixed culture,False,False,adg13
57631416,2,Ribo-seq,1194150,unknown,unknown,unknown,mixed culture,False,False,adg12
0020e149,2,Ribo-seq,1194150,unknown,unknown,unknown,mixed culture,False,False,adg11
02c57310,2,Ribo-seq,1194150,unknown,unknown,unknown,mixed culture,False,False,adg2
69381873,2,Ribo-seq,1194150,unknown,unknown,unknown,mixed culture,False,False,adg1
feaf0e79,2,RNA-seq,1194150,unknown,unknown,unknown,cell culture,False,False,zb_234
9a3b6aac,2,RNA-seq,1194150,unknown,unknown,unknown,cell culture,False,False,zb_232
978aa733,2,RNA-seq,1194150,unknown,unknown,unknown,cell culture,False,False,zb_583
2d815144,2,RNA-seq,1194150,unknown,unknown,unknown,cell culture,False,False,zb_512
d9269e8d,2,RNA-seq,1194150,unknown,unknown,unknown,cell culture,False,False,zb_237
f5256923,2,RNA-seq,1194150,unknown,unknown,unknown,cell culture,False,False,zb_314
e34c926c,2,RNA-seq,1194150,unknown,unknown,unknown,cell culture,False,False,zb_511
bf9258c1,2,RNA-seq,1194150,unknown,unknown,unknown,cell culture,False,False,zb_507
339709b0,2,RNA-seq,1194150,unknown,unknown,unknown,cell culture,False,False,zb_226
ac06a384,2,RNA-seq,1194150,unknown,unknown,unknown,cell culture,False,False,zb_505
47fa3cab,2,Ribo-seq,1191647,unknown,ethylene_3,unknown,none,False,False,unknown
afe6b614,2,Ribo-seq,1191647,unknown,ethylene_2,unknown,none,False,False,unknown
06ce1a4c,2,Ribo-seq,1191647,unknown,ethylene_1,unknown,none,False,False,wt
a7d33192,2,Ribo-seq,1176138,unknown,unknown,unknown,whole body,False,False,rps-23 (0)/tmc5
16157bbf,2,RNA-seq,"1157223,622261",unknown,unknown,unknown,soil,False,True,unknown
6c35c94d,2,RNA-seq,1157223,unknown,mock,unknown,mock-g7g8-1-rna,False,False,unknown
0bbab20c,2,RNA-seq,1157223,unknown,mock,unknown,mock-col-0-3-rna,False,False,unknown
b0bf4d04,2,RNA-seq,1157223,unknown,mock,unknown,mock-col-0-2-rna,False,False,unknown
bc438391,2,RNA-seq,1157223,unknown,mock,unknown,mock-col-0-1-rna,False,False,unknown
9f6e71ec,2,RNA-seq,1157223,unknown,aba,unknown,aba-g7g8-3-rna,False,False,unknown
be1770e4,2,RNA-seq,1157223,unknown,aba,unknown,aba-g7g8-2-rna,False,False,unknown
0f4860a0,2,Ribo-seq,1157223,unknown,mock,unknown,mock-g7g8-3-ribo,False,False,unknown
2ac4db2b,2,Ribo-seq,1157223,unknown,mock,unknown,mock-g7g8-2-ribo,False,False,unknown
57ae4c92,2,RNA-seq,1157223,unknown,aba,unknown,aba-g7g8-1-rna,False,False,unknown
ab5e32d2,2,Ribo-seq,1157223,unknown,mock,unknown,mock-g7g8-1-ribo,False,False,unknown
5cba3c28,2,Ribo-seq,1157223,unknown,mock,unknown,mock-col-0-3-ribo,False,False,unknown
83bf07e6,2,Ribo-seq,1157223,unknown,mock,unknown,mock-col-0-2-ribo,False,False,unknown
256b6c65,2,Ribo-seq,1157223,unknown,mock,unknown,mock-col-0-1-ribo,False,False,unknown
1855ef1a,2,Ribo-seq,1157223,unknown,aba,unknown,aba-g7g8-3-ribo,False,False,unknown
c962fef2,2,Ribo-seq,1157223,unknown,aba,unknown,aba-g7g8-2-ribo,False,False,unknown
1da03654,2,Ribo-seq,1157223,unknown,aba,unknown,aba-g7g8-1-ribo,False,False,unknown
f9af22fd,2,Ribo-seq,1157223,unknown,aba,unknown,aba-col-0-3-ribo,False,False,unknown
2dd90a2d,2,Ribo-seq,1157223,unknown,aba,unknown,aba-col-0-2-ribo,False,False,unknown
7d67b681,2,Ribo-seq,1157223,unknown,aba,unknown,aba-col-0-1-ribo,False,False,unknown
0cd2481f,2,RNA-seq,1157223,unknown,aba,unknown,aba-col-0-3-rna,False,False,unknown
e9bc6836,2,RNA-seq,1157223,unknown,mock,unknown,mock-g7-gfp-clip-2,False,False,unknown
648208ac,2,RNA-seq,1157223,unknown,mock,unknown,mock-g7-gfp-clip-1,False,False,unknown
489cbb98,2,RNA-seq,1157223,unknown,mock,unknown,mock-col-0-clip-2,False,False,unknown
683c9398,2,RNA-seq,1157223,unknown,mock,unknown,mock-col-0-clip-1,False,False,unknown
9064a74b,2,RNA-seq,1157223,unknown,aba,unknown,aba-g7-gfp-clip-2,False,False,unknown
8bf90636,2,RNA-seq,1157223,unknown,aba,unknown,aba-g7-gfp-clip-1,False,False,unknown
c2386c9f,2,RNA-seq,1157223,unknown,aba,unknown,aba-col-0-clip-2,False,False,unknown
54593738,2,RNA-seq,1157223,unknown,aba,unknown,aba-col-0-clip-1,False,False,unknown
5c6392c1,2,RNA-seq,1157223,unknown,mock,unknown,mock-g7g8-3-rna,False,False,unknown
c40e354e,2,RNA-seq,1157223,unknown,mock,unknown,mock-g7g8-2-rna,False,False,unknown
6f8d66da,2,RNA-seq,1157223,unknown,aba,unknown,aba-col-0-2-rna,False,False,unknown
ce7e5e87,2,RNA-seq,1157223,unknown,aba,unknown,aba-col-0-1-rna,False,False,unknown
838d23f9,2,Ribo-seq,1146784,unknown,unknown,unknown,k326-3.r1.fq.gz,False,False,k326-3.r1.fq.gz
cdb7418e,2,Ribo-seq,1146784,unknown,unknown,unknown,k326-2.r1.fq.gz,False,False,k326-2.r1.fq.gz
0113c598,2,Ribo-seq,1146784,unknown,unknown,unknown,ntdhs1-3.r1.fq.gz,False,False,ntdhs1-3.r1.fq.gz
499ac37f,2,Ribo-seq,1146784,unknown,unknown,unknown,ntdhs1-2.r1.fq.gz,False,False,ntdhs1-2.r1.fq.gz
f903432b,2,Ribo-seq,1146784,unknown,unknown,unknown,ntdhs1-1.r1.fq.gz,False,False,ntdhs1-1.r1.fq.gz
397c17de,2,Ribo-seq,1146784,unknown,unknown,unknown,k326-1.r1.fq.gz,False,False,k326-1.r1.fq.gz
7fec8f88,2,RNA-seq,1136820,hek293t human embryonic kidny cells; a549 lung carcinoma cells,unknown,unknown,hek293t human embryonic kidny cells; a549 lung carcinoma cells,False,False,hek293t human embryonic kidny cells; a549 lung carcinoma cells
3aae1e3c,2,RNA-seq,"1099202,1099224",unknown,unknown,unknown,feces,False,True,unknown
83b4d07a,2,RNA-seq,1084474,unknown,unknown,unknown,rattus norvegicus,False,False,aars2 overexpression
46f3670c,2,RNA-seq,1084474,unknown,unknown,unknown,rattus norvegicus,False,False,wild type genotype
af0be2ac,2,Ribo-seq,1083099,unknown,unknown,unknown,rice indica subspecies2 of ribo-seq,False,False,unknown
56301b96,2,Ribo-seq,1083099,unknown,unknown,unknown,rice indica subspecies1 of ribo-seq,False,False,unknown
e74d18e6,2,Ribo-seq,1083099,unknown,unknown,unknown,rice japonica subspecies2 of ribo-seq,False,False,unknown
9711947f,2,Ribo-seq,1083099,unknown,unknown,unknown,rice japonica subspecies1 of ribo-seq,False,False,unknown
4b9a04ac,2,RNA-seq,1083099,unknown,unknown,unknown,inter-subspecific hybrid rice2 of rna-seq,False,False,unknown
4c870093,2,RNA-seq,1083099,unknown,unknown,unknown,inter-subspecific hybrid rice1 of rna-seq,False,False,unknown
0680a8e3,2,RNA-seq,1083099,unknown,unknown,unknown,rice indica subspecies2 of rna-seq,False,False,unknown
b5d39bac,2,RNA-seq,1083099,unknown,unknown,unknown,rice indica subspecies1 of rna-seq,False,False,unknown
93393aee,2,Ribo-seq,1083099,unknown,unknown,unknown,inter-subspecific hybrid rice2 of ribo-seq,False,False,unknown
1b1c383a,2,Ribo-seq,1083099,unknown,unknown,unknown,inter-subspecific hybrid rice1 of ribo-seq,False,False,unknown
41dc4507,2,RNA-seq,1083099,unknown,unknown,unknown,rice japonica subspecies2 of rna-seq,False,False,unknown
949ae8a7,2,RNA-seq,1083099,unknown,unknown,unknown,rice japonica subspecies1 of rna-seq,False,False,unknown
a05a38d7,2,RNA-seq,1075071,hek293t,hek293t cells were plated in 15 cm dishes and co-transfected with pcmv-nes--chpylrsipye (tetrs)tetrs-12*(u6-cm15cga) with pegfp-mcherry-t2a-egfp-151tcg in the presence of tetbu.,unknown,hek293t,False,False,hek293t
896108ec,2,RNA-seq,1075071,hek293t,hek293t cells were plated in 15 cm dishes and co-transfected with pcmv-nes--chpylrsipye (tetrs)tetrs-12*(u6-cm15cga) with without pegfp-mcherry-t2a-egfp-151tcg in the presence of tetbu.,unknown,hek293t,False,False,hek293t
45f8028e,2,RNA-seq,"1071174,1071172",unknown,unknown,unknown,whole cells,False,True,dw15.1
f11bc704,2,RNA-seq,"548154,1063244",unknown,unknown,unknown,stool,False,True,unknown
cd3218e5,2,Ribo-seq,1050581,unknown,unknown,unknown,ko-3,False,False,unknown
cdc61f4c,2,Ribo-seq,1050581,unknown,unknown,unknown,ko-2,False,False,unknown
6caa72ef,2,Ribo-seq,1050581,unknown,unknown,unknown,ko-1,False,False,unknown
90af6353,2,Ribo-seq,1050581,unknown,unknown,unknown,wt-3,False,False,unknown
f102821a,2,Ribo-seq,1050581,unknown,unknown,unknown,wt-2,False,False,unknown
8fe3447c,2,Ribo-seq,1050581,unknown,unknown,unknown,wt-1,False,False,unknown
5bf3288f,2,RNA-seq,1047636,eif3d#4-1,unknown,day 3,eif3d#4-1,False,False,eif3d#4-1
30920cc6,2,RNA-seq,1047636,eif3d#1-4,unknown,day 3,eif3d#1-4,False,False,eif3d#1-4
1deeb7f5,2,RNA-seq,1047636,eif3d#1-1,unknown,day 3,eif3d#1-1,False,False,eif3d#1-1
6ad0e3b8,2,RNA-seq,1047636,control#4,unknown,day 3,control#4,False,False,control#4
adf39906,2,RNA-seq,1047636,control#3,unknown,day 3,control#3,False,False,control#3
2a0a1a56,2,RNA-seq,1047636,control#1,unknown,day 3,control#1,False,False,control#1
76c2da03,2,RNA-seq,1037596,unknown,unknown,d30,brain organoid,False,False,airim-v190g
5da1b02b,2,RNA-seq,1037596,unknown,unknown,d30,brain organoid,False,False,wt
b92aaa5f,2,RNA-seq,1037596,unknown,unknown,d15,neuroepithelium,False,False,airim-v190g
a2b155a1,2,RNA-seq,1037596,unknown,unknown,d15,neuroepithelium,False,False,wt
169ba581,2,RNA-seq,1037596,unknown,unknown,d5,embryoid body,False,False,airim-v190g
e60a04f7,2,RNA-seq,1037596,unknown,unknown,d5,embryoid body,False,False,wt
4104edd0,2,RNA-seq,1037596,unknown,unknown,d0,ipsc,False,False,airim-v190g
0ac79ff6,2,RNA-seq,1037596,unknown,unknown,d0,ipsc,False,False,wt
e91d8bdc,2,RNA-seq,"1035983,1035985",unknown,unknown,unknown,irri,False,True,temperate japonica
4b7f3189,2,RNA-seq,1034671,unknown,unknown,unknown,ko_5,False,False,c57bl/6n
8edae3a1,2,RNA-seq,1034671,unknown,unknown,unknown,wt_5,False,False,c57bl/6n
6c2ba032,2,RNA-seq,1019502,unknown,unknown,unknown,rna sequencing replicate 3,False,False,cc1690
1ce7a5e6,2,RNA-seq,1019502,unknown,unknown,unknown,rna sequencing replicate 2,False,False,cc1690
31cba123,2,RNA-seq,1019502,unknown,unknown,unknown,rna sequencing replicate 1,False,False,cc1690
6fdf696f,2,RNA-seq,1019502,unknown,unknown,unknown,ribosome profiling sample c,False,False,cc1690
d416255e,2,RNA-seq,1019502,unknown,unknown,unknown,ribosome profiling sample b,False,False,cc1690
b6ba6180,2,RNA-seq,1019502,unknown,unknown,unknown,ribosome profiling sample a,False,False,cc1690
a963ce58,2,RNA-seq,1011928,unknown,cox8-ago2,unknown,heart,False,False,unknown
d8953e0b,2,RNA-seq,1011928,unknown,gfp,unknown,heart,False,False,unknown
2cc0fdb3,2,Ribo-seq,1009809,unknown,"100 µg/ml chx, 100 µg/ml tig",unknown,gastrula,False,False,tlab strain
902362cc,2,Ribo-seq,1009809,unknown,"100 µg/ml chx, 100 µg/ml tig",unknown,blastula,False,False,tlab strain
66d06399,2,RNA-seq,978085,na,plusdm_minusio4,unknown,stool,False,False,na
61373eec,2,RNA-seq,978085,na,plusdm_plusio4,unknown,stool,False,False,na
54767535,2,RNA-seq,978085,na,minusdm_minusio4,unknown,stool,False,False,na
65b87088,2,RNA-seq,978085,na,minusdm_plusio4,unknown,stool,False,False,na
ba4361dd,2,Ribo-seq,970317,hek293t,unknown,unknown,ddx6-2_ribo,False,False,hek293t
bf8a1d2d,2,Ribo-seq,970317,hek293t,unknown,unknown,ddx6-1_ribo,False,False,hek293t
38397fe4,2,Ribo-seq,970317,hek293t,unknown,unknown,control-2_ribo,False,False,hek293t
90be4c36,2,Ribo-seq,970317,hek293t,unknown,unknown,control-1_ribo,False,False,hek293t
7826363b,2,RNA-seq,970317,hek293t,unknown,unknown,ddx6-2_rna,False,False,hek293t
58342f9c,2,RNA-seq,970317,hek293t,unknown,unknown,ddx6-1_rna,False,False,hek293t
f1f178a7,2,RNA-seq,970317,hek293t,unknown,unknown,control-2_rna,False,False,hek293t
175b112c,2,RNA-seq,970317,hek293t,unknown,unknown,control-1_rna,False,False,hek293t
6c3b9876,2,RNA-seq,951361,gv,anti-ac4c,unknown,mouse ovary,False,False,gv
4f3aa7f8,2,RNA-seq,951361,gv,anti-igg,unknown,mouse ovary,False,False,gv
01d4de54,2,Ribo-seq,947525,kucg-2 hipsc,100 ug/ml chx,unknown,kucg-2 hipsc,False,False,kucg-2 hipsc
749be019,2,RNA-seq,940452,unknown,600 units rnasei,unknown,leaves harvested from 28-day old plants,False,False,wild type
5ac2cbde,2,RNA-seq,940452,unknown,250 units rnasei,unknown,leaves harvested from 28-day old plants,False,False,wild type
745f9b45,2,RNA-seq,940452,unknown,550 units rnasei,unknown,14-day old seedlings,False,False,wild type
d8999557,2,RNA-seq,940452,unknown,400 units rnasei,unknown,14-day old seedlings,False,False,wild type
7ec39a9f,2,RNA-seq,940452,unknown,250 units rnasei,unknown,8-day old seedlings,False,False,wild type
a0d71dbf,2,RNA-seq,940452,unknown,125 units rnasei,unknown,8-day old seedlings,False,False,wild type
a8b0ddf0,2,RNA-seq,940452,unknown,63 units rnasei,unknown,8-day old seedlings,False,False,wild type
28375ed3,2,RNA-seq,940452,unknown,300 units mnase,unknown,8-day old seedlings,False,False,wild type
6c09c1fc,2,RNA-seq,940452,unknown,150 units mnase,unknown,8-day old seedlings,False,False,wild type
86e69c06,2,RNA-seq,940452,unknown,75 units mnase,unknown,8-day old seedlings,False,False,wild type
25b30c50,2,RNA-seq,938481,unknown,"0.6 mm hydrogen peroxide,30 min",unknown,mata suc2 gal2 mal2 mel flo1 flo8-1 hap1 ho bio1 bio6 rad6::kanmx4,False,False,mata suc2 gal2 mal2 mel flo1 flo8-1 hap1 ho bio1 bio6 rad6::kanmx4
6a48b445,2,RNA-seq,938481,unknown,untreated,unknown,mata suc2 gal2 mal2 mel flo1 flo8-1 hap1 ho bio1 bio6 rad6::kanmx4,False,False,mata suc2 gal2 mal2 mel flo1 flo8-1 hap1 ho bio1 bio6 rad6::kanmx4
fc5a2a70,2,RNA-seq,938481,unknown,"0.6 mm hydrogen peroxide,30 min",unknown,mata suc2 gal2 mal2 mel flo1 flo8-1 hap1 ho bio1 bio6,False,False,mata suc2 gal2 mal2 mel flo1 flo8-1 hap1 ho bio1 bio6
94b48d37,2,RNA-seq,938481,unknown,untreated,unknown,mata suc2 gal2 mal2 mel flo1 flo8-1 hap1 ho bio1 bio6,False,False,mata suc2 gal2 mal2 mel flo1 flo8-1 hap1 ho bio1 bio6
4393e0e6,2,RNA-seq,938481,unknown,"0.6 mm hydrogen peroxide,30 min",unknown,"mata lys2-801 leu2-3,112 ura3-52 his3- δ200 trp1-1[am] ubi1-δ1::trp1 ubi2-δ2::ura3 ubi3-δub-2 ubi4-δ2::leu2 [pub39 ub, lys2][pub100 ubi1 tail, his3] [pyes rad6(c88a)-ha, ura3]",False,False,"mata lys2-801 leu2-3,112 ura3-52 his3- {delta}200 trp1-1[am] ubi1-{delta}1::trp1 ubi2-{delta}2::ura3 ubi3-{delta}ub-2 ubi4-{delta}2::leu2 [pub39 ub, lys2][pub100 ubi1 tail, his3] [pyes rad6(c88a)-ha, ura3]"
bf871f62,2,RNA-seq,938481,unknown,untreated,unknown,"mata lys2-801 leu2-3,112 ura3-52 his3- δ200 trp1-1[am] ubi1-δ1::trp1 ubi2-δ2::ura3 ubi3-δub-2 ubi4-δ2::leu2 [pub39 ub, lys2][pub100 ubi1 tail, his3] [pyes rad6(c88a)-ha, ura3]",False,False,"mata lys2-801 leu2-3,112 ura3-52 his3- {delta}200 trp1-1[am] ubi1-{delta}1::trp1 ubi2-{delta}2::ura3 ubi3-{delta}ub-2 ubi4-{delta}2::leu2 [pub39 ub, lys2][pub100 ubi1 tail, his3] [pyes rad6(c88a)-ha, ura3]"
52cb7daf,2,RNA-seq,938481,unknown,"0.6 mm hydrogen peroxide,30 min",unknown,"mata lys2-801 leu2-3,112 ura3-52 his3- δ200 trp1-1[am] ubi1-δ1::trp1 ubi2-δ2::ura3 ubi3-δub-2 ubi4-δ2::leu2 [pub39 ub, lys2][pub100 ubi1 tail, his3] [pyes rad6-ha, ura3]",False,False,"mata lys2-801 leu2-3,112 ura3-52 his3- {delta}200 trp1-1[am] ubi1-{delta}1::trp1 ubi2-{delta}2::ura3 ubi3-{delta}ub-2 ubi4-{delta}2::leu2 [pub39 ub, lys2][pub100 ubi1 tail, his3] [pyes rad6-ha, ura3]"
da629b9c,2,RNA-seq,938481,unknown,untreated,unknown,"mata lys2-801 leu2-3,112 ura3-52 his3- δ200 trp1-1[am] ubi1-δ1::trp1 ubi2-δ2::ura3 ubi3-δub-2 ubi4-δ2::leu2 [pub39 ub, lys2][pub100 ubi1 tail, his3] [pyes rad6-ha, ura3]",False,False,"mata lys2-801 leu2-3,112 ura3-52 his3- {delta}200 trp1-1[am] ubi1-{delta}1::trp1 ubi2-{delta}2::ura3 ubi3-{delta}ub-2 ubi4-{delta}2::leu2 [pub39 ub, lys2][pub100 ubi1 tail, his3] [pyes rad6-ha, ura3]"
d6b809fe,2,RNA-seq,938481,unknown,"0.6 mm hydrogen peroxide,30 min",unknown,"mata lys2-801 leu2-3,112 ura3-52 his3- δ200 trp1-1[am] ubi1-δ1::trp1 ubi2-δ2::ura3 ubi3-δub-2 ubi4-δ2::leu2 [pub39 ub, lys2][pub100 ubi1 tail, his3] hel2:kanmx4",False,False,"mata lys2-801 leu2-3,112 ura3-52 his3- {delta}200 trp1-1[am] ubi1-{delta}1::trp1 ubi2-{delta}2::ura3 ubi3-{delta}ub-2 ubi4-{delta}2::leu2 [pub39 ub, lys2][pub100 ubi1 tail, his3] hel2:kanmx4"
17bee1c8,2,RNA-seq,938481,unknown,untreated,unknown,"mata lys2-801 leu2-3,112 ura3-52 his3- δ200 trp1-1[am] ubi1-δ1::trp1 ubi2-δ2::ura3 ubi3-δub-2 ubi4-δ2::leu2 [pub39 ub, lys2][pub100 ubi1 tail, his3] hel2:kanmx4",False,False,"mata lys2-801 leu2-3,112 ura3-52 his3- {delta}200 trp1-1[am] ubi1-{delta}1::trp1 ubi2-{delta}2::ura3 ubi3-{delta}ub-2 ubi4-{delta}2::leu2 [pub39 ub, lys2][pub100 ubi1 tail, his3] hel2:kanmx4"
0b0e7816,2,RNA-seq,"664109,932465",esc,unknown,unknown,unknown,False,True,g4 es cell line from a male blastocyst from a c57bl/6ncr male x 129s6/svevtac female
698a2f2b,2,RNA-seq,923627,hl-60,na,72 hours,hl-60,False,False,hl-60
98afa251,2,RNA-seq,"918680,918681",unknown,unknown,unknown,throat swab,False,True,unknown
f0dbf046,2,Ribo-seq,918384,unknown,unknown,unknown,ribo-seq_cpeb1bmutant+lowdosemo_22h_replicate_2,False,False,cpeb1b mutant
8aaadfc2,2,Ribo-seq,918384,unknown,unknown,unknown,ribo-seq_cpeb1bmutant+lowdosemo_22h_replicate_1,False,False,cpeb1b mutant
5320dc97,2,Ribo-seq,918384,unknown,unknown,unknown,ribo-seq_wt+lowdosemo_22h_replicate_2,False,False,wild type
309b8ef2,2,Ribo-seq,918384,unknown,unknown,unknown,ribo-seq_wt+lowdosemo_22h_replicate_1,False,False,wild type
ded27efc,2,Ribo-seq,918384,unknown,unknown,unknown,ribo-seq_cpeb1bmutant+lowdosemo_16h_replicate_2,False,False,cpeb1b mutant
179da52c,2,Ribo-seq,918384,unknown,unknown,unknown,ribo-seq_cpeb1bmutant+lowdosemo_16h_replicate_1,False,False,cpeb1b mutant
b2161c08,2,Ribo-seq,918384,unknown,unknown,unknown,ribo-seq_wt+lowdosemo_16h_replicate_2,False,False,wild type
08ee10ab,2,Ribo-seq,918384,unknown,unknown,unknown,ribo-seq_wt+lowdosemo_16h_replicate_1,False,False,wild type
8cd28c7d,2,Ribo-seq,918384,unknown,unknown,unknown,ribo-seq_cpeb1bmutant+lowdosemo_8h_replicate_2,False,False,cpeb1b mutant
e7367709,2,Ribo-seq,918384,unknown,unknown,unknown,ribo-seq_cpeb1bmutant+lowdosemo_8h_replicate_1,False,False,cpeb1b mutant
c841a1cc,2,Ribo-seq,918384,unknown,unknown,unknown,ribo-seq_wt+lowdosemo_8h_replicate_2,False,False,wild type
c7abec6c,2,Ribo-seq,918384,unknown,unknown,unknown,ribo-seq_wt+lowdosemo_8h_replicate_1,False,False,wild type
192d813f,2,RNA-seq,913568,hepg2,hepg2 rna-seq tiar knockdown,unknown,cell line,False,False,hepg2
e2203d10,2,RNA-seq,913568,hepg2,hepg2 rna-seq control,unknown,cell line,False,False,hepg2
804a2259,2,Ribo-seq,913568,hepg2,hepg2 ribo-seq tiar knockdown,unknown,cell line,False,False,hepg2
f677d327,2,Ribo-seq,913568,hepg2,hepg2 ribo-seq control,unknown,cell line,False,False,hepg2
ca47a40b,2,RNA-seq,912651,unknown,unknown,unknown,753_riboseq_mouse,False,False,ythdf2fl/fl mhc-cre ribotag c57/bl6 n
6ca9294a,2,RNA-seq,912651,unknown,unknown,unknown,715_riboseq_mouse,False,False,ythdf2fl/fl mhc-cre ribotag c57/bl6 n
f641ac4a,2,RNA-seq,912651,unknown,unknown,unknown,714_riboseq_mouse,False,False,ythdf2fl/fl mhc-cre ribotag c57/bl6 n
feda549a,2,RNA-seq,912651,unknown,unknown,unknown,724_riboseq_mouse,False,False,ythdf2fl/fl mhc-cre ribotag c57/bl6 n
97346b37,2,RNA-seq,912651,unknown,unknown,unknown,718_riboseq_mouse,False,False,ythdf2fl/fl mhc-cre ribotag c57/bl6 n
d08e6135,2,RNA-seq,912651,unknown,unknown,unknown,667_riboseq_mouse,False,False,ythdf2fl/fl mhc-cre ribotag c57/bl6 n
ac1c1662,2,Ribo-seq,906650,unknown,uorf_mut,unknown,seedling,False,False,zh11
28fd610e,2,Ribo-seq,906650,unknown,wt,unknown,seedling,False,False,zh11
92435dbd,2,Ribo-seq,906650,unknown,uorf_type2_ip,unknown,leaf,False,False,nicotiana benthamiana
d2fb23b6,2,Ribo-seq,906650,unknown,uorf_type1_ip,unknown,leaf,False,False,nicotiana benthamiana
2f9c83e3,2,Ribo-seq,906650,unknown,uorf_free_ip,unknown,leaf,False,False,nicotiana benthamiana
ac952fa6,2,Ribo-seq,906650,unknown,uorf_type2_total,unknown,leaf,False,False,nicotiana benthamiana
699942b6,2,Ribo-seq,906650,unknown,uorf_type1_total,unknown,leaf,False,False,nicotiana benthamiana
a1ffd2b9,2,Ribo-seq,906650,unknown,uorf_free_total,unknown,leaf,False,False,nicotiana benthamiana
8c24bb6f,2,RNA-seq,895374,hek293 ebna,untreated,unknown,hek293 ebna,False,False,hek293 ebna
8e450deb,2,RNA-seq,862448,nci-h1299,dmso,unknown,nci-h1299,False,False,nci-h1299
b19e265a,2,RNA-seq,862448,nci-h1299,dmso,96 hours,nci-h1299,False,False,nci-h1299
195e6954,2,RNA-seq,854638,unknown,unknown,unknown,na,False,False,na
aed3acc2,2,RNA-seq,852547,unknown,in-vitro-shape-map-dmso-replicate3,unknown,seedlings,False,False,unknown
e95873bd,2,RNA-seq,852547,unknown,in-vitro-shape-map-dmso-replicate2,unknown,seedlings,False,False,unknown
9b4f1233,2,RNA-seq,852547,unknown,in-vitro-shape-map-dmso-replicate1,unknown,seedlings,False,False,unknown
628a8813,2,RNA-seq,852547,unknown,in-vitro-shape-map-nai-replicate3,unknown,seedlings,False,False,unknown
d7337074,2,RNA-seq,852547,unknown,in-vitro-shape-map-nai-replicate2,unknown,seedlings,False,False,unknown
8a8cb2ec,2,RNA-seq,852547,unknown,in-vitro-shape-map-nai-replicate1,unknown,seedlings,False,False,unknown
44a9969a,2,RNA-seq,852547,unknown,rna-sequencing-elf18-replicate3,unknown,seedlings,False,False,unknown
1d3e918f,2,RNA-seq,852547,unknown,rna-sequencing-elf18-replicate2,unknown,seedlings,False,False,unknown
2cd58e38,2,RNA-seq,852547,unknown,rna-sequencing-elf18-replicate1,unknown,seedlings,False,False,unknown
021feeed,2,RNA-seq,852547,unknown,rna-sequencing-mock-replicate3,unknown,seedlings,False,False,unknown
7893a486,2,RNA-seq,852547,unknown,rna-sequencing-mock-replicate2,unknown,seedlings,False,False,unknown
77415765,2,RNA-seq,852547,unknown,rna-sequencing-mock-replicate1,unknown,seedlings,False,False,unknown
1f13b08f,2,RNA-seq,852547,unknown,shape-map-mock-nai-replicate3,unknown,seedlings,False,False,unknown
eb1c8e3f,2,RNA-seq,852547,unknown,shape-map-mock-nai-replicate4,unknown,seedlings,False,False,unknown
bd5eb9e6,2,RNA-seq,852547,unknown,ribosome-sequencing-elf18-replicate1,unknown,seedlings,False,False,unknown
88e04a4c,2,RNA-seq,852547,unknown,ribosome-sequencing-elf18-replicate2,unknown,seedlings,False,False,unknown
b13d880f,2,RNA-seq,852547,unknown,ribosome-sequencing-elf18-replicate3,unknown,seedlings,False,False,unknown
66f70bf4,2,RNA-seq,852547,unknown,shape-map-mock-dmso-replicate3,unknown,seedlings,False,False,unknown
440a3c47,2,RNA-seq,852547,unknown,shape-map-mock-dmso-replicate2,unknown,seedlings,False,False,unknown
eab76647,2,RNA-seq,852547,unknown,shape-map-mock-dmso-replicate1,unknown,seedlings,False,False,unknown
3dd84c11,2,RNA-seq,852547,unknown,shape-map-elf18-nai-replicate4,unknown,seedlings,False,False,unknown
36233579,2,RNA-seq,852547,unknown,shape-map-elf18-nai-replicate3,unknown,seedlings,False,False,unknown
8c5e8f87,2,RNA-seq,852547,unknown,shape-map-elf18-nai-replicate2,unknown,seedlings,False,False,unknown
a7bda757,2,RNA-seq,852547,unknown,shape-map-elf18-nai-replicate1,unknown,seedlings,False,False,unknown
f48478ee,2,RNA-seq,852547,unknown,ribosome-sequencing-mock-replicate2,unknown,seedlings,False,False,unknown
f1e1b9cf,2,RNA-seq,852547,unknown,shape-map-elf18-dmso-replicate1,unknown,seedlings,False,False,unknown
27fc3059,2,RNA-seq,852547,unknown,shape-map-elf18-dmso-replicate2,unknown,seedlings,False,False,unknown
52820de3,2,RNA-seq,852547,unknown,shape-map-elf18-dmso-replicate3,unknown,seedlings,False,False,unknown
a4c34de4,2,RNA-seq,852547,unknown,shape-map-elf18-dmso-replicate4,unknown,seedlings,False,False,unknown
b34f6415,2,RNA-seq,852547,unknown,ribosome-sequencing-mock-replicate3,unknown,seedlings,False,False,unknown
86709cdf,2,RNA-seq,852547,unknown,shape-map-mock-nai-replicate2,unknown,seedlings,False,False,unknown
1b74b19a,2,RNA-seq,852547,unknown,shape-map-mock-nai-replicate1,unknown,seedlings,False,False,unknown
fa0cfa43,2,RNA-seq,852547,unknown,shape-map-mock-dmso-replicate4,unknown,seedlings,False,False,unknown
273f9af7,2,RNA-seq,852547,unknown,ribosome-sequencing-mock-replicate1,unknown,seedlings,False,False,unknown
69a63fce,2,RNA-seq,839354,unknown,glucose starvation,unknown,mata his3δ1 leu2δ0 met15δ0 ura3δ0 xrn1δ::kanmx4,False,False,yam6
b38ea5fc,2,RNA-seq,839354,unknown,control,unknown,mata his3δ1 leu2δ0 met15δ0 ura3δ0 xrn1δ::kanmx4,False,False,yam6
9db10e02,2,RNA-seq,839354,unknown,control,unknown,mata his3δ1 leu2δ0 met15δ0 ura3δ0 upf1δ::kanmx4,False,False,yam202
bd99eb1b,2,RNA-seq,839354,unknown,glucose starvation,unknown,mata his3δ1 leu2δ0 met15δ0 ura3δ0 upf1δ::kanmx4,False,False,yam202
d8bfd360,2,RNA-seq,839354,unknown,control - mock,unknown,mata his3δ1 leu2δ0 met15δ0 ura3δ0,False,False,yam1
c539ac02,2,RNA-seq,839354,unknown,glucose starvation - mock,unknown,mata his3δ1 leu2δ0 met15δ0 ura3δ0,False,False,yam1
43169dac,2,RNA-seq,839354,unknown,control - chx,unknown,mata his3δ1 leu2δ0 met15δ0 ura3δ0,False,False,yam1
05b31289,2,RNA-seq,839354,unknown,glucose starvation + chx,unknown,mata his3δ1 leu2δ0 met15δ0 ura3δ0,False,False,yam1
9198ef55,2,Ribo-seq,831863,hl60,unknown,unknown,hl60,False,False,hl60
47f9c1cb,2,Ribo-seq,831863,molm13,unknown,unknown,molm13,False,False,molm13
d2e7301a,2,Ribo-seq,831863,thp_1,unknown,unknown,thp_1,False,False,thp_1
b8e74237,2,RNA-seq,822292,unknown,unknown,unknown,primary root (6 das); primary root (v1),False,False,b73
cf7a73a7,2,RNA-seq,822292,unknown,unknown,unknown,first leaf - l(v3); topmost leaf - l(v3); tip of 2 stage leaf - l(v5); base of 2 stage leaf - l (v5); husk leaf; ear leaf,False,False,b73
e340b67e,2,RNA-seq,822292,unknown,unknown,unknown,ear (2 mm); tassel (2 mm); ear (5 mm),False,False,b73
c4c3a69a,2,RNA-seq,822292,unknown,unknown,unknown,embryo (15 dap); embryo (25 dap),False,False,b73
ac6ecb00,2,RNA-seq,822292,unknown,unknown,unknown,endosperm (15 dap); endosperm (25 dap),False,False,b73
f5fba85b,2,RNA-seq,794163,u2os,unknown,unknown,u2os m7g ip,False,False,u2os
44f5c019,2,RNA-seq,794163,u2os,unknown,unknown,u2os input,False,False,u2os
d9c2e65b,2,RNA-seq,794163,u2os,unknown,unknown,qki7-bound transcripts rip-seq ip (u2os),False,False,u2os
70fd6142,2,RNA-seq,794163,u2os,unknown,unknown,qki7-bound transcripts rip-seq input (u2os),False,False,u2os
b77653b6,2,RNA-seq,794163,hepg2,unknown,unknown,hepg2 m7g ip,False,False,hepg2
da117653,2,RNA-seq,794163,hepg2,unknown,unknown,hepg2 input,False,False,hepg2
1a24c30a,2,RNA-seq,789542,liver - whole organ,untreated,unknown,control untreated,False,False,balb/c
4e6f3924,2,RNA-seq,789542,lung - whole organ,untreated,unknown,control untreated,False,False,b6.cg-gt(rosa)26sortm14(cag-tdtomato)hze/j
6f3d197a,2,RNA-seq,789542,immortalized bronchial epithelial cells,suppressor trna contransfected,unknown,r553x-cftr cotransfected with suppressor trna,False,False,r553x-cftr
6086c665,2,RNA-seq,789542,immortalized bronchial epithelial cells,untreated,unknown,wt cftr,False,False,wt cftr
0000ebdb,2,Ribo-seq,763037,unknown,unknown,unknown,collect immediately within 10 minutes after slaughter,False,False,cattle
7e26151c,2,Ribo-seq,763037,unknown,unknown,unknown,collect immediately within 10 minutes after slaughter,False,False,buffalo
8fc0122d,2,RNA-seq,763037,unknown,unknown,unknown,collect immediately after slaughter,False,False,cattle
e1296a08,2,RNA-seq,763037,unknown,unknown,unknown,collect immediately after slaughter,False,False,buffalo
cd4c0b5f,2,RNA-seq,749454,unknown,unknown,unknown,559 input rna,False,False,qtrt1-/-
8ff399db,2,RNA-seq,749454,unknown,unknown,unknown,558 input rna,False,False,qtrt1-/-
b09b97a3,2,RNA-seq,749454,unknown,unknown,unknown,557 input rna,False,False,qtrt1-/-
cd948fcd,2,RNA-seq,749454,unknown,unknown,unknown,565 input rna,False,False,wild type
3b502c67,2,RNA-seq,749454,unknown,unknown,unknown,564 input rna,False,False,wild type
77b7e006,2,RNA-seq,749454,unknown,unknown,unknown,551 input rna,False,False,wild type
1ecf0707,2,RNA-seq,749454,unknown,unknown,unknown,599 input rna,False,False,qtrt1-/-
3dad9299,2,RNA-seq,749454,unknown,unknown,unknown,596 input rna,False,False,wild type
81cb2765,2,RNA-seq,749454,unknown,unknown,unknown,585 input rna,False,False,wild type
19b077ad,2,RNA-seq,749454,unknown,unknown,unknown,584 input rna,False,False,qtrt1-/-
0ea70501,2,RNA-seq,749454,unknown,unknown,unknown,559 footprint,False,False,qtrt1-/-
70aa8f29,2,RNA-seq,749454,unknown,unknown,unknown,558 footprint,False,False,qtrt1-/-
21972451,2,RNA-seq,749454,unknown,unknown,unknown,557 footprint,False,False,qtrt1-/-
b36562ca,2,RNA-seq,749454,unknown,unknown,unknown,565 footprint,False,False,wild type
03d2b134,2,RNA-seq,749454,unknown,unknown,unknown,564 footprint,False,False,wild type
56065a3d,2,RNA-seq,749454,unknown,unknown,unknown,551 footprint,False,False,wild type
83299172,2,RNA-seq,749454,unknown,unknown,unknown,599 footprint,False,False,qtrt1-/-
bd2f65ba,2,RNA-seq,749454,unknown,unknown,unknown,596 footprint,False,False,wild type
b35a6c51,2,RNA-seq,749454,unknown,unknown,unknown,585 footprint,False,False,wild type
7bfe2fbf,2,RNA-seq,749454,unknown,unknown,unknown,584 footprint,False,False,qtrt1-/-
0b551b07,2,RNA-seq,738263,unknown,t24-ko-m1-plex-m1,unknown,missing,False,False,unknown
6eb727ff,2,RNA-seq,738263,unknown,t24-ko-m1-plex,unknown,missing,False,False,unknown
8d03ce53,2,RNA-seq,734658,hek293,eif4a1 knockdown,unknown,hek293 40s ribo-seq eif4a1 knockdown,False,False,hek293
69a0ef81,2,RNA-seq,734658,hek293,control,unknown,hek293 40s ribo-seq control,False,False,hek293
01e600e2,2,RNA-seq,734658,hek293,eif4a1 knockdown,unknown,hek293 80s ribosome-seq eif4a1 knockdown,False,False,hek293
ce98bbe6,2,RNA-seq,734658,hek293,control,unknown,hek293 80s ribosome-seq control,False,False,hek293
a9452a41,2,RNA-seq,734658,mouse embryonic fibroblasts,eif4a1 knockdown,unknown,mef 40s ribo-seq eif4a1 knockdown,False,False,c57bl/6j
2983ac9d,2,RNA-seq,734658,mouse embryonic fibroblasts,control,unknown,mef 40s ribo-seq control,False,False,c57bl/6j
c821dd7c,2,RNA-seq,734658,mouse embryonic fibroblasts,eif4a1 knockdown,unknown,mef 80s ribosome-seq eif4a1 knockdown,False,False,c57bl/6j
b047e7ff,2,RNA-seq,734658,mouse embryonic fibroblasts,control,unknown,mef 80s ribosome-seq control,False,False,c57bl/6j
7e8f07f2,2,Ribo-seq,734658,mouse embryonic fibroblasts,hippuristanol treatment 8h,unknown,mef ribo-seq hippuristanol treatment 8h,False,False,c57bl/6j
e1a2bf4a,2,Ribo-seq,734658,mouse embryonic fibroblasts,hippuristanol treatment 2h,unknown,mef ribo-seq hippuristanol treatment 2h,False,False,c57bl/6j
8f4d4cf5,2,Ribo-seq,734658,mouse embryonic fibroblasts,pateaminea treatment 8h,unknown,mef ribo-seq pateaminea treatment 8h,False,False,c57bl/6j
0ff7ee75,2,Ribo-seq,734658,mouse embryonic fibroblasts,pateaminea treatment 2h,unknown,mef ribo-seq pateaminea treatment 2h,False,False,c57bl/6j
eedae64d,2,RNA-seq,729871,unknown,unknown,unknown,whole animal,False,False,cb1
4c1dbdfd,2,Ribo-seq,725741,unknown,unknown,unknown,whole organism,False,False,jl1
88646eb3,2,Ribo-seq,725741,unknown,unknown,unknown,whole organism,False,False,ma1
e793f57f,2,Ribo-seq,725741,unknown,unknown,unknown,whole organism,False,False,jl3
d33d7539,2,Ribo-seq,725741,unknown,unknown,unknown,whole organism,False,False,ma3
990aa36d,2,Ribo-seq,725741,unknown,unknown,unknown,whole organism,False,False,jl4
834f971f,2,Ribo-seq,725741,unknown,unknown,unknown,whole organism,False,False,ma4
3e89229b,2,Ribo-seq,725741,unknown,unknown,unknown,whole organism,False,False,jl6
1f136912,2,Ribo-seq,725741,unknown,unknown,unknown,whole organism,False,False,ma6
4d325bbd,2,RNA-seq,722238,hnscc cells,"to immobilize initiating ribosomes, harringtonine was added to cell culture medium to a final concentration of 2 µg/ml. cells were incubated for 120 s with harringtonine in the incubator. next, to block translational elongation, cycloheximide was added to cell culture medium to a final concentration of 100 µg/ml. cells were mixed well and proceeded immediately to cell lysis.",unknown,hnscc,False,False,mettl1-knockout
a98db7ce,2,RNA-seq,722238,hnscc cells,"to immobilize initiating ribosomes, harringtonine was added to cell culture medium to a final concentration of 2 µg/ml. cells were incubated for 120 s with harringtonine in the incubator. next, to block translational elongation, cycloheximide was added to cell culture medium to a final concentration of 100 µg/ml. cells were mixed well and proceeded immediately to cell lysis.",unknown,hnscc,False,False,normal
48895274,2,RNA-seq,"717063,717060",unknown,unknown,unknown,cervivaginal,False,True,16
c1512049,2,RNA-seq,717063,esophageal epithelial,the polyribosome-bound-mrnas were isolated from total rna by ultra-centrifugation,unknown,esophagus,False,False,mettl6-knockdown;rptor overexpression
f0f86244,2,RNA-seq,717063,esophageal epithelial,unknown,unknown,esophagus,False,False,mettl5-knockdown;rptor overexpression
2443e321,2,RNA-seq,717063,esophageal epithelial,the polyribosome-bound-mrnas were isolated from total rna by ultra-centrifugation,unknown,esophagus,False,False,mettl4-knockdown;rptor overexpression
074a6ad9,2,RNA-seq,717063,esophageal epithelial,unknown,unknown,esophagus,False,False,mettl3-knockdown;rptor overexpression
8e77ae18,2,RNA-seq,717063,esophageal epithelial,the polyribosome-bound-mrnas were isolated from total rna by ultra-centrifugation,unknown,esophagus,False,False,mettl2-knockdown;rptor overexpression
b654872c,2,RNA-seq,717063,esophageal epithelial,unknown,unknown,esophagus,False,False,mettl1-knockdown;rptor overexpression
c79dc060,2,RNA-seq,715464,unknown,unknown,unknown,ddx3xb mutant 4hribo-seq rep2,False,False,ddx3xb-/ddx3xb-
b198c5f5,2,RNA-seq,715464,unknown,unknown,unknown,ddx3xb mutant 4h ribo-seq rep1,False,False,ddx3xb-/ddx3xb-
74e7671d,2,RNA-seq,715464,unknown,unknown,unknown,control 4h ribo-seq rep2,False,False,wild type
870d5c9f,2,RNA-seq,715464,unknown,unknown,unknown,control 4h ribo-seq rep1,False,False,wild type
1fbe568b,2,RNA-seq,706704,unknown,unknown,unknown,yp_18_total_kes30_bacterial cells,False,False,usa300_fpr3757
39bce972,2,RNA-seq,706704,unknown,unknown,unknown,yp16_total_kes30_bacterial cells,False,False,usa300_fpr3757
32f29294,2,RNA-seq,706704,unknown,unknown,unknown,yp15_rpf_kes30_bacterial cells,False,False,usa300_fpr3757
7740a9b7,2,RNA-seq,706704,unknown,unknown,unknown,yp13_rpf_kes30_bacterial cells,False,False,usa300_fpr3757
ce2104ff,2,RNA-seq,706704,unknown,unknown,unknown,yp12_total_kes34_bacterial cells,False,False,usa300_fpr3757
f4d6d7dd,2,RNA-seq,706704,unknown,unknown,unknown,yp10_rpf_kes34_bacterial cells,False,False,usa300_fpr3757
3a4f5557,2,RNA-seq,706704,unknown,unknown,unknown,yp8_total_kes34_bacterial cells,False,False,usa300_fpr3757
d5de7a63,2,RNA-seq,706704,unknown,unknown,unknown,yp6_rpf_kes34_bacterial cells,False,False,usa300_fpr3757
b4ad2635,2,RNA-seq,706704,unknown,unknown,unknown,yp4_total_kes34_bacterial cells,False,False,usa300_fpr3757
d73531ca,2,RNA-seq,706704,unknown,unknown,unknown,yp2_rpf_kes34_bacterial cells,False,False,usa300_fpr3757
98bd0f2d,2,Ribo-seq,705358,embryonic stem cells,untreated,unknown,"mouse embryonic stem cells, aharibo ribo-seq, biological replicate 2",False,False,unknown
073a2bc0,2,Ribo-seq,705358,embryonic stem cells,untreated,unknown,"mouse embryonic stem cells, aharibo ribo-seq, biological replicate 1",False,False,unknown
34c52d8b,2,Ribo-seq,705358,embryonic stem cells,untreated,unknown,"mouse embryonic stem cells, standard ribo-seq, biological replicate 3",False,False,unknown
22cc54c8,2,Ribo-seq,705358,embryonic stem cells,untreated,unknown,"mouse embryonic stem cells, standard ribo-seq, biological replicate 2",False,False,unknown
479ab923,2,Ribo-seq,705358,embryonic stem cells,untreated,unknown,"mouse embryonic stem cells, standard ribo-seq, biological replicate 1",False,False,unknown
0f975e8b,2,RNA-seq,701894,unknown,unknown,unknown,sm-4zkgj,False,False,unknown
c8983f72,2,RNA-seq,"677870,677972",unknown,unknown,unknown,leaf,False,True,x
73f2b594,2,RNA-seq,670552,rna sequencing,unknown,unknown,3,False,False,rna sequencing
53a76093,2,RNA-seq,670552,rna sequencing,unknown,unknown,2,False,False,rna sequencing
5d7b94b9,2,RNA-seq,670552,rna sequencing,unknown,unknown,1,False,False,rna sequencing
e83a3378,2,Ribo-seq,670552,ribosome profiling,unknown,unknown,3,False,False,ribosome profiling
634374f8,2,Ribo-seq,670552,ribosome profiling,unknown,unknown,2,False,False,ribosome profiling
254621cf,2,Ribo-seq,670552,ribosome profiling,unknown,unknown,1,False,False,ribosome profiling
7cab6ef7,2,RNA-seq,669197,unknown,unknown,unknown,stool,False,False,m46d21
5dd03735,2,RNA-seq,668384,unknown,unknown,unknown,"seedling, hi-0 x ct-1 f1",False,False,hi-0 x ct-1 f1 cross progeny
b42ed1c0,2,Ribo-seq,656190,mutiple myeloma,unknown,unknown,cag nat10 oe,False,False,nat10 overexpression
3bc2ccf9,2,Ribo-seq,656190,mutiple myeloma,unknown,unknown,cag wt,False,False,wildtype
301634db,2,RNA-seq,649449,unknown,okacidacid,unknown,testis,False,False,c57b6
1c844602,2,RNA-seq,649449,unknown,eif4eip,unknown,testis,False,False,c57b6
0492d937,2,RNA-seq,649449,unknown,rip_unligated,unknown,testis,False,False,c57b6
92243c4a,2,RNA-seq,649449,unknown,rip_ligated,unknown,testis,False,False,c57b6
03c6bd27,2,RNA-seq,649449,unknown,ribozero,unknown,testis,False,False,c57b6
7dde5e78,2,RNA-seq,649449,unknown,unknown,unknown,mouse.testis.cbp80ip.adult,False,False,c57b6
3e665045,2,RNA-seq,649449,unknown,unknown,unknown,mouse.testis.4egicontrol.adult,False,False,c57b6
242ed07f,2,RNA-seq,649449,unknown,4egi,unknown,mouse.testis.4egi.adult,False,False,c57b6
9d15bc2c,2,RNA-seq,"649001,649002",unknown,48h post blood-meal,unknown,hindlegs,False,True,lvpib12
5bea4e0b,2,RNA-seq,648316,unknown,unknown,unknown,nares,False,False,f45759
276fb463,2,RNA-seq,645135,unknown,unknown,unknown,"sma early symptomaticl mouse brain, ribosome profiling from polysomes, biological replicate 2",False,False,smn-/-; smn2tg/0
c8330ab5,2,RNA-seq,645135,unknown,unknown,unknown,"sma early symptomatic mouse brain, ribosome profiling from polysomes, biological replicate 1",False,False,smn-/-; smn2tg/0
edad4502,2,RNA-seq,645135,unknown,unknown,unknown,"sma early symptomatic mouse brain, active ribosome profiling with ribolace, biological replicate 2",False,False,smn-/-; smn2tg/0
3657f6b5,2,RNA-seq,645135,unknown,unknown,unknown,"sma early symptomatic mouse brain, active ribosome profiling with ribolace, biological replicate 1",False,False,smn-/-; smn2tg/0
c6ed20af,2,Ribo-seq,645135,unknown,unknown,unknown,"control mouse brain, igg control ribosome profiling, biological replicate 1",False,False,smn+/-; smn2tg/0
feccee47,2,Ribo-seq,645135,unknown,unknown,unknown,"control mouse brain, smn-specific ribosome profiling, biological replicate 3",False,False,smn+/-; smn2tg/0
60edba50,2,Ribo-seq,645135,unknown,unknown,unknown,"control mouse brain, smn-specific ribosome profiling, biological replicate 2",False,False,smn+/-; smn2tg/0
a1a66aee,2,Ribo-seq,645135,unknown,unknown,unknown,"control mouse brain, smn-specific ribosome profiling, biological replicate 1",False,False,smn+/-; smn2tg/0
23387b62,2,RNA-seq,645024,unknown,unknown,unknown,df1 -/- and infected by lps,False,False,intestinal epithelial cell
f8222e30,2,RNA-seq,645024,unknown,unknown,unknown,df1 +/+ and infected by lps,False,False,intestinal epithelial cell
c7e3c09e,2,RNA-seq,634332,unknown,unknown,unknown,3r_s7_l002_r1_001,False,False,unknown
043171ed,2,RNA-seq,634332,unknown,unknown,unknown,3r_s7_l001_r1_001,False,False,unknown
b4a2bc85,2,RNA-seq,634332,unknown,unknown,unknown,2t_s2_l002_r1_001,False,False,unknown
9c894f2a,2,RNA-seq,634332,unknown,unknown,unknown,2t_s2_l001_r1_001,False,False,unknown
ff493d6a,2,RNA-seq,634332,unknown,unknown,unknown,2r_s6_l002_r1_001,False,False,unknown
88d3471f,2,RNA-seq,634332,unknown,unknown,unknown,2r_s6_l001_r1_001,False,False,unknown
7b02473e,2,RNA-seq,634332,unknown,unknown,unknown,1t_s1_l002_r1_001,False,False,unknown
80f300b1,2,RNA-seq,634332,unknown,unknown,unknown,1t_s1_l001_r1_001,False,False,unknown
bdf9f1d0,2,RNA-seq,634332,unknown,unknown,unknown,4t_s4_l002_r1_001,False,False,unknown
3e6c0932,2,RNA-seq,634332,unknown,unknown,unknown,4t_s4_l001_r1_001,False,False,unknown
42ad7286,2,RNA-seq,634332,unknown,unknown,unknown,4r_s8_l002_r1_001,False,False,unknown
485af067,2,RNA-seq,634332,unknown,unknown,unknown,4r_s8_l001_r1_001,False,False,unknown
6850c62e,2,RNA-seq,634332,unknown,unknown,unknown,3t_s3_l002_r1_001,False,False,unknown
6048114b,2,RNA-seq,634332,unknown,unknown,unknown,3t_s3_l001_r1_001,False,False,unknown
098f5cda,2,RNA-seq,634332,unknown,unknown,unknown,1r_s5_l002_r1_001,False,False,unknown
e7b4aa61,2,RNA-seq,634332,unknown,unknown,unknown,1r_s5_l001_r1_001,False,False,unknown
e63ea1cd,2,RNA-seq,630973,unknown,control (untreated) + puromycin in lysate,unknown,bacterial culture,False,False,bl21
7d2936bd,2,RNA-seq,630973,unknown,apidaecin + puromycin in lysate,unknown,bacterial culture,False,False,bl21
7d924b4c,2,RNA-seq,630259,unknown,unknown,unknown,psoriasis_skin,False,False,unknown
d7fa0de9,2,RNA-seq,624906,unknown,unknown,unknown,aerial seedling,False,False,10c
ff8d2e5b,2,RNA-seq,622261,plc stem cells,alkb demethylation,unknown,human plc cell line,False,False,unknown
41c6625a,2,RNA-seq,622261,normal plc cells,alkb demethylation,unknown,human plc cell line,False,False,unknown
0b60ab51,2,RNA-seq,615808,unknown,unknown,unknown,s2 cell,False,False,unknown
97d8edb9,2,RNA-seq,615808,unknown,unknown,unknown,embryo,False,False,unknown
60990347,2,RNA-seq,604580,endoc-bh1,unknown,unknown,endoc-bh1 cells grown under standard conditions.,False,False,endoc-bh1
a15e55d2,2,RNA-seq,603339,unknown,unknown,unknown,c.459g>a mrna-seq 2,False,False,unknown
c4bd3417,2,Ribo-seq,603339,unknown,unknown,unknown,c.459g>a ribo-seq 2,False,False,unknown
4d5b4d67,2,RNA-seq,603339,unknown,unknown,unknown,c.459g>a mrna-seq 1,False,False,unknown
3a342a55,2,Ribo-seq,603339,unknown,unknown,unknown,c.459g>a ribo-seq 1,False,False,unknown
0f1e3a7a,2,RNA-seq,603339,unknown,unknown,unknown,wild-type mrna-seq 3,False,False,unknown
5b2e3049,2,Ribo-seq,603339,unknown,unknown,unknown,wild-type ribo-seq 3,False,False,unknown
072f1b74,2,RNA-seq,603339,unknown,unknown,unknown,wild-type mrna-seq 2,False,False,unknown
32b83f61,2,Ribo-seq,603339,unknown,unknown,unknown,wild-type ribo-seq 2,False,False,unknown
60f3bcca,2,RNA-seq,603339,unknown,unknown,unknown,c.459g>a mrna-seq 3,False,False,unknown
fc3ba744,2,Ribo-seq,603339,unknown,unknown,unknown,c.459g>a ribo-seq 3,False,False,unknown
75489899,2,RNA-seq,603339,unknown,unknown,unknown,wild-type mrna-seq 1,False,False,unknown
0fce40c2,2,Ribo-seq,603339,unknown,unknown,unknown,wild-type ribo-seq 1,False,False,unknown
85df58cc,2,RNA-seq,602407,c4-2,unknown,unknown,shfbl_rep3_ribo_seq,False,False,shfbl
3ae8b7a0,2,RNA-seq,602407,c4-2,unknown,unknown,shezh2_rep3_ribo_seq,False,False,shezh2
34a03165,2,RNA-seq,602407,c4-2,unknown,unknown,shctrl_rep3_ribo_seq,False,False,shctrl
77ebb4e5,2,RNA-seq,602407,human pca cell line c4-2,unknown,unknown,shfbl_rep2_ribo_seq,False,False,shfbl
d6a19f09,2,RNA-seq,602407,human pca cell line c4-2,unknown,unknown,shfbl_rep1_ribo_seq,False,False,shfbl
9f3e4c2d,2,RNA-seq,602407,human pca cell line c4-2,unknown,unknown,shezh2_rep2_ribo_seq,False,False,shezh2
1c97f60b,2,RNA-seq,602407,human pca cell line c4-2,unknown,unknown,shezh2_rep1_ribo_seq,False,False,shezh2
cdbadab6,2,RNA-seq,602407,human pca cell line c4-2,unknown,unknown,shctrl_rep2_ribo_seq,False,False,shctrl
6e6f89c5,2,RNA-seq,602407,human pca cell line c4-2,unknown,unknown,shctrl_rep1_ribo_seq,False,False,shctrl
31101281,2,RNA-seq,602407,human pca cell line c4-2,unknown,unknown,shfbl_rep2_rna_seq,False,False,shfbl
cbbfc650,2,RNA-seq,602407,human pca cell line c4-2,unknown,unknown,shfbl_rep1_rna_seq,False,False,shfbl
4ea44647,2,RNA-seq,602407,human pca cell line c4-2,unknown,unknown,shezh2_rep2_rna_seq,False,False,shezh2
fd6ecf81,2,RNA-seq,602407,human pca cell line c4-2,unknown,unknown,shezh2_rep1_rna_seq,False,False,shezh2
b2774834,2,RNA-seq,602407,human pca cell line c4-2,unknown,unknown,shctrl_rep2_rna_seq,False,False,shctrl
2048908f,2,RNA-seq,602407,human pca cell line c4-2,unknown,unknown,shctrl_rep1_rna_seq,False,False,shctrl
3b809367,2,RNA-seq,599422,hct116,-,unknown,hct116,False,False,hct116
2a704a24,2,RNA-seq,599422,hct116,"cycloheximide 10 minutes, 0.1mg/ml",unknown,hct116,False,False,hct116
a8e425ee,2,RNA-seq,599422,a375,-,unknown,a375,False,False,a375
c68fdae2,2,Ribo-seq,598159,unknown,unknown,unknown,mc12,False,False,c57bl/6
2b0f4d16,2,Ribo-seq,598159,unknown,unknown,unknown,mc11,False,False,c57bl/6
509bf112,2,Ribo-seq,598159,unknown,unknown,unknown,mc10,False,False,c57bl/6
765ee977,2,Ribo-seq,598159,unknown,unknown,unknown,mc9,False,False,c57bl/6
17742ce2,2,Ribo-seq,598159,unknown,unknown,unknown,mc8,False,False,c57bl/6
15de6c07,2,Ribo-seq,598159,unknown,unknown,unknown,mc7,False,False,c57bl/6
a512d987,2,Ribo-seq,598159,unknown,unknown,unknown,org2,False,False,c57bl/6
528dda59,2,Ribo-seq,598159,unknown,unknown,unknown,org3,False,False,c57bl/6
6990afa0,2,Ribo-seq,598159,unknown,unknown,unknown,mcs1,False,False,c57bl/6
0a7f960d,2,Ribo-seq,598159,unknown,unknown,unknown,mcs6,False,False,c57bl/6
f1ccc7ed,2,Ribo-seq,598159,unknown,unknown,unknown,mcs5,False,False,c57bl/6
85802835,2,Ribo-seq,598159,unknown,unknown,unknown,mcs4,False,False,c57bl/6
e222c941,2,Ribo-seq,598159,unknown,unknown,unknown,mcs3,False,False,c57bl/6
9d13fe3f,2,Ribo-seq,598159,unknown,unknown,unknown,mcs2,False,False,c57bl/6
f050f59b,2,RNA-seq,591214,hek-293t,unknown,unknown,codon-optimized mrna-seq 2,False,False,hek-293t
97abba80,2,Ribo-seq,591214,hek-293t,unknown,unknown,codon-optimized ribo-seq 2,False,False,hek-293t
4d3fac51,2,RNA-seq,591214,hek-293t,unknown,unknown,codon-optimized mrna-seq 1,False,False,hek-293t
303a080a,2,Ribo-seq,591214,hek-293t,unknown,unknown,codon-optimized ribo-seq 1,False,False,hek-293t
8a3bb967,2,RNA-seq,591214,hek-293t,unknown,unknown,wild-type mrna-seq 3,False,False,hek-293t
a063a767,2,Ribo-seq,591214,hek-293t,unknown,unknown,wild-type ribo-seq 3,False,False,hek-293t
5a560bf6,2,RNA-seq,591214,hek-293t,unknown,unknown,wild-type mrna-seq 2,False,False,hek-293t
d5d0ccf1,2,Ribo-seq,591214,hek-293t,unknown,unknown,wild-type ribo-seq 2,False,False,hek-293t
860cbbf2,2,RNA-seq,591214,hek-293t,unknown,unknown,codon-optimized mrna-seq 3,False,False,hek-293t
a688bb9a,2,Ribo-seq,591214,hek-293t,unknown,unknown,codon-optimized ribo-seq 3,False,False,hek-293t
010192bc,2,RNA-seq,591214,hek-293t,unknown,unknown,wild-type mrna-seq 1,False,False,hek-293t
e129990f,2,Ribo-seq,591214,hek-293t,unknown,unknown,wild-type ribo-seq 1,False,False,hek-293t
4ee90c30,2,RNA-seq,548154,unknown,unknown,unknown,whole body,False,False,wja0811
32348068,2,RNA-seq,548154,unknown,unknown,unknown,whole body,False,False,wja1002
6e18682a,2,RNA-seq,548154,unknown,unknown,unknown,whole body,False,False,"wja0788, wja0791, wja0802"
533a1164,2,RNA-seq,548154,unknown,unknown,unknown,whole body,False,False,wja0641
52fa845c,2,RNA-seq,548154,unknown,unknown,unknown,whole body,False,False,wja0675
82afad7d,2,RNA-seq,543399,unknown,unknown,353,adrenal cortex,False,False,unknown
1d9049f0,2,RNA-seq,543399,unknown,tac surgery 2d,unknown,left ventricle,False,False,c57bl/6
9fbe68b9,2,RNA-seq,541924,huh-7,unknown,unknown,huh7_trim71ko_rep3,False,False,jcrb0403
80488da8,2,RNA-seq,541924,huh-7,unknown,unknown,huh7_trim71ko_rep2,False,False,jcrb0403
c2cfbd50,2,RNA-seq,541924,huh-7,unknown,unknown,huh7_trim71ko_rep1,False,False,jcrb0403
db4fa8be,2,RNA-seq,541924,huh-7,unknown,unknown,huh7_wt_rep3,False,False,jcrb0403
89c73ce2,2,RNA-seq,541924,huh-7,unknown,unknown,huh7_wt_rep2,False,False,jcrb0403
03d57f54,2,RNA-seq,541924,huh-7,unknown,unknown,huh7_wt_rep1,False,False,jcrb0403
63cec601,2,RNA-seq,541924,ne4c,unknown,unknown,ne4c_trim71ko_exp2_rep3,False,False,crl-2925
d6d69e72,2,RNA-seq,541924,ne4c,unknown,unknown,ne4c_trim71ko_exp2_rep2,False,False,crl-2925
68799878,2,RNA-seq,541924,ne4c,unknown,unknown,ne4c_trim71ko_exp2_rep1,False,False,crl-2925
ecfcab1a,2,RNA-seq,541924,ne4c,unknown,unknown,ne4c_wt_exp2_rep3,False,False,crl-2925
535939c0,2,RNA-seq,541924,ne4c,unknown,unknown,ne4c_wt_exp2_rep2,False,False,crl-2925
d7889192,2,RNA-seq,541924,ne4c,unknown,unknown,ne4c_wt_exp2_rep1,False,False,crl-2925
af8c4c22,2,RNA-seq,522816,yeast homozygous diploid collection,mono-(2-ethylhexyl)-phthalate replicate 1,unknown,dharmacon yeast homozygous diploid collection,False,False,by4743
477c3c05,2,RNA-seq,522816,yeast homozygous diploid collection,mono-(2-ethylhexyl)-phthalate replicate 2,unknown,dharmacon yeast homozygous diploid collection,False,False,by4743
b165e00b,2,RNA-seq,522816,yeast homozygous diploid collection,dmso replicate 5,unknown,dharmacon yeast homozygous diploid collection,False,False,by4743
54666363,2,RNA-seq,522816,yeast homozygous diploid collection,dmso replicate 6,unknown,dharmacon yeast homozygous diploid collection,False,False,by4743
13abf352,2,RNA-seq,522816,yeast homozygous diploid collection,dmso replicate 3,unknown,dharmacon yeast homozygous diploid collection,False,False,by4743
b87a3e26,2,RNA-seq,522816,yeast homozygous diploid collection,dmso replicate 4,unknown,dharmacon yeast homozygous diploid collection,False,False,by4743
dc228146,2,RNA-seq,522816,yeast homozygous diploid collection,dmso replicate 1,unknown,dharmacon yeast homozygous diploid collection,False,False,by4743
738df752,2,RNA-seq,522816,yeast homozygous diploid collection,dmso replicate 2,unknown,dharmacon yeast homozygous diploid collection,False,False,by4743
9f03c82d,2,RNA-seq,515538,hek293t,harringtonine,unknown,hek293t (human embryonic kidney),False,False,hek293t
651259e7,2,RNA-seq,"509065,509230",lovo,unknown,unknown,lovo,False,True,lovo
917c1c62,2,RNA-seq,509065,unknown,unknown,unknown,whole organism,False,False,pd2186
b535f2db,2,RNA-seq,509065,unknown,unknown,unknown,whole organism,False,False,pd5994
66599f56,2,RNA-seq,509065,unknown,unknown,unknown,whole organism,False,False,pd2621
c3550237,2,RNA-seq,509065,unknown,unknown,unknown,whole organism,False,False,pd2620
efa56d87,2,RNA-seq,506724,unknown,unknown,unknown,70s__ksga,False,False,k-12 mg1655
ce7d1d05,2,RNA-seq,506724,unknown,unknown,unknown,70s__rbfa,False,False,k-12 mg1655
1863ff9a,2,RNA-seq,506724,unknown,unknown,unknown,70s_wt.gz,False,False,k-12 mg1655
10ec4043,2,RNA-seq,506724,unknown,unknown,unknown,30s_delta_ksga,False,False,k-12 mg1655
ee69e840,2,RNA-seq,506724,unknown,unknown,unknown,30s__rbfa,False,False,k-12 mg1655
41295af9,2,RNA-seq,506724,unknown,unknown,unknown,30s_wt,False,False,k-12 mg1655
c660f1e4,2,RNA-seq,504034,unknown,unknown,unknown,hamster tissue,False,False,cho
e9615578,2,RNA-seq,503765,unknown,retapamulin,unknown,bacterial culture,False,False,bwk
c852d5f3,2,RNA-seq,503765,unknown,none (untreated),unknown,bacterial culture,False,False,bwk
1684c1ba,2,RNA-seq,503765,unknown,retapamulin,unknown,bacterial culture,False,False,bl21
b6230551,2,RNA-seq,503765,unknown,none (untreated),unknown,bacterial culture,False,False,bl21
89c8ca38,2,Ribo-seq,477865,unknown,rna against unc-54 (bmp4),unknown,unknown,False,False,pd 2860
6435d00f,2,Ribo-seq,477865,unknown,rna against unc-54 (bmp4),unknown,unknown,False,False,pd 1074
b9051939,2,Ribo-seq,477865,unknown,rna against unc-54 (bmp5),unknown,unknown,False,False,pd 2860
a4251c90,2,Ribo-seq,477865,unknown,rna against unc-54 (bmp5),unknown,unknown,False,False,pd 1074
6c215784,2,RNA-seq,470579,unknown,129-5p mirna methyl rna control total,unknown,glioblastoma,False,False,unknown
0c165ab6,2,RNA-seq,470579,unknown,145-5p mirna methyl rna control total,unknown,glioblastoma,False,False,unknown
6e82d703,2,RNA-seq,470579,unknown,145-5p mirna methyl rna ip,unknown,glioblastoma,False,False,unknown
1ecc4c9f,2,RNA-seq,445733,hek-293,unknown,unknown,"hek-293 cells, standard ribosome profiling, biological replicate 2",False,False,unknown
70c01e1b,2,RNA-seq,445733,hek-293,unknown,unknown,"hek-293 cells, standard ribosome profiling, biological replicate 1",False,False,unknown
bb841b4f,2,RNA-seq,445733,hek-293,unknown,unknown,"hek-293 cells, active ribosome profiling with ribolace, biological replicate 2",False,False,unknown
708c929b,2,RNA-seq,445733,hek-293,unknown,unknown,"hek-293 cells, active ribosome profiling with ribolace, biological replicate 1",False,False,unknown
4887e0dd,2,RNA-seq,445453,unknown,unknown,unknown,mbl-mesc-ip,False,False,unknown
ceddfb9d,2,RNA-seq,445453,unknown,unknown,unknown,mbl-mecs-ip,False,False,unknown
9cff903b,2,RNA-seq,445453,hepg2,unknown,unknown,sr-hepg2_shmettl1-pulldown-rep2,False,False,hepg2
35f4c4ed,2,RNA-seq,445453,hepg2,unknown,unknown,sr-hepg2_shmettl1-pulldown-rep1,False,False,hepg2
bc041206,2,RNA-seq,445453,hepg2,unknown,unknown,sr-hepg2_shmettl1-before_pulldown-rep2,False,False,hepg2
bf9b2032,2,RNA-seq,445453,hepg2,unknown,unknown,sr-hepg2_shmettl1-before_pulldown-rep1,False,False,hepg2
16b11a75,2,RNA-seq,445453,hepg2,unknown,unknown,sr-hepg2_shcontrol-pulldown-rep2,False,False,hepg2
8018c225,2,RNA-seq,445453,hepg2,unknown,unknown,sr-hepg2_shcontrol-pulldown-rep1,False,False,hepg2
cf4755c0,2,RNA-seq,445453,hepg2,unknown,unknown,sr-hepg2_shcontrol-before_pulldown-rep2,False,False,hepg2
6b75b72e,2,RNA-seq,445453,hepg2,unknown,unknown,sr-hepg2_shcontrol-before_pulldown-rep1,False,False,hepg2
45b95adf,2,RNA-seq,445453,hela,unknown,unknown,sr-hela_simettl1-pulldown-rep2,False,False,hela
4bc26161,2,RNA-seq,445453,hela,unknown,unknown,sr-hela_simettl1-pulldown-rep1,False,False,hela
b1bd65fd,2,RNA-seq,445453,hela,unknown,unknown,sr-hela_simettl1-before_pulldown-rep2,False,False,hela
df06981e,2,RNA-seq,445453,hela,unknown,unknown,sr-hela_simettl1-before_pulldown-rep1,False,False,hela
72ca7e3d,2,RNA-seq,445453,hela,unknown,unknown,sr-hela_sicontrol-pulldown-rep2,False,False,hela
2d778485,2,RNA-seq,445453,hela,unknown,unknown,sr-hela_sicontrol-pulldown-rep1,False,False,hela
bd4beacc,2,RNA-seq,445453,hela,unknown,unknown,sr-hela_sicontrol-before_pulldown-rep2,False,False,hela
91a2a46b,2,RNA-seq,445453,hela,unknown,unknown,sr-hela_sicontrol-before_pulldown-rep1,False,False,hela
d27ba0ed,2,RNA-seq,445453,hek293t,unknown,unknown,sr-hek293t-pulldown-rep2,False,False,hek293t
e7011c8e,2,RNA-seq,445453,hek293t,unknown,unknown,sr-hek293t-pulldown-rep1,False,False,hek293t
e99e2afc,2,RNA-seq,445453,hepg2,unknown,unknown,sr-hepg2-pulldown-rep2,False,False,hepg2
8ba5c715,2,RNA-seq,445453,hepg2,unknown,unknown,sr-hepg2-pulldown-rep1,False,False,hepg2
85d989dd,2,RNA-seq,445453,hela,unknown,unknown,sr-hela-pulldown-rep2,False,False,hela
28d87898,2,RNA-seq,445453,hela,unknown,unknown,sr-hela-pulldown-rep1,False,False,hela
a8631c81,2,RNA-seq,445453,hek293t,unknown,unknown,sr-hek293t-before_pulldown-rep2,False,False,hek293t
22767315,2,RNA-seq,445453,hek293t,unknown,unknown,sr-hek293t-before_pulldown-rep1,False,False,hek293t
3237b3fd,2,RNA-seq,445453,hepg2,unknown,unknown,sr-hepg2-before_pulldown-rep2,False,False,hepg2
4946ac0b,2,RNA-seq,445453,hepg2,unknown,unknown,sr-hepg2-before_pulldown-rep1,False,False,hepg2
42849216,2,RNA-seq,445453,hela,unknown,unknown,sr-hela-before_pulldown-rep2,False,False,hela
96fda75c,2,RNA-seq,445453,hela,unknown,unknown,sr-hela-before_pulldown-rep1,False,False,hela
1e39c9a5,2,RNA-seq,445453,hek293t,unknown,unknown,sr-hek293t-input-rep2,False,False,hek293t
f82cca6b,2,RNA-seq,445453,hek293t,unknown,unknown,sr-hek293t-input-rep1,False,False,hek293t
5156508a,2,RNA-seq,445453,hepg2,unknown,unknown,sr-hepg2-input-rep2,False,False,hepg2
49f687f9,2,RNA-seq,445453,hepg2,unknown,unknown,sr-hepg2-input-rep1,False,False,hepg2
2d02d458,2,RNA-seq,445453,hela,unknown,unknown,sr-hela-input-rep2,False,False,hela
604d62f7,2,RNA-seq,445453,hela,unknown,unknown,sr-hela-input-rep1,False,False,hela
0d43d230,2,RNA-seq,445453,hepg2,unknown,unknown,mrna-hepg2-pulldown-rep2,False,False,hepg2
18bd2a43,2,RNA-seq,445453,hepg2,unknown,unknown,mrna-hepg2-pulldown-rep1,False,False,hepg2
914cff32,2,RNA-seq,445453,hela,unknown,unknown,mrna-hela-pulldown-rep2,False,False,hela
b57d78fc,2,RNA-seq,445453,hela,unknown,unknown,mrna-hela-pulldown-rep1,False,False,hela
812f7e6a,2,RNA-seq,445453,hepg2,unknown,unknown,mrna-hepg2-before_pulldown-rep2,False,False,hepg2
68cf9958,2,RNA-seq,445453,hepg2,unknown,unknown,mrna-hepg2-before_pulldown-rep1,False,False,hepg2
f5489d45,2,RNA-seq,445453,hela,unknown,unknown,mrna-hela-before_pulldown-rep2,False,False,hela
87d1b1c4,2,RNA-seq,445453,hela,unknown,unknown,mrna-hela-before_pulldown-rep1,False,False,hela
dc46c725,2,RNA-seq,445453,hepg2,unknown,unknown,mrna-hepg2-input-rep2,False,False,hepg2
a659b103,2,RNA-seq,445453,hepg2,unknown,unknown,mrna-hepg2-input-rep1,False,False,hepg2
a4cc386d,2,RNA-seq,445453,hela,unknown,unknown,mrna-hela-input-rep2,False,False,hela
fc9067c2,2,RNA-seq,445453,hela,unknown,unknown,mrna-hela-input-rep1,False,False,hela
61f303f3,2,RNA-seq,438445,mcf-7,unknown,unknown,"mcf-7 cells, transcriptome profiling (rna_seq)",False,False,mcf-7
0778c73d,2,RNA-seq,438445,mcf-7,unknown,unknown,"mcf-7 cells, ribosome profiling (ribo_seq)",False,False,mcf-7
3b6aa97e,2,RNA-seq,419768,unknown,unknown,25 minutesutes,bacterial liquid culture,False,False,mg1655 delta_mazf
38ee2666,2,RNA-seq,419768,unknown,unknown,5 minutesutes,bacterial liquid culture,False,False,mg1655 delta_mazf
e6b112dd,2,RNA-seq,419768,unknown,unknown,15 minutesutes,bacterial liquid culture,False,False,mg1655 delta_mazf
c555fca2,2,Ribo-seq,419532,hek293t,unknown,unknown,missing,False,False,hek293t
7d1eb5c6,2,Ribo-seq,419532,hek293t-trna/pylrs/gfp39uag,unknown,unknown,missing,False,False,hek293t-trna/pylrs/gfp39uag
8af1371e,2,RNA-seq,413138,cystic fibrosis bronchial epithelial (cfbe) cells,unknown,48 hours after transfection,cfbe cells 48h after transfection with wild-type cftr,False,False,unknown
595a87f1,2,RNA-seq,406823,hek293,thap (2µm) for 2h,unknown,thap_insoluble_tedseq,False,False,hek293
2a85a07c,2,RNA-seq,406823,hek293,thap (2µm) for 2h,unknown,dmso_insoluble_tedseq,False,False,hek293
87265955,2,RNA-seq,406823,hek293,thap (2µm) for 2h,unknown,thap_cytosol_tedseq,False,False,hek293
c99e7a2d,2,RNA-seq,406823,hek293,thap (2µm) for 2h,unknown,dmso_cytosol_tedseq,False,False,hek293
ac4f0ab8,2,Ribo-seq,400150,unknown,unknown,unknown,unknown,False,False,wild type gentoype
df8e1bae,2,RNA-seq,397543,unknown,unknown,unknown,"control mouse brain, active ribosome profiling with ribolace, biological replicate 2",False,False,smn+/-; smn2tg/0
a0fa425c,2,RNA-seq,397543,unknown,unknown,unknown,"control mouse brain, active ribosome profiling with ribolace, biological replicate 1",False,False,smn+/-; smn2tg/0
aeb1f651,2,RNA-seq,396456,hek293t,none,unknown,hek293t_trmt6_61a_kd_under200nt_fraction_rna,False,False,hek293t
38e79b14,2,RNA-seq,396456,hek293t,none,unknown,hek293t_mock_under200nt_fraction_rna,False,False,hek293t
1a01c132,2,Ribo-seq,396456,hek293t,none,unknown,hek293t_hek293t_ribo-seq,False,False,hek293t
e3ab47f2,2,RNA-seq,396456,hek293t,none,unknown,hek293t_hek293t_rna-seq,False,False,hek293t
63270bf8,2,Ribo-seq,395570,dbtrg,unknown,unknown,dbtrg sh rep 5,False,False,dbtrg
82e50516,2,Ribo-seq,395570,dbtrg,unknown,unknown,dbtrg sh rep 4,False,False,dbtrg
c3bf5ec2,2,Ribo-seq,395570,dbtrg,unknown,unknown,dbtrg scr rep 2,False,False,dbtrg
8a021c57,2,Ribo-seq,395570,dbtrg,unknown,unknown,dbtrg scr rep 1,False,False,dbtrg
72cb0e2d,2,Ribo-seq,395570,dbtrg,unknown,unknown,dbtrg scr rep 4,False,False,dbtrg
39bb3feb,2,Ribo-seq,395570,dbtrg,unknown,unknown,dbtrg scr rep 3,False,False,dbtrg
819bf56f,2,Ribo-seq,395570,dbtrg,unknown,unknown,dbtrg sh rep 1,False,False,dbtrg
e2abbada,2,Ribo-seq,395570,dbtrg,unknown,unknown,dbtrg scr rep 5,False,False,dbtrg
e5203c8c,2,Ribo-seq,395570,dbtrg,unknown,unknown,dbtrg sh rep 3,False,False,dbtrg
77dc0616,2,Ribo-seq,395570,dbtrg,unknown,unknown,dbtrg sh rep 2,False,False,dbtrg
7b9cfa98,2,Ribo-seq,395570,a-172,unknown,unknown,a172 oe rep 1,False,False,a-172
d9da77de,2,Ribo-seq,395570,a-172,unknown,unknown,a172 ev rep 5,False,False,a-172
22c9dc65,2,Ribo-seq,395570,a-172,unknown,unknown,a172 oe rep 3,False,False,a-172
894c4d84,2,Ribo-seq,395570,a-172,unknown,unknown,a172 oe rep 2,False,False,a-172
a8243947,2,Ribo-seq,395570,a-172,unknown,unknown,a172 ev rep 2,False,False,a-172
bbe3a405,2,Ribo-seq,395570,a-172,unknown,unknown,a172 ev rep 1,False,False,a-172
a9c68377,2,Ribo-seq,395570,a-172,unknown,unknown,a172 ev rep 4,False,False,a-172
39849738,2,Ribo-seq,395570,a-172,unknown,unknown,a172 ev rep 3,False,False,a-172
c8304777,2,Ribo-seq,395570,a-172,unknown,unknown,a172 oe rep 5,False,False,a-172
8de1123a,2,Ribo-seq,395570,a-172,unknown,unknown,a172 oe rep 4,False,False,a-172
4c28d023,2,Ribo-seq,395570,ln-229,unknown,unknown,ln229st oe rep 5,False,False,ln-229
39feb222,2,Ribo-seq,395570,ln-229,unknown,unknown,ln229st oe rep 4,False,False,ln-229
0b2de42e,2,Ribo-seq,395570,ln-229,unknown,unknown,ln229st oe rep 3,False,False,ln-229
251620e1,2,Ribo-seq,395570,ln-229,unknown,unknown,ln229st oe rep 2,False,False,ln-229
435cf683,2,Ribo-seq,395570,ln-229,unknown,unknown,ln229st oe rep 1,False,False,ln-229
fb5f777d,2,Ribo-seq,395570,ln-229,unknown,unknown,ln229st ev rep 5,False,False,ln-229
c720811e,2,Ribo-seq,395570,ln-229,unknown,unknown,ln229st ev rep 4,False,False,ln-229
89415d37,2,Ribo-seq,395570,ln-229,unknown,unknown,ln229st ev rep 3,False,False,ln-229
3fd5145c,2,Ribo-seq,395570,ln-229,unknown,unknown,ln229st ev rep 2,False,False,ln-229
6d9bd66e,2,Ribo-seq,395570,ln-229,unknown,unknown,ln229st ev rep 1,False,False,ln-229
71a15380,2,Ribo-seq,395570,ln-229,unknown,unknown,ln229 oe rep 3,False,False,ln-229
ef73375d,2,Ribo-seq,395570,ln-229,unknown,unknown,ln229 oe rep 2,False,False,ln-229
09265e55,2,Ribo-seq,395570,ln-229,unknown,unknown,ln229 oe rep 1,False,False,ln-229
5c11ebc1,2,Ribo-seq,395570,ln-229,unknown,unknown,ln229 ev rep 5,False,False,ln-229
7661c5a0,2,Ribo-seq,395570,ln-229,unknown,unknown,ln229 ev rep 4,False,False,ln-229
322b6224,2,Ribo-seq,395570,ln-229,unknown,unknown,ln229 ev rep 3,False,False,ln-229
7f06c727,2,Ribo-seq,395570,ln-229,unknown,unknown,ln229 ev rep 2,False,False,ln-229
d4005df2,2,Ribo-seq,395570,ln-229,unknown,unknown,ln229 ev rep 1,False,False,ln-229
8d58ab00,2,Ribo-seq,395570,ln-229,unknown,unknown,ln229 oe rep 5,False,False,ln-229
4edbf02d,2,Ribo-seq,395570,ln-229,unknown,unknown,ln229 oe rep 4,False,False,ln-229
ee65f609,2,RNA-seq,391171,hepg2,unknown,unknown,kd_rnaseq,False,False,hepg2
9ae02df8,2,RNA-seq,391171,hepg2,unknown,unknown,control_rnaseq,False,False,hepg2
f2ec8eed,2,RNA-seq,295955,s2,ago2 knockdown and cultured in serum-free medium for 24 hours,unknown,na,False,False,na
177c8535,2,RNA-seq,295955,s2,ago2 knockdown,unknown,na,False,False,na
671f9a6f,2,RNA-seq,275185,unknown,unknown,unknown,testis,False,False,wt
6d287f18,2,Ribo-seq,262909,embroid bodies,unknown,unknown,embroid bodies,False,False,mettl3-ko
31e82c7e,2,Ribo-seq,262909,embryonic stem cells,unknown,unknown,embryonic stem cells,False,False,mettl3-ko
76a6b842,2,Ribo-seq,262909,embroid bodies,unknown,unknown,embroid bodies,False,False,wt
cf17c722,2,Ribo-seq,262909,embryonic stem cells,unknown,unknown,embryonic stem cells,False,False,wt
920dd564,2,RNA-seq,230612,wi-38,pdl 15 hur sirna,unknown,wi-38,False,False,wi-38
e616b44d,2,RNA-seq,230612,wi-38,pdl 15 auf1 sirna,unknown,wi-38,False,False,wi-38
7a5a62e1,2,RNA-seq,230612,wi-38,pdl 15 contro sirna,unknown,wi-38,False,False,wi-38
0c8d6517,2,RNA-seq,230611,hek293,"p37, p40, p42, p45 overexpresion",unknown,hek293,False,False,hek293
91e21327,2,RNA-seq,230611,hek293,p45 overexpresion,unknown,hek293,False,False,hek293
3bf6a685,2,RNA-seq,230611,hek293,p42 overexpresion,unknown,hek293,False,False,hek293
754b7af9,2,RNA-seq,230611,hek293,p40 overexpresion,unknown,hek293,False,False,hek293
2711f2fc,2,RNA-seq,230611,hek293,p37 overexpresion,unknown,hek293,False,False,hek293
f1e540df,2,RNA-seq,230611,hek293,empty vector,unknown,hek293,False,False,hek293
2a07e5dc,2,RNA-seq,230611,hek293,auf1 sirna,unknown,hek293,False,False,hek293
ce1cbae0,2,Ribo-seq,230610,hela,hur sirna,unknown,hela,False,False,hela
28fab18a,2,Ribo-seq,230610,hela,auf1 sirna,unknown,hela,False,False,hela
ec7250eb,2,Ribo-seq,230610,hela,control sirna,unknown,hela,False,False,hela
a5649f2a,2,RNA-seq,193543,unknown,unknown,unknown,unknown,False,False,wh571
35915630,1,RNA-seq,1296756,unknown,unknown,unknown,inner cell mass,False,False,c57bl/6n x dba/2n
f1e5c910,1,RNA-seq,1286308,unknown,na,unknown,na,False,False,na
0734af55,1,RNA-seq,1282121,unknown,unknown,unknown,rhizosphere,False,False,unknown
0f35dd68,1,RNA-seq,1273852,unknown,unknown,unknown,culture,False,False,bcw_5517
8edfda7d,1,RNA-seq,1270796,unknown,unknown,unknown,unknown,False,False,nzb_b1nj
9f80472c,1,RNA-seq,1258865,unknown,unknown,unknown,stool,False,False,pnusae000252
df359c7d,1,RNA-seq,1254209,unknown,unknown,unknown,unknown,False,False,besc-116
3076d36d,1,RNA-seq,1250600,unknown,unknown,unknown,unknown,False,False,fgsc 1394
14521809,1,RNA-seq,1246569,unknown,unknown,unknown,unknown,False,False,2926stdy5723603
3b1eef6f,1,RNA-seq,1230555,tf-1,unknown,unknown,singles-tf1,False,False,tf-1
848e3fa6,1,RNA-seq,1228532,unknown,unknown,unknown,flesh,False,False,unknown
63691dc2,1,RNA-seq,1222576,hcc,unknown,unknown,liver,False,False,wild type
f9b38f5f,1,RNA-seq,1221137,unknown,unknown,unknown,earclip,False,False,c57bl/6
01565785,1,RNA-seq,1219079,unknown,unknown,unknown,blood,False,False,gpsc51
290fe65e,1,RNA-seq,1207466,td,unknown,unknown,unknown,False,False,unknown
b2dfadda,1,RNA-seq,1190589,unknown,unknown,unknown,single embryo 52,False,False,unknown
6440afcb,1,RNA-seq,1185761,unknown,unknown,unknown,p00051,False,False,unknown
3663f50a,1,RNA-seq,1176138,unknown,unknown,unknown,ground half-seed,False,False,williams 82
836668c2,1,RNA-seq,1173087,unknown,unknown,unknown,p01509,False,False,unknown
3291cebf,1,RNA-seq,1172296,unknown,unknown,unknown,p00627,False,False,unknown
2edaefe4,1,RNA-seq,1170270,unknown,unknown,unknown,human,False,False,unknown
f08f4c3e,1,RNA-seq,1165488,unknown,unknown,unknown,unknown,False,False,wild type
c38b50ce,1,RNA-seq,1160843,unknown,unknown,unknown,fin,False,False,turbot
c4bd9fac,1,RNA-seq,1159806,unknown,unknown,unknown,missing,False,False,434/bu
36f8244f,1,RNA-seq,1152441,unknown,unknown,7:40:00,1002825,False,False,unknown
439e13d9,1,RNA-seq,1151704,unknown,unknown,8:25:00,1002346,False,False,unknown
de53ce7f,1,RNA-seq,1151690,unknown,unknown,8:00:00,1003431,False,False,unknown
2836ed72,1,RNA-seq,1148496,unknown,no,no,unknown,False,False,unknown
ed637789,1,RNA-seq,1140141,unknown,unknown,unknown,nc,False,False,unknown
540352c6,1,RNA-seq,1135124,unknown,2h jq1 200 nm,unknown,cell line,False,False,unknown
dc18c53d,1,RNA-seq,1109711,unknown,unknown,unknown,cfsan026936,False,False,flufl-717
169888fc,1,RNA-seq,1104552,unknown,unknown,unknown,saccharomyces cerevisiae_wildtype_r30,False,False,wfa72
f94ce750,1,RNA-seq,1104551,unknown,unknown,unknown,saccharomyces cerevisiae_wildtype_hu,False,False,wfa72
cbad2612,1,RNA-seq,1104180,unknown,unknown,unknown,cfsan017239;fda00003674,False,False,fda654176 1-1
e99a474d,1,RNA-seq,1098023,unknown,invitrogen dynabeads mrna direct,unknown,megagametophyte,False,False,unknown
ebe38c80,1,RNA-seq,1092679,unknown,unknown,unknown,human,False,False,h122440463
3fbb700e,1,RNA-seq,1075071,facs sorted as lin-sca1-ckit+cd150-cd105-cd41-cd16/32-,cultured for 48h with doxycycline,unknown,pregm progenitor cells,False,False,col1a1-mll/enl
c55bac36,1,RNA-seq,1069987,unknown,unknown,unknown,environmental swab,False,False,cfsan022308
c20a33a2,1,RNA-seq,1057253,an immortalized but non-transformed ovarian epithelial cell line,unknown,unknown,ovarian epithelial cell line,False,False,t29
31278d0f,1,RNA-seq,1055925,unknown,unknown,unknown,ileal biopsy from a not ibd naïve treatment male,False,False,unknown
c7e95fa6,1,RNA-seq,1055023,unknown,unknown,unknown,root,False,False,n12
e2449d73,1,RNA-seq,1051495,coriell:hg03963,unknown,unknown,unknown,False,False,unknown
89e85c3e,1,RNA-seq,1051101,coriell:hg02649,unknown,unknown,blood,False,False,unknown
97c46d04,1,RNA-seq,1049048,missing,unknown,unknown,blood,False,False,ohp259
e6f79d07,1,RNA-seq,1047636,coriell:gm20815,unknown,unknown,unknown,False,False,unknown
32e7f385,1,RNA-seq,1047529,coriell:gm19184,unknown,unknown,unknown,False,False,unknown
db8c3c76,1,RNA-seq,1047524,coriell:gm19235,unknown,unknown,unknown,False,False,unknown
5d85ca7d,1,RNA-seq,1046391,coriell:hg03103,unknown,unknown,lcl,False,False,unknown
37dc7602,1,RNA-seq,1045659,coriell:hg03598,unknown,unknown,unknown,False,False,unknown
e087da6f,1,RNA-seq,1044801,coriell:hg02716,unknown,unknown,unknown,False,False,unknown
10c238b3,1,RNA-seq,1037596,unknown,unknown,unknown,olfactory epithelium,False,False,omp-gfp (+/-)
a143a650,1,RNA-seq,1035318,unknown,unknown,unknown,irgc 67981,False,False,indica
ea2ab799,1,RNA-seq,1034671,unknown,unknown,unknown,irgc 66565,False,False,indica
972afc76,1,RNA-seq,1034054,unknown,unknown,unknown,irgc 63820,False,False,indica
344658fc,1,RNA-seq,1033864,unknown,unknown,unknown,irgc 62373,False,False,indica
68ec791f,1,RNA-seq,1033620,unknown,unknown,unknown,irgc 59912,False,False,temperate japonica
02d6e1fc,1,RNA-seq,1032588,unknown,unknown,unknown,irgc 107709,False,False,tropical japonica
b0073415,1,RNA-seq,1031427,unknown,unknown,unknown,mc,False,False,temperate japonica
efbb4177,1,RNA-seq,1028779,unknown,unknown,unknown,mc,False,False,tropical japonica
c780dba4,1,RNA-seq,1028618,unknown,unknown,unknown,irgc 21888,False,False,aus/boro
080856d2,1,RNA-seq,1027969,unknown,unknown,unknown,irmbn,False,False,japonica
ba7889f5,1,RNA-seq,1027912,unknown,unknown,unknown,irgc 74534,False,False,japonica
5c62e597,1,RNA-seq,1024513,unknown,unknown,unknown,irgc 81477,False,False,indica
e41d19b8,1,RNA-seq,1024503,unknown,unknown,unknown,irgc 83068,False,False,indica
9ffc2a4e,1,RNA-seq,1022765,unknown,unknown,unknown,irgc 78703,False,False,indica
8818c13b,1,RNA-seq,1020634,unknown,unknown,unknown,irgc 43390,False,False,tropical japonica
9c4b9ae6,1,RNA-seq,1019929,unknown,unknown,unknown,irgc 18900,False,False,japonica
cec87ce1,1,RNA-seq,1019502,unknown,unknown,unknown,irgc 12903,False,False,tropical japonica
f94bd824,1,RNA-seq,1019380,unknown,unknown,unknown,irgc 16102,False,False,tropical japonica
c90df1c5,1,RNA-seq,1017530,unknown,unknown,unknown,irgc 68268,False,False,intermediate type
ffc3401d,1,RNA-seq,1017399,unknown,unknown,unknown,irgc 49242,False,False,basmati/sadri
890e3b35,1,RNA-seq,1012978,unknown,unknown,unknown,irgc 29333,False,False,basmati/sadri
126ba8dd,1,RNA-seq,1011928,unknown,unknown,unknown,irgc 24687,False,False,indica
c00e06ca,1,RNA-seq,1009809,unknown,unknown,unknown,leaf,False,False,ku50
ee6e4a14,1,RNA-seq,1008741,unknown,unknown,15 minutes,by4741,False,False,unknown
f5a23ed5,1,RNA-seq,1002994,unknown,unknown,unknown,unknown,False,False,multiple strains
758c5342,1,RNA-seq,1002346,unknown,unknown,unknown,"leaf tissue from cross w22_til11,biological replicate 1",False,False,w22_til11
c6e3caa6,1,RNA-seq,1001994,unknown,unknown,unknown,dcp5-1 inflorensences,False,False,col-0
f61c46c3,1,RNA-seq,998463,unknown,unknown,unknown,blood,False,False,gpsc70
1e2d38e0,1,RNA-seq,998462,unknown,unknown,unknown,csf,False,False,gpsc41
bd9c6775,1,RNA-seq,998461,unknown,unknown,unknown,blood,False,False,gpsc14
61bb94ec,1,RNA-seq,998460,unknown,unknown,unknown,blood,False,False,gpsc24
df5a71b6,1,RNA-seq,998457,unknown,unknown,unknown,csf,False,False,gpsc17
49db37d9,1,RNA-seq,994860,unknown,unknown,unknown,young leaf,False,False,yuejin 1#
ce774593,1,RNA-seq,990964,unknown,unknown,unknown,stomach_uncultured_bacteria,False,False,unknown
1f3d877e,1,RNA-seq,989134,unknown,unknown,unknown,blood,False,False,gpsc89
b0204020,1,RNA-seq,986928,unknown,unknown,unknown,blood,False,False,pnusal000974
4a2ab47e,1,RNA-seq,982760,unknown,unknown,unknown,feces,False,False,missing
5cfbc0cb,1,RNA-seq,979342,unknown,unknown,unknown,wine,False,False,l1528
c12ed65c,1,RNA-seq,977673,unknown,unknown,unknown,terminalileum biopsy,False,False,skbti-0501
9825f76a,1,RNA-seq,975827,unknown,unknown,unknown,terminalileum biopsy,False,False,skbti-0110
8ad895cf,1,RNA-seq,971237,unknown,praziquantel,24 hours,whole,False,False,nmri
a2baa404,1,RNA-seq,967039,unknown,unknown,unknown,unknown,False,False,acinetobacter baumannii 266
19e6b132,1,RNA-seq,958219,unknown,unknown,unknown,seed coat,False,False,rm38-r seed color line
52b859f8,1,RNA-seq,957283,nctc:10849,unknown,unknown,not available: not collected,False,False,nctc10849
e07ab55e,1,RNA-seq,956972,unknown,unknown,unknown,head,False,False,df(3l)ed4685/+
886bf271,1,RNA-seq,956925,unknown,unknown,unknown,head,False,False,df(3l)ed4421/+
921fa7d3,1,RNA-seq,951361,unknown,unknown,unknown,102,False,False,unknown
ff97d798,1,RNA-seq,949707,unknown,unknown,unknown,ca1hippocampus,False,False,unknown
05076e48,1,RNA-seq,946781,unknown,unknown,unknown,chicken breast,False,False,waphl_sal-a00428
9ada20d6,1,RNA-seq,945876,unknown,unknown,unknown,whole body,False,False,dgrp-630
edd32488,1,RNA-seq,944706,unknown,unknown,unknown,"sichuan, china",False,False,56668
3de8b96a,1,RNA-seq,944112,unknown,unknown,unknown,unknown,False,False,wildtype
54c79cf4,1,RNA-seq,942908,unknown,mixed drugs,unknown,laboratory,False,False,rn4220
dc3c69c5,1,RNA-seq,933910,unknown,unknown,unknown,st99ch_3d1x3d7_164.1,False,False,unknown
29133647,1,RNA-seq,933811,unknown,unknown,unknown,st99ch_3d1x3d7_118.1,False,False,unknown
852f6366,1,RNA-seq,927820,unknown,gs9820 treated,14 days,pmns sorted from spleen,False,False,kpc
f1080c40,1,RNA-seq,926978,unknown,0h,0 hours,wt_cotyledon_high r:fr_0h,False,False,wt
d170804e,1,RNA-seq,923627,unknown,unknown,unknown,blood,False,False,tmhs-sa-364
0a76b477,1,RNA-seq,913568,acute lymphoblastic leukemia,unknown,unknown,patient_1,False,False,unknown
cf7d1e24,1,RNA-seq,912651,unknown,unknown,unknown,seedlings above ground,False,False,maize-teosinte bc2s3 recombinant inbred lines (rils)_gh048
e0be81e2,1,RNA-seq,911466,unknown,unknown,unknown,unknown,False,False,c57bl/6j
db6d5019,1,RNA-seq,907315,unknown,unknown,unknown,dissected human post-mortem superior frontal gyrus,False,False,unknown
a5bf5e67,1,RNA-seq,906650,unknown,unknown,unknown,fsis1400111,False,False,cfsan019515
e66fa380,1,RNA-seq,902621,unknown,unknown,unknown,unknown,False,False,mssa
2818a23c,1,RNA-seq,899535,unknown,urethane,unknown,lung,False,False,129s
d994874c,1,RNA-seq,898352,unknown,unknown,2009-12-15t13:30z,unknown,False,False,unknown
e23de6f3,1,RNA-seq,858047,unknown,anti-cd40/il4 + ku55933,unknown,splenic igm+ b cell,False,False,129sv
e6ebecf7,1,RNA-seq,844063,unknown,unknown,unknown,missing,False,False,pnusal000765
792a6602,1,RNA-seq,831863,unknown,unknown,unknown,mid-vagina,False,False,unknown
fe1a621b,1,RNA-seq,830657,unknown,unknown,unknown,whole animal,False,False,w3a
a3bc1567,1,RNA-seq,809655,leaf,unknown,unknown,leaf,False,False,mermentau
65bf0382,1,RNA-seq,795419,unknown,unknown,unknown,t(7;16) egfr-intergenic,False,False,unknown
5ad0328e,1,RNA-seq,794846,unknown,unknown,unknown,bodily fluid,False,False,c4155
9138f778,1,RNA-seq,794163,unknown,control,unknown,liver,False,False,c57bl6j
392654fa,1,RNA-seq,793438,unknown,unknown,unknown,unknown,False,False,mixed
6920c426,1,RNA-seq,787943,unknown,unknown,unknown,human nasopharynx,False,False,86-028np
7f41635b,1,RNA-seq,778050,unknown,unknown,unknown,600346,False,False,unknown
b5b9f403,1,RNA-seq,777454,unknown,unknown,unknown,102448,False,False,unknown
9342089c,1,RNA-seq,774057,cd45+huvec-rec-hmpp,unknown,unknown,cd45+huvec-rec-hmpp,False,False,unknown
77f207eb,1,RNA-seq,770675,unknown,unknown,unknown,missing,False,False,2012-l5324
25b337fa,1,RNA-seq,760480,unknown,unknown,unknown,unknown,False,False,8557_1
3e8737aa,1,RNA-seq,759858,unknown,unknown,unknown,unknown,False,False,p1/7
d574a633,1,RNA-seq,756023,unknown,unknown,unknown,unknown,False,False,sc081
505d5cf0,1,RNA-seq,753858,unknown,unknown,unknown,whole embryo,False,False,bl6/parkes
bcab7a0e,1,RNA-seq,753526,unknown,unknown,unknown,blood,False,False,e1150
2ab3dd25,1,RNA-seq,753487,unknown,unknown,unknown,unknown,False,False,eo2909
3126094a,1,RNA-seq,753469,unknown,unknown,unknown,blood,False,False,k1909
88aa5b14,1,RNA-seq,752584,unknown,unknown,unknown,unknown,False,False,bs921
407f73eb,1,RNA-seq,751389,unknown,unknown,unknown,unknown,False,False,s1112260015
db730af7,1,RNA-seq,750456,wild type embryonic stem cell derived macrophages,unknown,unknown,unknown,False,False,unknown
b3c6d789,1,RNA-seq,747022,unknown,unknown,unknown,csf,False,False,2842stdy5644482
1a9e6c16,1,RNA-seq,740301,unknown,unknown,unknown,blood,False,False,eo2659
4183a826,1,RNA-seq,734953,unknown,unknown,unknown,unknown,False,False,wild-type
e9a53655,1,RNA-seq,734003,unknown,unknown,unknown,missing,False,False,pnusal000669
1e72a427,1,RNA-seq,732080,unknown,haart,unknown,la16ow1_its,False,False,unknown
ddccd221,1,RNA-seq,731067,embryonic stem cell,unknown,unknown,embryonic stem cell,False,False,129
9c543016,1,RNA-seq,729812,unknown,unknown,unknown,tissue sample,False,False,unknown
122a1b3e,1,RNA-seq,729185,unknown,unknown,unknown,frozen dried rabbitfish danggit,False,False,fsw0153
ff0698a2,1,RNA-seq,728841,unknown,unknown,unknown,umb1465,False,False,unknown
814273d6,1,RNA-seq,725700,unknown,unknown,unknown,sm-4gh2u,False,False,unknown
281bb962,1,RNA-seq,725264,whole blood,unknown,unknown,whole blood,False,False,unknown
be250537,1,RNA-seq,722238,unknown,unknown,unknown,coral,False,False,ccmp2467 (1)
afdc472f,1,RNA-seq,720396,embryonic stem cells,unknown,unknown,mouse embryonic stem cells (male),False,False,unknown
eb692d73,1,RNA-seq,714407,unknown,unknown,unknown,potato roots,False,False,glomeromycetes
951c0162,1,RNA-seq,706704,unknown,unknown,unknown,bodily fluid,False,False,2011-60-2275-1
a60c90f8,1,RNA-seq,705358,unknown,unknown,3,unknown,False,False,unknown
a92dff67,1,RNA-seq,704908,unknown,unknown,unknown,stool,False,False,skstl0274
b8f91194,1,RNA-seq,704316,unknown,unknown,unknown,large intestine_coragyps atratus_70,False,False,unknown
1e049acb,1,RNA-seq,702293,unknown,unknown,unknown,papaya,False,False,far0033
ffb02337,1,RNA-seq,701625,sebocyte,unknown,unknown,total rna,False,False,unknown
5729f52f,1,RNA-seq,701262,blood vessel endothelial cell,unknown,unknown,total rna,False,False,unknown
8ba609c9,1,RNA-seq,700841,cell mixture - tissue sample,unknown,unknown,liver,False,False,c57bl/6j
2c947f49,1,RNA-seq,680357,unknown,unknown,unknown,sm-4gfbh,False,False,unknown
331a6d8b,1,RNA-seq,674211,unknown,unknown,unknown,leaves,False,False,tlb236
9c56d619,1,RNA-seq,672952,ring1a(-/-);ring1b(fl/fl);r26::creert2 es cells,unknown,unknown,"ring1a-/-;ring1bfl/fl embryonic stem cells, tamoxifen-treated, ring1b chip",False,False,unknown
7496efa0,1,RNA-seq,669814,unknown,unknown,unknown,packaged whole turkey,False,False,az-tg60505
18e2a7f5,1,RNA-seq,668372,unknown,unknown,unknown,liver,False,False,balb/cj
0a97c283,1,RNA-seq,668327,unknown,unknown,unknown,frontal lobe,False,False,c57bl/6
3a887e81,1,RNA-seq,667952,unknown,unknown,unknown,subgingival plaque,False,False,missing
d99beb4a,1,RNA-seq,667075,unknown,nonexposed_control_day1,unknown,unknown,False,False,unknown
44334672,1,RNA-seq,667051,unknown,unknown,unknown,blood,False,False,dd2-3783.311-c7
fe8e1d82,1,RNA-seq,666973,unknown,unknown,unknown,unknown,False,False,s288c
4a2667c6,1,RNA-seq,661558,unknown,unknown,unknown,unknown,False,False,h10048 0267
ebd6f988,1,RNA-seq,655955,unknown,naio4,unknown,xf14 sensor oxidized,False,False,"rfk180 (henn-1 (pk2295)iii ; mjls144 [pmex-5::egfp::his-58::21ur-1_as::tbb-2(3’utr)], mut-7 (xf-7) iii)"
820a0660,1,RNA-seq,649776,unknown,unknown,unknown,unknown,False,False,b200
1c80551c,1,RNA-seq,649003,unknown,48h post blood-meal,unknown,antennae,False,False,lvpib12
85005449,1,RNA-seq,648998,unknown,not bloodfed,unknown,forelegs,False,False,lvpib12
e7f4a9ef,1,RNA-seq,648398,unknown,unknown,unknown,stool,False,False,m13d21
ae37b61e,1,RNA-seq,648380,unknown,unknown,unknown,stool,False,False,m33d1
cadcdf81,1,RNA-seq,648109,unknown,unknown,unknown,missing,False,False,t35622
730ba3a9,1,RNA-seq,647736,unknown,unknown,unknown,fatal meningitis of a 4-month old infant,False,False,atcc 17978
8ef7e55a,1,RNA-seq,647327,unknown,unknown,unknown,frozen white fish,False,False,fne0070
8d60cd57,1,RNA-seq,646470,unknown,unknown,unknown,wild type control_0 min,False,False,w303a
65099daf,1,RNA-seq,645024,unknown,unknown,unknown,wnv-1/us/bid-v6654/2002,False,False,missing
9c1134e0,1,RNA-seq,634994,unknown,unknown,unknown,"t. bergquistae, low-light treatment 4",False,False,unknown
73e8f93e,1,RNA-seq,623612,unknown,unknown,unknown,whole embryo,False,False,mixed
0efa5573,1,RNA-seq,612239,unknown,unknown,unknown,mg1655,False,False,k-12
d6f793ea,1,RNA-seq,611824,mammary epithelial luminal progenitor cells,unknown,unknown,day16_pregnant_mammary cells,False,False,c57bl/6
7b2691d3,1,RNA-seq,602676,hepg2,unknown,unknown,unknown,False,False,hepg2
6c448c21,1,RNA-seq,600267,unknown,unknown,unknown,unknown,False,False,ngas346
7af8d24f,1,RNA-seq,599422,unknown,unknown,unknown,w303,False,False,jry9316
bfa2f1ba,1,RNA-seq,598453,unknown,unknown,unknown,blood,False,False,dar5894
b9e2102b,1,RNA-seq,598362,unknown,unknown,unknown,bodily fluid,False,False,mal020209
072be733,1,RNA-seq,598359,unknown,unknown,unknown,bodily fluid,False,False,mal020120
c57d5a5f,1,RNA-seq,598159,unknown,unknown,unknown,cs_tracs194,False,False,h37rv
f7159f47,1,RNA-seq,564290,unknown,unknown,unknown,unknown,False,False,drc 2012
a2fe1eeb,1,RNA-seq,561206,bone marrow-derived dendritic cells,lps,6 hours,"bmdcs, lps, 6 hrs, pu.1 chip",False,False,c57bl/6
575b1707,1,RNA-seq,549205,unknown,unknown,unknown,respiratory system,False,False,422
226bf328,1,RNA-seq,545844,c1,unknown,unknown,ips cells,False,False,c1
b5f9506a,1,RNA-seq,545050,unknown,unknown,unknown,distal lung epithelium,False,False,c57bl/6j
82f4e493,1,RNA-seq,543873,human skeletal muscle myoblasts (hsmm),unknown,unknown,myoblast_cell t0_ct_b,False,False,unknown
13b98980,1,RNA-seq,540869,unknown,unknown,unknown,unknown,False,False,c57bl/6 j ola
ae100aa6,1,RNA-seq,533074,unknown,unknown,unknown,floral tissue,False,False,wild type
d41b9ae8,1,RNA-seq,530508,unknown,unknown,unknown,w2 post abx stop 453,False,False,unknown
09937cc8,1,RNA-seq,529885,na,unknown,unknown,na,False,False,na
7045f3cb,1,RNA-seq,522816,unknown,unknown,unknown,panicles,False,False,93-11
2bea0dd8,1,RNA-seq,517458,unknown,unknown,unknown,wound material,False,False,bp87
41385ccd,1,RNA-seq,512837,unknown,unknown,unknown,prefrontal cortex (pfc),False,False,unknown
34084aa8,1,RNA-seq,511473,unknown,soil.0.untreated_soil,0,unknown,False,False,unknown
13f02793,1,RNA-seq,511455,unknown,control.control,control,unknown,False,False,unknown
5ca13e6c,1,RNA-seq,509424,unknown,unknown,unknown,cdc biofilm reactor coupons,False,False,unknown
a17e4767,1,RNA-seq,507085,unknown,unknown,unknown,blood,False,False,pnusal000212
f4c8f13f,1,RNA-seq,503765,unknown,unknown,unknown,whole brain,False,False,unknown
fc20576b,1,RNA-seq,499089,unknown,unknown,unknown,"fly heads, female, monogamous",False,False,unknown
2462c1c8,1,RNA-seq,489275,unknown,unknown,unknown,blood,False,False,2363stdy5509414
43ddb2fa,1,RNA-seq,488955,unknown,unknown,unknown,respiratory system,False,False,135
21b742e9,1,RNA-seq,484185,unknown,unknown,unknown,missing,False,False,ucicre 12
901583bc,1,RNA-seq,477865,unknown,unknown,unknown,unknown,False,False,m13
95ec3146,1,RNA-seq,472015,unknown,unknown,unknown,s2,False,False,unknown
8c87409a,1,RNA-seq,445733,macrophages,unknown,unknown,unknown,False,False,wildtype
9db3bc0b,1,RNA-seq,435567,unknown,control,unknown,control.2.2,False,False,holstein
f7a94e31,1,RNA-seq,406823,unknown,unknown,unknown,e17.5 pancreas,False,False,icr
1314701f,1,RNA-seq,395723,unknown,unknown,unknown,canine,False,False,unknown
d27150ae,1,RNA-seq,395570,unknown,unknown,unknown,human(feces),False,False,unknown
391f48eb,1,RNA-seq,395016,unknown,unknown,unknown,blood,False,False,unknown
40e8d0f5,1,RNA-seq,379292,unknown,control,t72,unknown,False,False,unknown
5cccc831,1,RNA-seq,378669,unknown,unknown,unknown,oral,False,False,unknown
fcba15c3,1,RNA-seq,377088,unknown,0,>50,unknown,False,False,unknown
d41a8608,1,RNA-seq,375080,unknown,none,unknown,unknown,False,False,unknown
f6df75d2,1,RNA-seq,358868,unknown,unknown,unknown,unknown,False,False,metagenome
320ef096,1,RNA-seq,356772,unknown,unknown,unknown,not available,False,False,mon001
246be306,1,RNA-seq,342004,unknown,unknown,unknown,unknown,False,False,sl1344
080c1d6c,1,RNA-seq,326128,unknown,unknown,unknown,sterile site,False,False,k10676
7c49b59f,1,RNA-seq,295556,unknown,unknown,12:11,rdp/ silva_ssu_102,False,False,unknown
3ebf10cc,1,RNA-seq,289569,unknown,unknown,unknown,sputum,False,False,ers154013
6de1effe,1,RNA-seq,266079,unknown,unknown,unknown,unknown,False,False,nm3042
2c6fa936,1,RNA-seq,259844,unknown,unknown,unknown,unknown,False,False,p8
