biogroup_id,sample_count,sequencing_types,study_sources,cell_type,treatment,timepoint,is_cross_modal,is_cross_study,cap_selection_method,fractionation_method,replicate,translation_inhibitor
95bdd8f2,4796,"Ribo-seq,RNA-seq,CAGE","954956,954953,801130,514710,1034671,1165488,651879,729811,1158871,1258865,1254209,676083,478760,1297545,1114884,598453,599788,1103142,1205218,484227,649449,651884,729812,1284240,530508,275185,651876,822292,899535,321304,925168,680357,794163,356772,271437,395016,1113713,1104552,1050581,911466,676082,816171,419768,1083195,1084474,789247,979342,412617,794153,1221137,789243,948060,821340,765951,639554,716630,1092679,630259,782500,1083099,1054207,1017399,777454,989134,838490,506724,1057253,729871,944706,1104551,1035983,759858,400151,1197449,1202056,639716,509065,677972,371312,784790,1083196,725700,296059,1162540,1035985,940452,651874,1008576,503765,471907,1019502,648380,543873,956972,751084,858256,598362,1114693,208993,1170270,1270455,511473,706468,651883,651877,1238387,729185,651875,505061,852547,651888,1124923,478730,994860,486172,1282121,342301,299048,575406,1047263,649426,598159,549629,604168,604169,540869,651878,1159806,1308098,1146784,651882,647327,477865,651886,1110494,1034054,986928,1151704,651887,1019380,668384,173092,971237,666973,780148,543399,720671,1135124,651885,1060294,951361,545844,932465,1157223,1194150,295556,785666,193543,1033864,1090696,1049048,358868,918384,1132552,507085,763584,395570,563539,1058247,321201,435567,749454,1032588,1027969,732080,651881,971919,397543,697913,389599,706704,606888,877653,471667,398285,1009809,725741,289569,728841,1158872,817730,1270796,975827,702293,715464,1004312,1033620,1031427,763037,1057254,602407,490651,1012978,651880,1152441,1191647,854638,546183,396698,548154,967039,342004,669197",unknown,unknown,unknown,True,True,,,,unknown
875970ca,490,"Ribo-seq,RNA-seq","445453,605114,230574,623612,541324,667952,1116213,763442,512491,655835,926487,445733,926112,970317,1136820,509424,296059,1190589,659038,548813,415033,369756,419532",,unknown,unknown,True,True,,,,
d128fdee,288,"Ribo-seq,RNA-seq","541924,603355",mESC,unknown,unknown,True,True,,unknown,unknown,unknown
60c7c655,270,RNA-seq,792575,animals were cohoused for 2 weeks then they were either separated or remained paired for either 48 hours or 4 weeks prior to tissue,unknown,4 weeks,False,False,,,unknown,
572f4c32,264,"Ribo-seq,RNA-seq","912651,1011928,1095927,830657,977673,1074219,674211",cardiomyocyte,unknown,unknown,True,True,,,,
d2c8a903,249,RNA-seq,"615003,615002",leukemia,unknown,unknown,False,True,,,unknown,
1c01e385,184,"Ribo-seq,RNA-seq","725741,397543,342301,1152441,861982,1270796,860962,765951,702293,838490,1098023,1157223,649449,794163,435567,1054207",unknown,,unknown,True,True,,,,
de956a27,173,RNA-seq,"1028780,1028779",This study provides RNA-sequencing and ribosome profiling data for patient-derived cell lines and patient tissue,unknown,unknown,False,True,,,unknown,
38807a28,165,"Ribo-seq,RNA-seq",941525,Replicate specimens from both tanks were then killed at up to 17 timepoints after cooling and kidney tissue,unknown,unknown,True,False,,,unknown,
12af89b9,148,RNA-seq,604580,ES-derived late pancreatic progenitor cells,unknown,unknown,False,False,,,unknown,
aa62f164,146,RNA-seq,1270452,embryonic fibroblast,unknown,unknown,False,False,,,unknown,
4625efed,144,RNA-seq,792575,animals were cohoused for 2 weeks then they were either separated or remained paired for either 48 hours or 4 weeks prior to tissue,unknown,48 hours,False,False,,,unknown,
c3696680,140,"Ribo-seq,RNA-seq","563539,530508,1051101,515538",,unknown,unknown,True,True,,,,
5dacf103,138,RNA-seq,"778050,504034",CHO cell,unknown,unknown,False,True,,,unknown,
f420b0f9,136,RNA-seq,"1037596,480788,522816,1243989,646470,926087,1244127,831863,480786,601135",and cell,unknown,unknown,False,True,,,,
2930ce59,135,"Ribo-seq,RNA-seq","768456,303186,769126",,unknown,unknown,True,True,,,,
baa07f7b,133,"Ribo-seq,RNA-seq",667075,sheath cells,unknown,unknown,True,False,,,,
7b10e2a4,123,"Ribo-seq,RNA-seq","803443,1185761,533074,1035318,1270452,509230,946781,377088",fibroblasts,unknown,unknown,True,True,,,,
23eee0f3,117,RNA-seq,445453,type cell,unknown,unknown,False,False,,,,
e8a775e8,108,RNA-seq,701262,cell line,unknown,unknown,False,False,,,unknown,
9ee9a987,102,"Ribo-seq,RNA-seq",1246569,B-cells,unknown,unknown,True,False,,,,
eceba411,100,"Ribo-seq,RNA-seq",1099224,whole organism,cells (epimastigote stage) in nutritional stress for two hours,unknown,True,False,,,,
b9fbc747,100,"Ribo-seq,RNA-seq",1099224,whole organism,cells (epimastigote stage) in exponential growth conditions,unknown,True,False,,,,
f152e4fb,97,RNA-seq,375080,we identified known and novel micropeptides encoded by small ORFs from long non-coding RNAs with functional relevance to tissue,unknown,unknown,False,False,,,unknown,
115cd6af,96,"Ribo-seq,RNA-seq","734658,530508,1185761,750456",,unknown,unknown,True,True,,unknown,unknown,unknown
9a66320a,96,RNA-seq,672952,20 hour activated CD4 T cells,unknown,unknown,False,False,,,unknown,
1facf1d8,94,"Ribo-seq,RNA-seq","998457,998462,998459,998463,998460,998461",human lung fibroblast,unknown,unknown,True,True,,,,
6271f733,92,"Ribo-seq,RNA-seq","885130,1166187",,,unknown,True,True,,,unknown,
52510112,86,RNA-seq,770523,patient-derived glioma stem cell,unknown,unknown,False,False,,,unknown,
f3a9a43b,80,"Ribo-seq,RNA-seq","898352,774895",MDA-MB-231,unknown,unknown,True,True,,,unknown,
00150a3c,80,"Ribo-seq,RNA-seq",297338,HeLa S3 cells,unknown,unknown,True,False,,unknown,,unknown
c0fc8114,77,RNA-seq,"694918,756018,549205,1069085,515538",human cell,unknown,unknown,False,True,,,unknown,
d41a8608,76,"Ribo-seq,RNA-seq","882418,648380,986928,609216",unknown,,unknown,True,True,,,,
e0a9a645,76,RNA-seq,541924,Ne4C,unknown,unknown,False,False,,,unknown,
d8c16b8f,74,"Ribo-seq,RNA-seq","949707,634994,1027912",neurons,unknown,unknown,True,True,,unknown,unknown,unknown
a8c26e67,74,RNA-seq,734953,breast cancer cell line,unknown,unknown,False,False,,,unknown,
e7f96a61,73,RNA-seq,"529885,602676,445453,391171",HepG2,unknown,unknown,False,True,,,,
843921d3,72,RNA-seq,876935,EBV-transformed lymphoblastoid B-cell lines (LCL),Sodium Arsenite,unknown,False,False,,,unknown,
fe2f5dd8,72,RNA-seq,876935,EBV-transformed lymphoblastoid B-cell lines (LCL),Control,unknown,False,False,,,unknown,
55555d49,72,"Ribo-seq,RNA-seq","445453,509424,795419,779948",HeLa,unknown,unknown,True,True,,,,
ea88e142,72,RNA-seq,669814,Cultured human cord blood-derived CD34+ cells,unknown,unknown,False,False,,,,
c1c92f17,72,RNA-seq,406823,Fetus derived cell line from female human embryonic kidney,unknown,unknown,False,False,,,unknown,
5c9db433,70,RNA-seq,648398,CD4+ T cells,unknown,unknown,False,False,,,unknown,
d47373d0,68,RNA-seq,591767,glioblastoma cell line,unknown,unknown,False,False,,,unknown,
a2e9e172,66,RNA-seq,701262,oocyte,unknown,unknown,False,False,,,unknown,
e1cd5daa,65,RNA-seq,990964,plant cells,unknown,unknown,False,False,,,,
d9a3a2e4,64,RNA-seq,"1071171,1071174,1071162,1071161",epithelial,Thapsigargin for 2 hours,unknown,False,True,,,unknown,
a8d884a2,64,RNA-seq,"1071171,1071174,1071162,1071161",epithelial,DMSO for 2 hours,unknown,False,True,,,unknown,
d98ad247,64,"Ribo-seq,RNA-seq","676161,747022",the cells,untreated,unknown,True,True,,,unknown,
7169f718,61,"Ribo-seq,RNA-seq","951511,731067",embryonic stem cell,unknown,unknown,True,True,,,,
1ec424bf,60,RNA-seq,1035318,Human Dermal Fibroblasts,unknown,unknown,False,False,,,unknown,
510e634f,59,"Ribo-seq,RNA-seq","1120398,415033,406823,702160,369756,982760,1190589,734658",HEK293 cells,unknown,unknown,True,True,,,unknown,
67d6a367,58,RNA-seq,"489275,677870,755296,600267,722238,717063,1063244,734003",control cells,unknown,unknown,False,True,,,unknown,
255af0b4,58,RNA-seq,1035318,Human Umbilical Vein Endothelial Cells,unknown,unknown,False,False,,,unknown,
417c9368,58,"Ribo-seq,RNA-seq",779461,HCT116,"Cells were treated with 100µg/mL cycloheximide for 10min and then lysed in polysome lysis buffer. After centrifugation, 100 µL cell lysates were used to extract RNA with TRIzol. Then 5~10 µg RNA was used to purify mRNAs with oligo dT beads. The purified mRNAs were used for RNA-seq library preparation.",unknown,True,False,,unknown,,unknown
ced3a2ef,58,"Ribo-seq,RNA-seq",473812,E14Tg2a,"NF-YA siRNA (Invitrogen, MSS247473)",unknown,True,False,,,,
ef43a9a3,57,RNA-seq,"753865,351825,1166187,1002994,1049449,1055023,1049448,472015,753863,358815,753852,753858,1049447,753845,1049446,645024,667051",,unknown,unknown,False,True,,,,
2c1a4310,56,RNA-seq,"1148496,945876",fungal cells,unknown,unknown,False,True,,,unknown,
9c28c43f,56,"Ribo-seq,RNA-seq",473812,E14Tg2a,"non-targeting control siRNA (Dharmacon, D- 001810-02-50)",unknown,True,False,,,,
9de61a4e,55,"Ribo-seq,RNA-seq","812862,813625,728841,811063",neuron,unknown,unknown,True,True,,,,
9d805553,54,RNA-seq,926087,and cell,untreated,unknown,False,False,,,,
2c30a8e2,54,RNA-seq,885130,embryonic kidney,"100uM 4sU fed for 24h, then washed out for chase over 8h",unknown,False,False,,,unknown,
e1fdff60,52,RNA-seq,748842,primary CD8 T cells,unknown,unknown,False,False,,,unknown,
5d9f4a2e,52,"Ribo-seq,RNA-seq",667051,epithelial cells,Cycloheximide,24hpi,True,False,,unknown,,unknown
a7d3cb73,50,"Ribo-seq,RNA-seq",477865,unknown,RNAi against unc-22 (BJA7),unknown,True,False,,,unknown,
1e5ea632,49,"Ribo-seq,RNA-seq",890855,on cells,unknown,unknown,True,False,,,unknown,
b29d4a5c,49,RNA-seq,255669,subjected cells,unknown,unknown,False,False,,,unknown,
7cc633ec,48,RNA-seq,1083472,progenitor cell,RNAi,unknown,False,False,,,unknown,
328f4a8d,48,RNA-seq,1047524,Adenocarcinoma; Colorectal; Dukes' type B,induced (Doxycicline),unknown,False,False,,,unknown,
c71237cb,48,RNA-seq,1047524,Adenocarcinoma; Colorectal; Dukes' type B,uninduced (DMSO),unknown,False,False,,,unknown,
dcfc8167,48,"Ribo-seq,RNA-seq","918680,918681",infected cells,None,None,True,True,,unknown,,unknown
7dbe15e0,48,RNA-seq,"615808,842067,753469,295955",S2 cells,unknown,unknown,False,True,,,,
23c1da12,48,"Ribo-seq,RNA-seq",667051,epithelial cells,Cycloheximide,48hpi,True,False,,unknown,,unknown
13bdfdc0,48,"Ribo-seq,RNA-seq",661558,MEFs (mouse embryonic fibroblasts),unknown,2 h,True,False,,,,
b2f27020,48,RNA-seq,605444,lymphoma cell,DDX3Xsh,unknown,False,False,,,unknown,
6b2493a1,48,RNA-seq,417116,mouse lymphoid Ba/F3 cells,unknown,unknown,False,False,,,unknown,
285cb6f3,48,RNA-seq,"398285,395723",mouse embryonic fibroblast,unknown,unknown,False,True,,,unknown,
bd9e5182,46,"Ribo-seq,RNA-seq",1173087,Ras transformed melanocytes,unknown,unknown,True,False,,,unknown,
5af63ba9,46,RNA-seq,1027912,heads,unknown,unknown,False,False,,,unknown,
2841f16b,46,RNA-seq,"947524,947527,947526,947523",Human induced pluripotent stem cell,WT,unknown,False,True,,,,
822aa1e2,46,"Ribo-seq,RNA-seq","634332,670552",,unknown,unknown,True,True,,,unknown,
7d727820,46,"Ribo-seq,RNA-seq","598362,598359",P19,unknown,unknown,True,True,,unknown,unknown,unknown
fc02d859,44,"Ribo-seq,RNA-seq",1173087,Immortalized melanocytes,unknown,unknown,True,False,,,unknown,
4824b857,41,RNA-seq,1176138,leukemia cells,unknown,unknown,False,False,,,unknown,
be24c832,41,RNA-seq,668372,total cell,unknown,unknown,False,False,,,unknown,
cb310994,40,"Ribo-seq,RNA-seq","1244127,1243989",H98,2mM H2O2,unknown,True,True,,unknown,,unknown
cdf7e972,40,RNA-seq,"1046391,1046396",lymphoblast cells,None,unknown,False,True,,,unknown,
cfbccfa9,40,RNA-seq,1002994,colon cancer cell,unknown,unknown,False,False,,,unknown,
4c848a2d,40,RNA-seq,717060,Nasopharyngeal carcinoma cell line,unknown,unknown,False,False,,,unknown,
62d6df99,40,RNA-seq,633140,mESC J1,unknown,unknown,False,False,,,unknown,
a7ec5382,40,RNA-seq,499089,Flt3L-DC,unknown,unknown,False,False,,,unknown,
322a212f,40,RNA-seq,473808,BMDC,unknown,unknown,False,False,,,unknown,
20d2f0e8,40,"Ribo-seq,RNA-seq",396456,human embryonic kindey cells,unknown,unknown,True,False,,,unknown,
7ebd4b43,40,Ribo-seq,395570,LN-229,unknown,unknown,False,False,,unknown,unknown,unknown
cbf88948,39,RNA-seq,"1071981,1019929,1020634,1022765",germ cell,unknown,unknown,False,True,,,unknown,
f74a4a4b,39,RNA-seq,"1002346,906951,648109",causes cell,unknown,unknown,False,True,,,unknown,
a010261d,38,RNA-seq,1099224,whole organism,cells fully differentiated to metacyclic trypomastigotes,unknown,False,False,,,,
8d50f4ce,37,"Ribo-seq,RNA-seq",412874,old cells,unknown,unknown,True,False,,,unknown,
2341aeb4,36,RNA-seq,1204289,mouse fibrosarcoma TC1 cells,unknown,unknown,False,False,,,unknown,
e909a10f,36,RNA-seq,971919,unknown,"flies maintained at 25oC, eye discs with mouth hooks were dissected from late L3 larvae.",unknown,False,False,,,unknown,
dac43546,36,RNA-seq,"947524,947527,947526,947523",Human neural progenitor,WT,unknown,False,True,,,,
79040fd1,36,RNA-seq,667952,HEK-TtH cells stably expressing fused ER:HRasG12V,unknown,unknown,False,False,,,unknown,
dbe42f06,36,"Ribo-seq,RNA-seq",667051,epithelial cells,Cycloheximide,72hpi,True,False,,unknown,,unknown
7eb1ecff,36,"Ribo-seq,RNA-seq","611610,611609",,unknown,unknown,True,True,,,unknown,
a97c3095,36,RNA-seq,605444,lymphoma cell,control,unknown,False,False,,,unknown,
68b54562,36,RNA-seq,473925,cervical adenocarcinoma cells,unknown,unknown,False,False,,,,
f85be1f2,35,"Ribo-seq,RNA-seq","648398,748842,1113147,1172296",T cells,unknown,unknown,True,True,,,unknown,
d047224d,34,Ribo-seq,779461,HCT116,Cells were treated with 100µg/mL cycloheximide for 10min and then were used for Ribo-seq.,unknown,False,False,,unknown,,unknown
bea76f79,34,RNA-seq,"704908,668327",T cell,unknown,unknown,False,True,,,unknown,
93ce4f73,34,"Ribo-seq,RNA-seq",676161,the cells,200 ng/ml doxycycline 96 hours,unknown,True,False,,unknown,unknown,unknown
80b218c6,34,"Ribo-seq,RNA-seq",561206,murine cell,unknown,unknown,True,False,,unknown,unknown,unknown
cce571c7,34,"Ribo-seq,RNA-seq",477865,unknown,RNAi against unc-15 (BJA77),unknown,True,False,,unknown,unknown,unknown
51f57ed0,33,"Ribo-seq,RNA-seq",704712,NanoPare and SMART-seq2 was perfomed on wild-type (Col-0) and ddm1-2 inflorescence tissue,unknown,unknown,True,False,,,unknown,
06924290,32,Ribo-seq,1282489,stem cells,Harringtonine (2µg/ml),30min,False,False,,unknown,,harringtonine
3d9dd686,32,"Ribo-seq,RNA-seq",1157223,unknown,ABA,unknown,True,False,,,unknown,
cfce2f58,32,"Ribo-seq,RNA-seq",1136550,Non-Small Cell Lung Cancer,"treated with CHX for 5min,normal culture",unknown,True,False,,,,
59dc390c,32,RNA-seq,"1080485,1080500,1080486",governing cell,CCL4 administration,unknown,False,True,,,,
d657a444,32,RNA-seq,1051495,We show that NPM1 is dispensable for adult epithelial tissue,Tamoxifen (80mg/kg),3 days post-induction,False,False,,,unknown,
1bae11de,32,"Ribo-seq,RNA-seq","1045657,1045659",mouse embryonic stem cells,LIF,unknown,True,True,,,,
097a197b,32,"Ribo-seq,RNA-seq","1045657,1045659",mouse embryonic stem cells,LIF/2i,unknown,True,True,,,,
e7787a44,32,RNA-seq,1008576,unknown,Mettl1-KO,unknown,False,False,,,unknown,
d1394889,32,RNA-seq,938481,type cells,"0.6 mM hydrogen peroxide,30 min",unknown,False,False,,,unknown,
8c174411,32,RNA-seq,938481,type cells,untreated,unknown,False,False,,,unknown,
9c0f04f0,32,Ribo-seq,891450,unknown,air or 10 μL/L of ethylene for 4 h,unknown,False,False,,unknown,unknown,unknown
7977a2af,32,"Ribo-seq,RNA-seq","806948,806946",H1299,FUr,unknown,True,True,,,unknown,
3c6e71ba,32,"Ribo-seq,RNA-seq","806948,806946",H1299,G418,unknown,True,True,,,unknown,
66c4d30b,32,"Ribo-seq,RNA-seq","806948,806946",H1299,untreated,unknown,True,True,,,unknown,
8af18c87,32,RNA-seq,794846,hESC H9 (Wa-09),RNA,unknown,False,False,,,unknown,
46d379ec,32,RNA-seq,"794163,793438",Bone Osteosarcoma,unknown,unknown,False,True,,,,
54be1cc9,32,RNA-seq,779461,HCT116,unknown,unknown,False,False,,,,
d389829a,32,RNA-seq,774057,Nasopharyngeal carcinoma 5-8F cells,unknown,unknown,False,False,,,unknown,
d15a5af0,32,"Ribo-seq,RNA-seq",744888,embryonic stem (ES) cells,unknown,unknown,True,False,,unknown,,unknown
de3b0e85,32,RNA-seq,744888,mes,unknown,unknown,False,False,,,,
52f3bee0,32,RNA-seq,701951,controlling cell,neocarzinostatin (4 h),unknown,False,False,,,unknown,
1b3abbc1,32,RNA-seq,701951,controlling cell,PBS,unknown,False,False,,,unknown,
da90d0c2,32,"Ribo-seq,RNA-seq",667051,epithelial cells,Cycloheximide,unknown,True,False,,,,
fdb26d64,32,"Ribo-seq,RNA-seq",634994,neuron,control,unknown,True,False,,unknown,unknown,unknown
21d54bfb,32,"Ribo-seq,RNA-seq",477865,unknown,RNAi against unc-54 (BJA40),unknown,True,False,,unknown,unknown,unknown
206446ad,32,RNA-seq,414611,HeLa,DHX9 siRNA,unknown,False,False,,,unknown,
dbcf47a3,32,RNA-seq,414611,HeLa,DHX36 siRNA,unknown,False,False,,,unknown,
b49c2bcf,32,"Ribo-seq,RNA-seq",327113,Erythroid progenitors,unknown,unknown,True,False,,,unknown,
956060fa,32,"Ribo-seq,RNA-seq",297039,E14 ESC,unknown,unknown,True,False,,,unknown,
c4073bbf,32,"Ribo-seq,RNA-seq",295955,S2,cultured in conventional medium containing 10% heat-inactivated fetal bovine serum,unknown,True,False,,unknown,unknown,unknown
7a8ee3c4,30,RNA-seq,"1151704,1194520",bacteria,unknown,unknown,False,True,,,unknown,
b44a3273,30,"Ribo-seq,RNA-seq",385767,Acute myeloid leukemia,unknown,unknown,True,False,,unknown,,unknown
d2e567f7,28,RNA-seq,1207466,guard cell,Mock,unknown,False,False,,,,
9a54554e,28,Ribo-seq,1176138,leukemia cells,unknown,4 days,False,False,,unknown,,unknown
81723f42,28,RNA-seq,1161172,differentiated hESCs,unknown,unknown,False,False,,,unknown,
30254913,28,RNA-seq,1140141,Acute myeloid leukemia,BCAA 5+3,unknown,False,False,,,,
a3b30ef2,28,RNA-seq,982760,human embryonic kidney cells,Oxidative stress,unknown,False,False,,,,
179f1d49,28,RNA-seq,"947524,947527,947526,947523",Human cardiomyocytes,WT,unknown,False,True,,,,
2256cae1,28,RNA-seq,"947524,947527,947526,947523",Human mature neurons,WT,unknown,False,True,,,,
fdcc5c86,28,"Ribo-seq,RNA-seq","430558,756018",,,unknown,True,True,,,unknown,
6a7bc0cf,28,RNA-seq,649776,Huh7 cells,Interferon,unknown,False,False,,,,
a7b9bd9c,28,RNA-seq,600267,HEK 293T,12 h CHIKV infection,unknown,False,False,,,,
25c5cc73,28,RNA-seq,414611,HeLa,scramble siRNA,unknown,False,False,,,unknown,
55743445,26,RNA-seq,648316,that cell,unknown,unknown,False,False,,,,
16a328fa,25,RNA-seq,753526,pombe cells,unknown,unknown,False,False,,,,
c292bd3b,24,Ribo-seq,1205218,MCF7,unknown,unknown,False,False,,unknown,unknown,unknown
953af091,24,"Ribo-seq,RNA-seq",1145378,human induced neurons (hiNs) days in vitro (DIV) 14,Ngn2 overexpression,unknown,True,False,,,,
f9c5d4c1,24,RNA-seq,1136820,HEK293T human embryonic kidny cells,unknown,unknown,False,False,,,unknown,
4463a12e,24,RNA-seq,1124388,epithelial-like,unknown,unknown,False,False,,,,
d4906383,24,RNA-seq,1099202,B lymphocyte,unknown,unknown,False,False,,,unknown,
ea13e417,24,RNA-seq,1099202,B lymphoblast,unknown,unknown,False,False,,,unknown,
58c97438,24,RNA-seq,"1080485,1080486",governing cell,control,unknown,False,True,,,unknown,
23b351cd,24,RNA-seq,1076517,Cervical Cancer,Transfected with 18S:WT,unknown,False,False,,,unknown,
8bee9e89,24,RNA-seq,"1069987,1071172",epithelial,Arsenite for 2 hours,unknown,False,True,,,unknown,
13cb5475,24,RNA-seq,"1069987,1071172",epithelial,water for 2 hours,unknown,False,True,,,unknown,
996f6376,24,RNA-seq,1068083,enteric neurons,unknown,unknown,False,False,,,unknown,
eaf1d589,24,"Ribo-seq,RNA-seq","1060294,894460",Primary astrocytes,Untreated,unknown,True,True,,unknown,unknown,unknown
32b9180e,24,RNA-seq,1017399,tachyzoites,unknown,unknown,False,False,,,unknown,
2c218277,24,RNA-seq,1008741,hepatocellular carcinoma cell line,50 nM Torin1 for 12 hr,unknown,False,False,,,,
ba52780d,24,RNA-seq,1008741,hepatocellular carcinoma cell line,NA,unknown,False,False,,,,
ee728e4d,24,RNA-seq,1008576,unknown,CT,unknown,False,False,,,unknown,
54d4a393,24,RNA-seq,982760,mouse embryonic stem cell,cardiomyocyte differentiation,unknown,False,False,,,,
83cf16d0,24,RNA-seq,"978024,978023",NAFLD-HCC,unknown,unknown,False,True,,,unknown,
f714b64b,24,RNA-seq,977673,cardiomyocyte,AngII+Si-NAT10,unknown,False,False,,,unknown,
79c8e700,24,RNA-seq,977673,cardiomyocyte,AngII,unknown,False,False,,,unknown,
afbd132c,24,RNA-seq,977673,cardiomyocyte,Myocardial hypertrophy,unknown,False,False,,,unknown,
d6253c48,24,RNA-seq,977673,cardiomyocyte,Non-myocardial hypertrophy,unknown,False,False,,,unknown,
03d9e803,24,RNA-seq,971237,unknown,female,unknown,False,False,,,unknown,
c58fa153,24,"Ribo-seq,RNA-seq","970317,885130,655835",HEK293T,,unknown,True,True,,unknown,,unknown
c8cf0fc9,24,"Ribo-seq,RNA-seq","918680,918681",infected cells,SARS-CoV-2 infection,7 days post-infection,True,True,,unknown,,unknown
75967313,24,"Ribo-seq,RNA-seq","918680,918681",infected cells,SARS-CoV-2 infection,5 days post-infection,True,True,,unknown,,unknown
d61be7d2,24,"Ribo-seq,RNA-seq","918680,918681",infected cells,SARS-CoV-2 infection,2 days post-infection,True,True,,unknown,,unknown
8623d2f0,24,"Ribo-seq,RNA-seq","918680,918681",infected cells,SARS-CoV-2 infection,1 day post-infection,True,True,,unknown,,unknown
fc18ee1d,24,RNA-seq,877653,somatic,unknown,unknown,False,False,,,,
982edd55,24,"Ribo-seq,RNA-seq",794153,unknown,unknown,6 h,True,False,,unknown,,unknown
d321d7d0,24,"Ribo-seq,RNA-seq",794153,unknown,unknown,3 h,True,False,,unknown,,unknown
50749f1a,24,"Ribo-seq,RNA-seq",794153,unknown,unknown,0 h,True,False,,unknown,,unknown
0026347c,24,"Ribo-seq,RNA-seq",763584,unknown,starved for 6 days and refed with food for 60 min,60 min,True,False,,,,
bfde7034,24,"Ribo-seq,RNA-seq",763584,unknown,starved for 6 days and refed with food for 30 min,30 min,True,False,,,,
67ab9d8c,24,"Ribo-seq,RNA-seq",763584,unknown,starved for 6 days and refed with food for 10 min,10 min,True,False,,,,
aff1d9e2,24,"Ribo-seq,RNA-seq",763584,unknown,starved for 6 days,unknown,True,False,,,,
d172f1dc,24,"Ribo-seq,RNA-seq",763584,unknown,non-starved,unknown,True,False,,,,
4328673f,24,RNA-seq,748842,not applicable,unknown,unknown,False,False,,,unknown,
6a5a4042,24,RNA-seq,732080,unknown,Fed,unknown,False,False,,,unknown,
e22c210e,24,RNA-seq,732080,unknown,Starved,unknown,False,False,,,unknown,
3697350b,24,RNA-seq,725264,breast cancer cells,NA,unknown,False,False,,,unknown,
5cc0588f,24,"Ribo-seq,RNA-seq",704316,Neuroblastoma cell line,Torin1 2hrs,unknown,True,False,,unknown,,unknown
08cd26e7,24,"Ribo-seq,RNA-seq",704316,Neuroblastoma cell line,DMSO 2hrs,unknown,True,False,,unknown,,unknown
70bb6a61,24,RNA-seq,"649002,648998",RAW264.7,"4sU, 40 min",unknown,False,True,,,unknown,
ed2ca648,24,RNA-seq,"649002,648998",RAW264.7,"4sU, 20 min",unknown,False,True,,,unknown,
61b51a03,24,Ribo-seq,624906,mouse embryonic stem cells (mESCs),unknown,unknown,False,False,,unknown,unknown,unknown
2586f00d,24,"Ribo-seq,RNA-seq",603339,for cells,unknown,unknown,True,False,,,unknown,
8b9390ec,24,RNA-seq,602407,Human PCa cell line C4-2,unknown,unknown,False,False,,,unknown,
459822fa,24,RNA-seq,600267,HEK 293T,12 h mock infection,unknown,False,False,,,,
62171275,24,"Ribo-seq,RNA-seq",591214,HEK-293T,unknown,unknown,True,False,,,unknown,
4e1055f2,24,RNA-seq,545050,newborn erythroid cells,unknown,unknown,False,False,,,unknown,
bb007a82,24,RNA-seq,545050,adult erythroid cells,unknown,unknown,False,False,,,unknown,
dd6f5df4,24,Ribo-seq,531262,hematopoietic cell,unknown,unknown,False,False,,unknown,unknown,unknown
f9bd2d9e,24,Ribo-seq,497718,mixed spindle cell and large multinucleated cells,unknown,unknown,False,False,,unknown,,unknown
5a1e3621,24,"Ribo-seq,RNA-seq",259844,macrophages,unknown,unknown,True,False,,unknown,unknown,unknown
57741be2,22,"Ribo-seq,RNA-seq","1244127,1243989",H98,none,unknown,True,True,,unknown,,unknown
5fd94cb8,22,"Ribo-seq,RNA-seq",1033620,unknown,nitrogen-depletion f/2 medium,unknown,True,False,,unknown,unknown,unknown
2df1f99d,22,"Ribo-seq,RNA-seq",1033620,unknown,normal,unknown,True,False,,unknown,unknown,unknown
7d948833,22,RNA-seq,951361,oocytes,Rnase I,unknown,False,False,,,,
94acca44,22,RNA-seq,852784,Cell Line,48 Hour treatment with 100 nM C16,unknown,False,False,,,unknown,
90e7b334,22,RNA-seq,756018,VSMC,untreated,unknown,False,False,,,unknown,
a253a33f,22,RNA-seq,756018,human cell,untreated,unknown,False,False,,,unknown,
b92482be,22,RNA-seq,488955,Primary basophilic erythroblasts,Iron deficiency,unknown,False,False,,,unknown,
bc644bca,22,RNA-seq,416661,ES cell derived neurons,unknown,unknown,False,False,,,unknown,
14fb2349,20,Ribo-seq,1282489,stem cells,DMSO,30min,False,False,,unknown,,unknown
1f2f8eeb,20,RNA-seq,"1263618,1263619",Fibroblast,Adipogenic Differentiation,Day 7,False,True,,,,
69b75250,20,RNA-seq,"1263618,1263619",Fibroblast,Adipogenic Differentiation,Day 3,False,True,,,,
34b6e99c,20,RNA-seq,1166187,Epithelial cells,cycloheximide for 3 mins (100 ug/ml),unknown,False,False,,,unknown,
c92bfa8f,20,RNA-seq,1140141,Acute myeloid leukemia,BCAA vehicle,unknown,False,False,,,,
09d93796,20,RNA-seq,1140141,Acute myeloid leukemia,AA vehicle,unknown,False,False,,,,
9d3f89b2,20,RNA-seq,1104180,embryonic cell,dsRNA,unknown,False,False,,,unknown,
337a760c,20,RNA-seq,1104180,embryonic cell,uninjected,unknown,False,False,,,unknown,
ae9bce78,20,RNA-seq,"1049447,1049449",mouse lung epithelial cells,unknown,unknown,False,True,,,unknown,
eba5dec4,20,"Ribo-seq,RNA-seq",990710,Cancer cell,Normal culture condition,unknown,True,False,,,,
aa13ab2b,20,RNA-seq,977673,cardiomyocyte,Sham,unknown,False,False,,,unknown,
c331bd58,20,RNA-seq,798426,Embryonic stem cells (ESCs),eIF4A3 KD,unknown,False,False,,,,
bbbb3f35,20,"Ribo-seq,RNA-seq","795419,414611",HeLa,,unknown,True,True,,,unknown,
2ed186a5,20,RNA-seq,760480,pHERD20T:pleD*,unknown,unknown,False,False,,,unknown,
7b6d261c,20,RNA-seq,760480,pHERD20T,unknown,unknown,False,False,,,unknown,
784acad0,20,RNA-seq,756018,Fibroblast,IL11 stimulated,unknown,False,False,,,unknown,
73aa09b7,20,RNA-seq,716630,unknown,RNAse-T1 & RNAse-A digestion,unknown,False,False,,,unknown,
0a5fc036,20,"Ribo-seq,RNA-seq","396456,701894,701895",,,unknown,True,True,,,unknown,
05672710,20,"Ribo-seq,RNA-seq",667051,epithelial cells,Cycloheximide,6hpi,True,False,,,,
9ca9417a,20,RNA-seq,"647327,649426",unknown,15 minutes control,unknown,False,True,,,,
086ed4de,20,RNA-seq,"647327,649426",unknown,4 hours control,unknown,False,True,,,,
ab17d2f0,20,RNA-seq,"647327,649426",unknown,30 minutes control,unknown,False,True,,,,
a3998e3c,20,RNA-seq,"647327,649426",unknown,24 hours control,24 h,False,True,,,,
d94f1600,20,RNA-seq,602676,EL4,unknown,unknown,False,False,,,unknown,
ed475a5d,20,RNA-seq,510796,Leaf tissue,AvrRpt2 inoculation,unknown,False,False,,,,
d6c728f2,20,RNA-seq,510796,Leaf tissue,Mock,unknown,False,False,,,,
5cfdadee,20,RNA-seq,488955,Primary basophilic erythroblasts,iron sufficiency,unknown,False,False,,,unknown,
24070806,20,Ribo-seq,471667,fibroblast of dermis,unknown,unknown,False,False,,unknown,unknown,unknown
aff5cfd6,20,Ribo-seq,395570,DBTRG,unknown,unknown,False,False,,unknown,unknown,unknown
73c6a160,20,Ribo-seq,395570,A-172,unknown,unknown,False,False,,unknown,unknown,unknown
08db0139,20,"Ribo-seq,RNA-seq",295955,S2,transfected with 100nM tsRNA-Asp29,unknown,True,False,,unknown,unknown,unknown
060191fd,20,"Ribo-seq,RNA-seq",295955,S2,transfected with 100nM tsRNA-Asp20,unknown,True,False,,unknown,unknown,unknown
ada8876f,20,Ribo-seq,263261,B cell,LPS (48 hours),unknown,False,False,,unknown,unknown,unknown
307b933f,19,RNA-seq,1219079,the small open reading frames (sORFs) of ovarian tissue,unknown,unknown,False,False,,,unknown,
8842a8fb,18,RNA-seq,"1263618,1263619",Fibroblast,Adipogenic Differentiation,Day 0,False,True,,,,
315b5709,18,RNA-seq,"1228532,779948,1007580,956925,509424,957283,795419",,unknown,unknown,False,True,,,,
9c6d1fe7,18,"Ribo-seq,RNA-seq","430558,946781",,unknown,unknown,True,True,,unknown,unknown,unknown
fc9f8d35,18,RNA-seq,858047,Human leukemia monocytic cell line,Vehicle,3h,False,False,,,,
b8304257,18,RNA-seq,858047,Human leukemia monocytic cell line,LPS,3h,False,False,,,,
16d9dda0,18,RNA-seq,858047,Human leukemia monocytic cell line,LPS+Dex,3h,False,False,,,,
5ddc5fd5,18,RNA-seq,794846,hESC H9 (Wa-09),UV crosslinking,unknown,False,False,,,unknown,
88c6ed32,18,RNA-seq,748710,cord blood CD34+ derived erythroid cells,none,unknown,False,False,,,unknown,
f1b8b2c4,18,"Ribo-seq,RNA-seq",725264,breast cancer cells,transfected with 5-Cys-LNA1,unknown,True,False,,,unknown,
6ede85c2,18,"Ribo-seq,RNA-seq",725264,breast cancer cells,transfected with Scr-LNA,unknown,True,False,,,unknown,
bc2079de,18,RNA-seq,717063,esophageal epithelial,The polyribosome-bound-mRNAs were isolated from total RNA by ultra-centrifugation,unknown,False,False,,,unknown,
8f394816,18,RNA-seq,717063,esophageal epithelial,unknown,unknown,False,False,,,unknown,
e0c20d52,18,RNA-seq,699598,SH-SY5Y,Retinoic acid (final conc. 30μM),unknown,False,False,,,unknown,
a3380e59,18,RNA-seq,699598,SH-SY5Y,Control (DMSO),unknown,False,False,,,unknown,
a1d7cc06,18,RNA-seq,649449,unknown,NA,unknown,False,False,,,,
371b93ae,18,RNA-seq,"647327,649426",unknown,12 hours control,12 h,False,True,,,,
401da8ec,18,RNA-seq,"647327,649426",unknown,1 hour control,1 h,False,True,,,,
2d59ba82,18,RNA-seq,"649002,648998",RAW264.7,"4sU, 30 min",unknown,False,True,,,unknown,
d705344c,18,"Ribo-seq,RNA-seq",477865,unknown,RNAi against unc-54 (BJA153),unknown,True,False,,unknown,unknown,unknown
644d59f6,18,"Ribo-seq,RNA-seq",477865,unknown,RNAi against unc-54 (BJA151),unknown,True,False,,unknown,unknown,unknown
a8b7a2b7,18,RNA-seq,321057,immortalized primary cells,unknown,unknown,False,False,,,,
0a9931c4,17,"Ribo-seq,RNA-seq",873584,We then performed gene expression profiling analysis using data obtained from Ribo-seq of 4 different pairs of Papillary Thyroid Carcinoma tissue sample and adjacent normal tissue,unknown,unknown,True,False,,,unknown,
a9b761f5,17,"Ribo-seq,RNA-seq",689830,coli cell,unknown,unknown,True,False,,,,
ab1ba48f,17,RNA-seq,"278390,497255",U2OS cells,unknown,unknown,False,True,,,,
dd30ee9b,17,RNA-seq,347980,14028s cells,unknown,unknown,False,False,,,unknown,
45d34d94,17,RNA-seq,258156,S2 cell,unknown,unknown,False,False,,,unknown,
446e495c,16,RNA-seq,"1287737,396456",human embryonic kidney cells,unknown,unknown,False,True,,,unknown,
c94e2a6f,16,RNA-seq,1273852,haploid,unknown,unknown,False,False,,,unknown,
cc1c355d,16,RNA-seq,1207466,guard cell,flg22,unknown,False,False,,,,
da160e26,16,RNA-seq,1202056,SH-SY5Y,unknown,unknown,False,False,,,,
da7cd97e,16,RNA-seq,1151690,The triple-negative breast cancer cell line,unknown,unknown,False,False,,,,
0c8df40d,16,RNA-seq,1140141,Acute myeloid leukemia,AA 5+3,unknown,False,False,,,,
3d7c627b,16,RNA-seq,1116206,G401,unknown,unknown,False,False,,,unknown,
684f3f81,16,RNA-seq,"529885,1109711",K562,unknown,unknown,False,True,,,unknown,
1ba78ecd,16,RNA-seq,"1104551,1104552",unknown,unknown,6 d,False,True,,,unknown,
d654ff81,16,"Ribo-seq,RNA-seq","1083195,1083196",Saccharomyces cerevisiae,Tunicamycin,4 hr,True,True,,,,
4d6a52ae,16,"Ribo-seq,RNA-seq","1083195,1083196",Saccharomyces cerevisiae,Tunicamycin,0 hr,True,True,,,,
c2a2d1ae,16,RNA-seq,1046463,Peripheral Blood Monocyte,MCSF (100ng/mL),24 h,False,False,,,unknown,
0202b9d6,16,RNA-seq,1046463,Peripheral Blood Monocyte,GMCSF (100ng/mL),24 h,False,False,,,unknown,
b4841f94,16,RNA-seq,1046463,Peripheral Blood Monocyte,HCMV (TB40E),24 h,False,False,,,unknown,
24b50bc1,16,RNA-seq,1046463,Peripheral Blood Monocyte,Mock,24 h,False,False,,,unknown,
0388b1c5,16,Ribo-seq,1032588,unknown,R42L,unknown,False,False,,unknown,,unknown
ab889ecb,16,Ribo-seq,1032588,unknown,EcFMT,unknown,False,False,,unknown,,unknown
3b48d901,16,"Ribo-seq,RNA-seq",1024513,to cell,37 C,unknown,True,False,,unknown,unknown,unknown
f14388ec,16,"Ribo-seq,RNA-seq",1024513,to cell,22 C,unknown,True,False,,unknown,unknown,unknown
d033f2ad,16,"Ribo-seq,RNA-seq",1004312,archaeal cell,unknown,unknown,True,False,,,,
330839d8,16,RNA-seq,982760,human embryonic kidney cells,Flash freezin in liquid nitrogen,unknown,False,False,,,,
5ddb36eb,16,RNA-seq,982760,human embryonic kidney cells,no,unknown,False,False,,,,
b8d47efb,16,RNA-seq,944112,retinal pigment epithelial cells,Serum stimulation for 15hr,15 hr,False,False,,,,
9d7e74d0,16,RNA-seq,944112,retinal pigment epithelial cells,Serum stimulation for 10hr,10 hr,False,False,,,,
db57cd8d,16,RNA-seq,944112,retinal pigment epithelial cells,Serum stimulation for 5hr,5 hr,False,False,,,,
df1cd767,16,RNA-seq,944112,retinal pigment epithelial cells,Serum stimulation for 0 hr,0 hr,False,False,,,,
7300f8f9,16,RNA-seq,933811,K562,no,unknown,False,False,,,,
db1748a9,16,Ribo-seq,925168,somatic cells,unknown,unknown,False,False,,unknown,unknown,unknown
48a249b9,16,Ribo-seq,891450,unknown,air or 10 μL/L of ethylene for 8 h,unknown,False,False,,unknown,unknown,unknown
b08b5be8,16,Ribo-seq,890855,on cells,untreated,unknown,False,False,,unknown,unknown,unknown
3abdcb01,16,RNA-seq,852784,Cell Line,48 Hour treatment with 0.1% DMSO,unknown,False,False,,,unknown,
629010e1,16,RNA-seq,817264,BEAS-2B,unknown,unknown,False,False,,,unknown,
2e6f34c0,16,Ribo-seq,778050,CHO-K1,Harringtoninine,unknown,False,False,,unknown,,harringtonine
2a4e9ace,16,RNA-seq,778050,CHO-K1,NA,unknown,False,False,,,,
15d5473b,16,Ribo-seq,778050,CHO-K1,Cycloheximide,unknown,False,False,,unknown,,unknown
8ad9eb1d,16,Ribo-seq,778050,CHO-K1,No drug,unknown,False,False,,unknown,,unknown
fa77d6c9,16,Ribo-seq,753469,neuronal,unknown,unknown,False,False,,unknown,unknown,unknown
b2f1e2aa,16,Ribo-seq,752584,WT cells,unknown,DD48,False,False,,unknown,,unknown
abe2f27a,16,Ribo-seq,752584,WT cells,unknown,DD44,False,False,,unknown,,unknown
ac54f1a0,16,Ribo-seq,752584,WT cells,unknown,DD40,False,False,,unknown,,unknown
cc5f831e,16,Ribo-seq,752584,WT cells,unknown,DD36,False,False,,unknown,,unknown
d7084a47,16,Ribo-seq,752584,WT cells,unknown,DD32,False,False,,unknown,,unknown
e8b82a95,16,Ribo-seq,752584,WT cells,unknown,DD28,False,False,,unknown,,unknown
873cf70d,16,Ribo-seq,752584,WT cells,unknown,DD24,False,False,,unknown,,unknown
c2a5cd3a,16,Ribo-seq,752584,WT cells,unknown,DD20,False,False,,unknown,,unknown
20314bed,16,Ribo-seq,752584,WT cells,unknown,DD16,False,False,,unknown,,unknown
3b66c47c,16,Ribo-seq,752584,WT cells,unknown,DD12,False,False,,unknown,,unknown
430252c2,16,RNA-seq,748710,K562 cell line,none,unknown,False,False,,,unknown,
79d82f91,16,RNA-seq,744888,embryonic stem (ES) cells,CHX-treated,unknown,False,False,,,,
949ced15,16,RNA-seq,744888,embryonic stem (ES) cells,untreated,unknown,False,False,,,,
3e1f9a5e,16,RNA-seq,722238,HNSCC cells,unknown,unknown,False,False,,,unknown,
7bb55114,16,"Ribo-seq,RNA-seq",715464,unknown,unknown,4 h,True,False,,unknown,,unknown
37a92b5f,16,"Ribo-seq,RNA-seq","701894,701895",Human embryonic kidney cells,i14G1-12 (10 microM),unknown,True,True,,,unknown,
02972606,16,"Ribo-seq,RNA-seq","701894,701895",Human embryonic kidney cells,i14G1-10 (20 microM),unknown,True,True,,unknown,unknown,unknown
a6bc8602,16,"Ribo-seq,RNA-seq",692108,HFSC organoid culture,N1-acetylspermidine for 72h,unknown,True,False,,,unknown,
1f079e9c,16,"Ribo-seq,RNA-seq",692108,HFSC organoid culture,unknown,unknown,True,False,,,unknown,
710da657,16,RNA-seq,677870,intrahepatic cholangiocarcinoma cell line,unknown,unknown,False,False,,,unknown,
f0273ca4,16,"Ribo-seq,RNA-seq",667051,epithelial cells,Cycloheximide,96hpi,True,False,,unknown,,unknown
ef07356c,16,RNA-seq,664109,NIH 3T3,unknown,unknown,False,False,,,unknown,
264eced5,16,"Ribo-seq,RNA-seq",661558,MEFs (mouse embryonic fibroblasts),unknown,15 min,True,False,,,,
ab280ba1,16,RNA-seq,630709,MEF expressing SV40 T,unknown,unknown,False,False,,,unknown,
172d7e03,16,"Ribo-seq,RNA-seq",611824,pc12,unknown,unknown,True,False,,unknown,unknown,unknown
daf5c9ae,16,RNA-seq,604580,ES-derived definitive endoderm cells,unknown,unknown,False,False,,,unknown,
73d55f81,16,RNA-seq,594022,Neurons (DIV 8) derived from CGR8 ES cells,unknown,unknown,False,False,,,unknown,
d3faf0e5,16,"Ribo-seq,RNA-seq",589466,Flp-In T-REx 293 Cell,unknown,unknown,True,False,,,,
8b20eb30,16,RNA-seq,"541924,527113",,unknown,unknown,False,True,,,unknown,
bcec70fc,16,RNA-seq,515538,Human Cervix Adenocarcinoma,unknown,unknown,False,False,,,unknown,
22365367,16,RNA-seq,512837,human lung fibroblasts,Heat shock,unknown,False,False,,,,
f48d68b4,16,RNA-seq,512837,human lung fibroblasts,Control,unknown,False,False,,,,
2d18c48d,16,"Ribo-seq,RNA-seq",511455,transgenic overexpression of HuR in adipose tissue,unknown,unknown,True,False,,,unknown,
aa9163fc,16,"Ribo-seq,RNA-seq",459526,the cell,control,unknown,True,False,,unknown,,unknown
d2400455,16,RNA-seq,414611,HeLa,none,unknown,False,False,,,unknown,
41b9e930,16,RNA-seq,378669,dendritic cells,Th1,4 hours,False,False,,,unknown,
6ba96bf2,16,RNA-seq,326128,knockdown cells,treated with Dox to induce knockdown,unknown,False,False,,,unknown,
36edb57b,16,RNA-seq,326128,knockdown cells,untreated,unknown,False,False,,,unknown,
9c9f50ba,16,Ribo-seq,263261,B cell,Ex-vivo,unknown,False,False,,unknown,unknown,unknown
62f62d7c,15,RNA-seq,"473812,473925,1116213",mammalian cells,unknown,unknown,False,True,,,unknown,
dcf489ce,15,"Ribo-seq,RNA-seq",989871,per cell,unknown,unknown,True,False,,,unknown,
30f04384,15,RNA-seq,"649002,649003,648998,649001",RAW264.7,untreated,unknown,False,True,,,unknown,
f64d9c9c,14,RNA-seq,896488,human epithelial cell,"eIF3h siRNA, 72 hours",unknown,False,False,,,,
3247918b,14,RNA-seq,896488,human epithelial cell,"eIF3d siRNA, 72 hours",unknown,False,False,,,,
79bbe74f,14,RNA-seq,896488,human epithelial cell,"non-targeting siRNA, 72 hours",unknown,False,False,,,,
dd2fa4ee,14,RNA-seq,896488,human epithelial cell,"eIF3e siRNA, 72 hours",unknown,False,False,,,,
87afd703,14,RNA-seq,776890,the skin tissue,unknown,unknown,False,False,,,unknown,
3a2a22b3,14,RNA-seq,599422,"Epidermal Melanocytes, neonatal","cycloheximide 5 minutes, 0.1mg/ml",unknown,False,False,,,unknown,
14bd4584,14,RNA-seq,599422,B-lymphoblastoid cell line,-,unknown,False,False,,,unknown,
585b329d,14,RNA-seq,515538,Human Chronic Myelogenous Leukemia,unknown,unknown,False,False,,,unknown,
6bad9a0d,14,RNA-seq,389599,BMDM,unknown,4hrs,False,False,,,unknown,
1e5a13e6,13,"Ribo-seq,RNA-seq",1296756,BmN cells,unknown,unknown,True,False,,,,
dc3b0ff5,13,RNA-seq,902621,grown cells,unknown,unknown,False,False,,,unknown,
b28f7111,13,RNA-seq,734953,mcf10a cells,unknown,unknown,False,False,,,unknown,
15f1fa33,13,RNA-seq,564290,of cells,unknown,unknown,False,False,,,unknown,
c1ffc5fa,12,Ribo-seq,1286308,chicken embryonic fibroblast,unknown,unknown,False,False,,unknown,unknown,unknown
03a7f475,12,RNA-seq,"942908,718868,1112384,1027912,1161172,1282489,603355,622261,633140,416661,705358",,unknown,unknown,False,True,,,unknown,
b73fea95,12,RNA-seq,1250600,Multiple myeloma cells,METTL5 shRNA infection,unknown,False,False,,,,
189eb7be,12,RNA-seq,1250600,Multiple myeloma cells,No treatment,unknown,False,False,,,,
5c052254,12,Ribo-seq,1245068,in-vitro-differentiated plasma cell,unknown,unknown,False,False,,unknown,unknown,unknown
40ee9708,12,RNA-seq,1207466,guard cell,DC3000,unknown,False,False,,,,
41ee11ab,12,RNA-seq,1193670,Prostate cancer cell line,Zotatifin,unknown,False,False,,,,
eb1a4348,12,RNA-seq,1193670,Prostate cancer cell line,None,unknown,False,False,,,,
a9fede0f,12,Ribo-seq,1176138,leukemia cells,unknown,3 days,False,False,,unknown,,unknown
bbd267ea,12,RNA-seq,1159806,intestinal epithelial cells,dextran sulfate sodium treated,unknown,False,False,,,unknown,
423bb018,12,RNA-seq,1136820,A549 lung carcinoma cells,unknown,unknown,False,False,,,unknown,
cb7ff781,12,Ribo-seq,1132552,primary cell,unknown,unknown,False,False,,unknown,unknown,unknown
6e45e0f9,12,RNA-seq,1120398,Human embryonic kidney cell,"30uM Dyngo (20 min), 1uM Isoproterenol (2 hr)",unknown,False,False,,,,
ad7a9256,12,RNA-seq,1120398,Human embryonic kidney cell,"30uM Dyngo (20 min), no drug",unknown,False,False,,,,
69e4a9ed,12,RNA-seq,1120398,Human embryonic kidney cell,"DMSO, 1uM Isoproterenol (2 hr)",unknown,False,False,,,,
1c6bbf87,12,RNA-seq,1120398,Human embryonic kidney cell,"DMSO, no drug",unknown,False,False,,,,
09683f67,12,RNA-seq,1103142,unknown,calcium supplement,unknown,False,False,,,unknown,
a9f08d37,12,RNA-seq,1103142,unknown,normal calcium,unknown,False,False,,,unknown,
8163d161,12,RNA-seq,1080484,governing cell,CCL4,unknown,False,False,,,unknown,
9e20d13c,12,RNA-seq,1076517,Cervical Cancer,Transfected with 18S:A1824C,unknown,False,False,,,unknown,
0916cd43,12,RNA-seq,1074242,CD8+ T cells,Vehicle Control,unknown,False,False,,,unknown,
adc86312,12,RNA-seq,1074242,CD8+ T cells,Halofuginone (Halo),unknown,False,False,,,unknown,
c5746357,12,"Ribo-seq,RNA-seq",1060294,Primary astrocytes,TNFα+ IL-1β for 48 hr,48 hr,True,False,,unknown,unknown,unknown
e2d049ee,12,"Ribo-seq,RNA-seq",1060294,Primary astrocytes,TNFα+ IL-1β for 24 hr,24 hr,True,False,,unknown,unknown,unknown
2e41eec6,12,"Ribo-seq,RNA-seq",1055925,NPM1-mutated acute myeloid leukemia cells,"500nM dTAG-13, 6h",unknown,True,False,,unknown,,unknown
d409368d,12,"Ribo-seq,RNA-seq",1055925,NPM1-mutated acute myeloid leukemia cells,"0.3% DMSO, 6h",unknown,True,False,,unknown,,unknown
27615499,12,Ribo-seq,1054207,unknown,Reillumination,unknown,False,False,,unknown,,unknown
1fd75dfa,12,RNA-seq,1047636,Primed iPSC,unknown,Day 3,False,False,,,unknown,
4f4f09b4,12,"Ribo-seq,RNA-seq",1047529,lung adenocarcinoma,DAMP knockout,unknown,True,False,,unknown,,unknown
6738c509,12,"Ribo-seq,RNA-seq",1047529,lung adenocarcinoma,CRISPR Control,unknown,True,False,,unknown,,unknown
a8d9cddd,12,"Ribo-seq,RNA-seq",1047529,lung adenocarcinoma,Scramble,unknown,True,False,,unknown,,unknown
b7b4207f,12,"Ribo-seq,RNA-seq",1044801,Human embryonic kidney 293T cell line,STM2457 6h,6 h,True,False,,unknown,,unknown
0c03e566,12,"Ribo-seq,RNA-seq",1044801,Human embryonic kidney 293T cell line,DMSO 6h,6 h,True,False,,unknown,,unknown
1cfa3acb,12,RNA-seq,1037596,and cell,unknown,D10,False,False,,,unknown,
425db38f,12,RNA-seq,1028618,OVCAR3,unknown,unknown,False,False,,,,
e1424303,12,RNA-seq,1007580,WT,unknown,unknown,False,False,,,,
043eb674,12,RNA-seq,1007580,OLA1_KO,unknown,unknown,False,False,,,,
70d44376,12,RNA-seq,1001994,SHSY-5Y,unknown,unknown,False,False,,,,
7eab510c,12,RNA-seq,982760,mouse embryonic stem cell,no,unknown,False,False,,,,
bbf4f01b,12,RNA-seq,977673,cardiomyocyte,Si-NAT10,unknown,False,False,,,unknown,
3b1d769e,12,RNA-seq,958219,organoid,stem cell enrichment,unknown,False,False,,,unknown,
bac143b5,12,RNA-seq,958219,organoid,stem cell depletion,unknown,False,False,,,unknown,
e935046a,12,"Ribo-seq,RNA-seq",946781,Fibroblasts,"Etoposide 50 uM, 10d",unknown,True,False,,unknown,unknown,unknown
c1dd9725,12,"Ribo-seq,RNA-seq",946781,Fibroblasts,Ionizing radiation (15 gy) induced senescence,unknown,True,False,,unknown,unknown,unknown
69677936,12,"Ribo-seq,RNA-seq",946781,Fibroblasts,Contact-inhibited quiescent cells,unknown,True,False,,unknown,unknown,unknown
966570b3,12,"Ribo-seq,RNA-seq",894460,Primary astrocytes,TNFalpha+ IL-1Beta,48 hr,True,False,,unknown,unknown,unknown
b46851fc,12,"Ribo-seq,RNA-seq",894460,Primary astrocytes,TNFalpha+ IL-1Beta,24 hr,True,False,,unknown,unknown,unknown
098374f4,12,RNA-seq,882418,unknown,NAC,unknown,False,False,,,,
bb0f1bef,12,"Ribo-seq,RNA-seq",871254,10000 cells,unknown,unknown,True,False,,unknown,,unknown
58116663,12,"Ribo-seq,RNA-seq",865860,Late-stage oocytes,unknown,unknown,True,False,,,,
d2097c3d,12,RNA-seq,860962,unknown,apidaecin 137 50 µM,unknown,False,False,,,unknown,
1e11fcee,12,"Ribo-seq,RNA-seq",858256,archaea,no treatment,unknown,True,False,,,,
c550fe6b,12,RNA-seq,852784,MLL-rearranged leukemia,48 Hour treatment with 100 nM C16,unknown,False,False,,,unknown,
b4cee9e1,12,RNA-seq,852784,MLL-rearranged leukemia,48 Hour treatment with 2 uM C6,unknown,False,False,,,unknown,
79f265fc,12,RNA-seq,848829,Multiple myeloma,siBCMA transfection,unknown,False,False,,,,
3d467be9,12,RNA-seq,848829,Multiple myeloma,siScramble transfection,unknown,False,False,,,,
9297b404,12,"Ribo-seq,RNA-seq",847982,Breast cancer,control,unknown,True,False,,,,
549fc10b,12,"Ribo-seq,RNA-seq",847982,Breast cancer,unknown,unknown,True,False,,,,
16818a21,12,RNA-seq,839354,competent cells,,unknown,False,False,,,unknown,
e4891972,12,RNA-seq,837608,Human embryonic kidney,transfected - SM-opt FLuc-GFP,unknown,False,False,,,unknown,
1cdad7f9,12,RNA-seq,837608,Human embryonic kidney,transfected - SM-nonopt FLuc-GFP,unknown,False,False,,,unknown,
7c48eb6c,12,Ribo-seq,787943,Suspension cell line,unknown,unknown,False,False,,unknown,unknown,unknown
5315282a,12,RNA-seq,779283,mouse embryonic fibroblasts,WTS+,unknown,False,False,,,unknown,
a2b39597,12,RNA-seq,779283,mouse embryonic fibroblasts,WTS-,unknown,False,False,,,unknown,
13e00a73,12,RNA-seq,765951,unknown,sulfur deficiency,unknown,False,False,,,unknown,
f91a8317,12,RNA-seq,756018,HA_EC,untreated,unknown,False,False,,,unknown,
adc14429,12,RNA-seq,756018,ES,untreated,unknown,False,False,,,unknown,
aec17035,12,RNA-seq,747022,the cells,stem cell enrichment,unknown,False,False,,,unknown,
cc965262,12,"Ribo-seq,RNA-seq",731067,min6,CPA 18 hours,unknown,True,False,,unknown,,unknown
b6e13708,12,"Ribo-seq,RNA-seq",731067,min6,CPA 1 hour,unknown,True,False,,unknown,,unknown
9575fe4a,12,"Ribo-seq,RNA-seq",731067,min6,DMSO 18 hours,unknown,True,False,,unknown,,unknown
38b2fcf6,12,Ribo-seq,725741,unknown,glucose depletion,unknown,False,False,,unknown,unknown,unknown
971b3cfb,12,RNA-seq,722238,HNSCC cells,The polyribosome-bound-mRNAs were isolated from total RNA by ultra-centrifugation,unknown,False,False,,,unknown,
21da8b16,12,RNA-seq,720951,IMR90,Senescent,unknown,False,False,,,unknown,
22e54784,12,RNA-seq,720951,IMR90,Proliferating,unknown,False,False,,,unknown,
dd0354bd,12,RNA-seq,"720892,648998",mESCs,"4sU, 120 min",unknown,False,True,,,unknown,
de80823b,12,RNA-seq,"720892,648998",mESCs,"4sU, 90 min",unknown,False,True,,,unknown,
92bda67d,12,RNA-seq,"720892,648998",mESCs,"4sU, 60 min",unknown,False,True,,,unknown,
57b68f34,12,RNA-seq,677870,Mettl1 knockdown,unknown,unknown,False,False,,,unknown,
38285a82,12,RNA-seq,677870,wild type,unknown,unknown,False,False,,,unknown,
b8fed4d1,12,Ribo-seq,668327,T-cell,untreated,0 h,False,False,,unknown,,unknown
dbf3c3d1,12,"Ribo-seq,RNA-seq",667051,epithelial cells,Cycloheximide,2hpi,True,False,,,,
8b190fd3,12,"Ribo-seq,RNA-seq",667051,epithelial cells,Cycloheximide,4hpi,True,False,,unknown,,unknown
51410134,12,"Ribo-seq,RNA-seq",667051,epithelial cells,Cycloheximide,96h,True,False,,unknown,,unknown
8039ca52,12,"Ribo-seq,RNA-seq",667051,epithelial cells,Cycloheximide,4h,True,False,,unknown,,unknown
acf820ea,12,"Ribo-seq,RNA-seq",667051,epithelial cells,Cycloheximide,12hpi,True,False,,unknown,,unknown
55166f08,12,RNA-seq,649776,Huh7 cells,Mock,unknown,False,False,,,,
1b536da4,12,RNA-seq,649426,unknown,4 hours auxin treatment,unknown,False,False,,,,
3ae793cd,12,RNA-seq,649426,unknown,30 minutes auxin treatment,unknown,False,False,,,,
907f6a44,12,RNA-seq,649426,unknown,24 hours auxin treatment,24 h,False,False,,,,
8edb675c,12,RNA-seq,649426,unknown,1 hour auxin treatment,1 h,False,False,,,,
951ed100,12,RNA-seq,649426,unknown,15 minutes auxin treatment,unknown,False,False,,,,
8156a06c,12,RNA-seq,649426,unknown,12 hours auxin treatment,12 h,False,False,,,,
89c7983a,12,RNA-seq,635830,Epithelial (colon adenocarcinoma),unknown,10 h,False,False,,,,
3713d063,12,RNA-seq,635830,Epithelial (colon adenocarcinoma),unknown,5 h,False,False,,,,
d786bca4,12,RNA-seq,635830,Epithelial (colon adenocarcinoma),unknown,2 h,False,False,,,,
ee4e5825,12,RNA-seq,635830,Epithelial (colon adenocarcinoma),unknown,unknown,False,False,,,,
0d0f1798,12,"Ribo-seq,RNA-seq",543399,unknown,swim 2w,unknown,True,False,,,unknown,
ee28cc68,12,"Ribo-seq,RNA-seq",543399,unknown,swim 2d,2 d,True,False,,,unknown,
5619e5ec,12,Ribo-seq,484185,T-REx-HeLa Cell Line,unknown,unknown,False,False,,unknown,unknown,unknown
d9a4f0e2,12,Ribo-seq,478730,C6/36,unknown,24,False,False,,unknown,unknown,unknown
6dda4b42,12,"Ribo-seq,RNA-seq",472015,human lung adenocarcinoma epithelial cells,IFN-b (20 U/ml),unknown,True,False,,,unknown,
fa410144,12,"Ribo-seq,RNA-seq",472015,human lung adenocarcinoma epithelial cells,unknown,unknown,True,False,,,unknown,
f413afab,12,"Ribo-seq,RNA-seq",385767,Acute myeloid leukemia,control,unknown,True,False,,unknown,,unknown
7589ac3e,12,RNA-seq,"379292,379448",MCF7,control,unknown,False,True,,,,
142228b4,12,"Ribo-seq,RNA-seq",295955,S2,cultured in serum-free medium,unknown,True,False,,unknown,unknown,unknown
48467ffa,12,Ribo-seq,289569,Embryonic kidney,sodium arsenite,unknown,False,False,,unknown,,unknown
751c58f0,12,Ribo-seq,289569,Embryonic kidney,control,unknown,False,False,,unknown,,unknown
78d6f0c8,12,RNA-seq,182756,BJ cells,"Proliferation, normal conditions",unknown,False,False,,,unknown,
e61d319e,11,"Ribo-seq,RNA-seq","970317,1273852,627881,414611",,unknown,unknown,True,True,,,,
ecbecead,11,RNA-seq,"659038,701894,763442,1044801,701895,512491,623612,541324",HEK293T cells,unknown,unknown,False,True,,,unknown,
aa881267,11,RNA-seq,"951511,692108,470579,615002",stem cell,unknown,unknown,False,True,,,unknown,
db442304,11,RNA-seq,768399,Overall design: Ribosome profiling sequencing of oral mucosa of human that divived into tumor tissue and paracancerous tissue,unknown,unknown,False,False,,,unknown,
17bf51d8,10,RNA-seq,1282489,stem cells,LTP induced,30min,False,False,,,,
3cb9aac1,10,RNA-seq,1282489,stem cells,LTP induced,10min,False,False,,,,
a3e2d6c4,10,RNA-seq,1282489,stem cells,uninduced,0min,False,False,,,,
66527e54,10,RNA-seq,"1099224,714407",different cell,unknown,unknown,False,True,,,unknown,
3659c28f,10,RNA-seq,956925,HeLa cells,infection with vK1-C7- VACV,unknown,False,False,,,unknown,
6decadf6,10,"Ribo-seq,RNA-seq",946781,Fibroblasts,None,unknown,True,False,,unknown,unknown,unknown
c3f3a1e9,10,"Ribo-seq,RNA-seq","794846,266079",from cells,unknown,unknown,True,True,,,,
290824a0,10,RNA-seq,789173,living cells,untreated,unknown,False,False,,,unknown,
cc5ecd08,10,RNA-seq,756018,Hepatocytes,untreated,unknown,False,False,,,unknown,
179a0411,10,RNA-seq,756018,HCAEC,untreated,unknown,False,False,,,unknown,
cca5a086,10,RNA-seq,749295,fibroblasts,TAC,unknown,False,False,,,unknown,
ad8f6e4a,10,RNA-seq,720396,human lung cancer cells,unknown,unknown,False,False,,,unknown,
600a03e2,10,Ribo-seq,705358,embryonic stem cells,untreated,unknown,False,False,,unknown,,unknown
388b8685,10,"Ribo-seq,RNA-seq","630259,490682",unknown,unknown,30 min,True,True,,,,
e1fe2302,9,"Ribo-seq,RNA-seq","1254209,674211",cardiomyocytes,unknown,unknown,True,True,,unknown,,unknown
a7a624ba,9,RNA-seq,645135,We demonstrate that SMN binds to ribosomes and that this interaction is tissue,unknown,unknown,False,False,,,,
7567a094,9,"Ribo-seq,RNA-seq",400150,treated cell,unknown,unknown,True,False,,,unknown,
e3450e22,9,"Ribo-seq,RNA-seq",299045,we generated Ribo-Seq libraries from mouse tissue,unknown,unknown,True,False,,,unknown,
2a985222,8,RNA-seq,1282489,stem cells,LTP induced,60min,False,False,,,,
f266fa99,8,RNA-seq,1258865,eHAP iCas9 WT,unknown,unknown,False,False,,,unknown,
922c1e5c,8,RNA-seq,1258865,eHAP iCas9 SLFN11 ATRX DKO,unknown,unknown,False,False,,,unknown,
e48be141,8,RNA-seq,1258865,eHAP iCas9 ATRXKO,unknown,unknown,False,False,,,unknown,
be1cce1b,8,RNA-seq,1258865,eHAP iCas9 SLFN11KO,unknown,unknown,False,False,,,unknown,
c07201a3,8,RNA-seq,1207466,guard cell,Input,unknown,False,False,,,,
cd5773cb,8,RNA-seq,1207466,guard cell,IP,unknown,False,False,,,,
4b2d19f1,8,RNA-seq,1190589,IF-3mt KO,unknown,unknown,False,False,,,unknown,
a69e7090,8,RNA-seq,1172296,Bone marrow derived monocytes,Osteoclast differentiation,unknown,False,False,,,unknown,
3e5cedf2,8,RNA-seq,"1147306,1147293",human embryonic stem cells,cardiomyocyte differentiation,Day18,False,True,,,unknown,
99be8d1a,8,RNA-seq,"1147306,1147293",human embryonic stem cells,cardiomyocyte differentiation,Day12,False,True,,,unknown,
1017b1aa,8,RNA-seq,"1147306,1147293",human embryonic stem cells,cardiomyocyte differentiation,Day10,False,True,,,unknown,
d9b26366,8,RNA-seq,"1147306,1147293",human embryonic stem cells,cardiomyocyte differentiation,Day8,False,True,,,unknown,
e9df7385,8,RNA-seq,"1147306,1147293",human embryonic stem cells,cardiomyocyte differentiation,Day6,False,True,,,unknown,
d057c5f4,8,RNA-seq,"1147306,1147293",human embryonic stem cells,cardiomyocyte differentiation,Day4,False,True,,,unknown,
8baa8997,8,RNA-seq,"1147306,1147293",human embryonic stem cells,cardiomyocyte differentiation,Day3,False,True,,,unknown,
dac6c21d,8,RNA-seq,"1147306,1147293",human embryonic stem cells,cardiomyocyte differentiation,Day2,False,True,,,unknown,
53511dc5,8,RNA-seq,"1147306,1147293",human embryonic stem cells,cardiomyocyte differentiation,Day1,False,True,,,unknown,
c5eaa20d,8,RNA-seq,"1147306,1147293",human embryonic stem cells,cardiomyocyte differentiation,Day0,False,True,,,unknown,
bfe04a22,8,RNA-seq,1129445,OMP-GFP positive mature OSNs,none,unknown,False,False,,,unknown,
33324eb9,8,RNA-seq,1129445,Ngn1-GFP+ immediate neuronal progenitors/immature olfactory sensory neurons (INP/iOSN),none,unknown,False,False,,,unknown,
f2ea731f,8,RNA-seq,1113597,Mat-KO,low-input Ribo-seq (160 cells/type),unknown,False,False,,,unknown,
a3202550,8,RNA-seq,1113597,WT,low-input Ribo-seq (160 cells/type),unknown,False,False,,,unknown,
a181a397,8,RNA-seq,1113597,MPP,low-input Ribo-seq (160 cells/type),unknown,False,False,,,unknown,
615a669c,8,RNA-seq,1113597,LT-HSC,low-input Ribo-seq (160 cells/type),unknown,False,False,,,unknown,
dd801d78,8,RNA-seq,1113597,CLP,low-input Ribo-seq (160 cells/type),unknown,False,False,,,unknown,
cd2d3fb1,8,RNA-seq,1113597,CMP,low-input Ribo-seq (160 cells/type),unknown,False,False,,,unknown,
5565ed73,8,RNA-seq,1113597,GMP,low-input Ribo-seq (160 cells/type),unknown,False,False,,,unknown,
9ef978df,8,RNA-seq,1113597,MEP,low-input Ribo-seq (160 cells/type),unknown,False,False,,,unknown,
f481ca02,8,RNA-seq,1113597,Erythoid cell,low-input Ribo-seq (160 cells/type),unknown,False,False,,,unknown,
6d58afba,8,RNA-seq,1113597,Myeloid cell,low-input Ribo-seq (160 cells/type),unknown,False,False,,,unknown,
20207220,8,RNA-seq,1113597,B cell,low-input Ribo-seq (160 cells/type),unknown,False,False,,,unknown,
496819cb,8,RNA-seq,1113597,T cell,low-input Ribo-seq (160 cells/type),unknown,False,False,,,unknown,
ab44283a,8,RNA-seq,1076512,Cervical Cancer,Expressing shRNA targeting GCN2,unknown,False,False,,,unknown,
1821742f,8,RNA-seq,1076512,Cervical Cancer,Expressing scrambled shRNA,unknown,False,False,,,unknown,
c0d2228f,8,Ribo-seq,1054207,unknown,1h Dark,unknown,False,False,,unknown,,unknown
16cf2949,8,"Ribo-seq,RNA-seq","1049448,1049446",mouse lung fibroblasts,unknown,unknown,True,True,,unknown,unknown,unknown
125e9ca9,8,RNA-seq,1049048,unknown,bacterial cells,7 h,False,False,,,,
9734420a,8,RNA-seq,1049048,unknown,bacterial cells,6 h,False,False,,,,
20412d6f,8,RNA-seq,1049048,unknown,bacterial cells,5 h,False,False,,,,
d4bbe680,8,RNA-seq,1049048,unknown,bacterial cells,4 h,False,False,,,,
731bdebe,8,RNA-seq,1049048,unknown,bacterial cells,3 h,False,False,,,,
541b1852,8,RNA-seq,1049048,unknown,bacterial cells,2 h,False,False,,,,
fe030f4e,8,RNA-seq,1049048,unknown,bacterial cells,1 h,False,False,,,,
c582d4bd,8,RNA-seq,1049048,unknown,bacterial cells,0 h,False,False,,,,
1948ed29,8,RNA-seq,1034054,epidermal keratinocytes,None,unknown,False,False,,,,
05b35e2a,8,RNA-seq,1032588,budding yeast,unknown,unknown,False,False,,,,
93ca9e56,8,RNA-seq,1024503,mouse testis cells,unknown,unknown,False,False,,,unknown,
66ddd713,8,RNA-seq,1002994,normal colon epithelium cell,unknown,unknown,False,False,,,unknown,
b195c47a,8,RNA-seq,1002346,HAP1,5 uM 4SU and 6 kJ/m2 UVA,30 min,False,False,,,,
752c37d2,8,RNA-seq,1002346,HAP1,5 uM 4SU and 6 kJ/m2 UVA,0 min,False,False,,,,
cace6998,8,RNA-seq,989134,unknown,injected with sfGFP mRNAs at 1-cell stage,unknown,False,False,,,,
54171da2,8,Ribo-seq,985711,pancreatic adenocarcinoma cells,"1 microM IKE,24 h",unknown,False,False,,unknown,unknown,unknown
97d68399,8,Ribo-seq,985711,pancreatic adenocarcinoma cells,"0.1percent DMSO,24 h",unknown,False,False,,unknown,unknown,unknown
39089c0b,8,RNA-seq,978085,HEK293T,plus_preQ1,unknown,False,False,,,unknown,
ee6a0e1f,8,RNA-seq,978085,HEK293T,control_0Q,unknown,False,False,,,unknown,
18981476,8,RNA-seq,949707,primary cultured cortical neurons,harringtonine,3 min,False,False,,,unknown,
05735b47,8,RNA-seq,947526,Human neural progenitor,MAF1 KD CRISPRi,unknown,False,False,,,,
0f77e694,8,RNA-seq,943116,SW480,unknown,unknown,False,False,,,unknown,
bbe28156,8,Ribo-seq,942908,C57BL/6,unknown,unknown,False,False,,unknown,unknown,unknown
9d446543,8,"Ribo-seq,RNA-seq",933910,IMR90 cells(fibroblasts isolated from normal lung tissue),(normal Proliferating cells),unknown,True,False,,,,
f1e87c56,8,"Ribo-seq,RNA-seq",933910,IMR90 cells(fibroblasts isolated from normal lung tissue),Oncogene Induced Senesence (OIS),unknown,True,False,,,,
ce537b02,8,"Ribo-seq,RNA-seq",933910,IMR90 cells(fibroblasts isolated from normal lung tissue),Senescence (Replicative exhaustion) + H2O2 treatment,unknown,True,False,,,,
9d7df342,8,RNA-seq,933811,K562,CX5461,unknown,False,False,,,,
c711f4a6,8,RNA-seq,933811,K562,DMSO,unknown,False,False,,,,
5a2db61d,8,Ribo-seq,930426,embryonic kidney,Overnight (14 h) serum deprivation,unknown,False,False,,unknown,,unknown
bc4113b4,8,Ribo-seq,930426,embryonic kidney,N/A,unknown,False,False,,unknown,,unknown
ba6dbce1,8,RNA-seq,927820,chronic lymphocytic leukemia cell line,NA,unknown,False,False,,,unknown,
6c2d43ad,8,Ribo-seq,926978,mesenchymal stem cells,unknown,unknown,False,False,,unknown,,unknown
dab664f6,8,Ribo-seq,915110,primary myoblast,primary myoblast proliferation,Day 2,False,False,,unknown,,unknown
be21f07f,8,RNA-seq,903814,HCT116,DDX3X_Degron_DMSO,unknown,False,False,,,unknown,
11a676b6,8,RNA-seq,903814,HCT116,DDX3X_Degron_08h,unknown,False,False,,,unknown,
99c30749,8,RNA-seq,903814,HCT116,DDX3X_Degron_04h,unknown,False,False,,,unknown,
85cdb0c3,8,RNA-seq,903814,HCT116,DDX3X_Degron_48h,unknown,False,False,,,unknown,
59350c51,8,RNA-seq,903814,HCT116,DDX3X_Degron_24h,unknown,False,False,,,unknown,
6db40850,8,RNA-seq,903814,HCT116,DDX3X_Degron_16h,unknown,False,False,,,unknown,
275b01af,8,RNA-seq,895374,HEK293 EBNA,none,unknown,False,False,,,unknown,
4f525eea,8,Ribo-seq,885130,HEK293T,G418 + CC-885,unknown,False,False,,unknown,unknown,unknown
7867ba80,8,RNA-seq,871214,Human acute myeloid leukemia (AML) cells,shNS,unknown,False,False,,,,
63796405,8,RNA-seq,871214,Human acute myeloid leukemia (AML) cells,shBP2-2,unknown,False,False,,,,
62f87ba5,8,RNA-seq,871214,Human acute myeloid leukemia (AML) cells,shBP2-1,unknown,False,False,,,,
ba728a2d,8,RNA-seq,852784,MLL-rearranged leukemia,Treated with 2 uM C6,unknown,False,False,,,unknown,
fe35c3c5,8,RNA-seq,852784,MLL-rearranged leukemia,Treated with 0.1% DMSO,unknown,False,False,,,unknown,
59533444,8,"Ribo-seq,RNA-seq",851064,unknown,no treatment,unknown,True,False,,,,
88ba0060,8,RNA-seq,839354,competent cells,CHX,unknown,False,False,,,unknown,
4aa18250,8,RNA-seq,839351,mutant cells,CHX,unknown,False,False,,,unknown,
80d5c90a,8,RNA-seq,839351,mutant cells,none,unknown,False,False,,,unknown,
2c4b0623,8,Ribo-seq,831863,leukemia cell line,unknown,unknown,False,False,,unknown,unknown,unknown
e407d833,8,RNA-seq,809655,based cell,Rosa depletion,unknown,False,False,,,,
79d7fabc,8,RNA-seq,809655,based cell,DIMT1 depletion,unknown,False,False,,,,
d769a72d,8,RNA-seq,803443,Primary mouse cardiac fibroblast,unknown,day 5,False,False,,,unknown,
ce148a04,8,RNA-seq,803443,Primary mouse cardiac fibroblast,unknown,day 0,False,False,,,unknown,
1a6f04b8,8,"Ribo-seq,RNA-seq",801861,HeLa,no treatment,unknown,True,False,,,unknown,
b825f6cb,8,"Ribo-seq,RNA-seq",801130,Human CD14+ monocytes,metoprolol,unknown,True,False,,,unknown,
c96663c0,8,"Ribo-seq,RNA-seq",801130,Human CD14+ monocytes,PBS,unknown,True,False,,,unknown,
bc134060,8,RNA-seq,756018,Fibroblast,TGF-B stimulated and anti-IgG antibody treatment,unknown,False,False,,,unknown,
b67faf4e,8,RNA-seq,756018,Fibroblast,TGF-B stimulated and anti-IL11 antibody treatment,unknown,False,False,,,unknown,
24dcdeb1,8,RNA-seq,756018,Fibroblast,TGF-B stimulated,unknown,False,False,,,unknown,
ab90632b,8,RNA-seq,753487,Molm13,Sh-Speptide,unknown,False,False,,,,
41827d16,8,RNA-seq,753487,Molm13,sh-NC,unknown,False,False,,,,
3f0761ca,8,"Ribo-seq,RNA-seq",751389,iPSC-EC,unknown,unknown,True,False,,unknown,,unknown
fc668d13,8,"Ribo-seq,RNA-seq",751389,iPSC-EC,control,unknown,True,False,,unknown,,unknown
0705fcd8,8,RNA-seq,750636,Overall design: High-throughput sequencing of liver tissue,high fat diet adding betaine (2percent w/v) from week 8,unknown,False,False,,,unknown,
1b464517,8,RNA-seq,750636,Overall design: High-throughput sequencing of liver tissue,high fat diet from week 8,unknown,False,False,,,unknown,
848c4c8d,8,RNA-seq,749295,fibroblasts,sham,unknown,False,False,,,unknown,
ed947747,8,RNA-seq,748710,K562 cell line,molnc301b_del overexpression,unknown,False,False,,,unknown,
125d34d5,8,RNA-seq,748710,K562 cell line,molnc301b_m2 overexpression,unknown,False,False,,,unknown,
0dc60d7a,8,RNA-seq,748710,K562 cell line,molnc301b_m1 overexpression,unknown,False,False,,,unknown,
90115977,8,RNA-seq,748710,K562 cell line,molnc301b_wt overexpression,unknown,False,False,,,unknown,
84567bf7,8,RNA-seq,748710,K562 cell line,empty vector,unknown,False,False,,,unknown,
0c43645c,8,RNA-seq,748710,cord blood CD34+ derived erythroid cells,empty vector,unknown,False,False,,,unknown,
ea97e046,8,RNA-seq,748710,K562 cell line,SMARCA5 knockdown,unknown,False,False,,,unknown,
aecab03d,8,Ribo-seq,743831,neuroblastoma,unknown,unknown,False,False,,unknown,unknown,unknown
6cf94eed,8,RNA-seq,722238,HNSCC cells,demethylated by ALKB; NaBH4/Aniline induced reduction and cleavage,unknown,False,False,,,unknown,
e388964e,8,RNA-seq,722238,HNSCC cells,demethylated by ALKB,unknown,False,False,,,unknown,
2991e41a,8,RNA-seq,717063,esophageal squamous cell carcinoma cell line,demethylated by ALKB,unknown,False,False,,,unknown,
012355e8,8,RNA-seq,717063,esophageal squamous cell carcinoma cell line,unknown,unknown,False,False,,,unknown,
2535aa94,8,RNA-seq,717063,esophageal squamous cell carcinoma cell line,demethylated by ALKB; NaBH4/Aniline induced reduction and cleavage,unknown,False,False,,,unknown,
8cb5c5c2,8,"Ribo-seq,RNA-seq",694918,CD4 T-cells,unknown,unknown,True,False,,unknown,unknown,unknown
d5bfbd16,8,"Ribo-seq,RNA-seq",694918,CD4 T-cells,unknown,72 hours,True,False,,unknown,unknown,unknown
17b22e72,8,"Ribo-seq,RNA-seq",694918,CD4 T-cells,unknown,48 hours,True,False,,unknown,unknown,unknown
b265d24a,8,"Ribo-seq,RNA-seq",694918,CD4 T-cells,unknown,20 hours,True,False,,unknown,unknown,unknown
a4c7ff90,8,"Ribo-seq,RNA-seq",667051,epithelial cells,Cycloheximide+Harringtonine,48hpi,True,False,,unknown,,unknown
8f928352,8,"Ribo-seq,RNA-seq",667051,epithelial cells,Cycloheximide+Harringtonine,24hpi,True,False,,unknown,,unknown
c7865cef,8,"Ribo-seq,RNA-seq",667051,epithelial cells,Cycloheximide+Harringtonine,12hpi,True,False,,unknown,,unknown
e842c0d0,8,"Ribo-seq,RNA-seq",667051,epithelial cells,Cycloheximide+Harringtonine,6hpi,True,False,,unknown,,unknown
c324fef3,8,"Ribo-seq,RNA-seq",667051,epithelial cells,Cycloheximide+Harringtonine,2hpi,True,False,,unknown,,unknown
81919af6,8,"Ribo-seq,RNA-seq",667051,epithelial cells,Cycloheximide+Harringtonine,unknown,True,False,,unknown,,unknown
4ba35154,8,"Ribo-seq,RNA-seq",661558,MEFs (mouse embryonic fibroblasts),unknown,unknown,True,False,,,,
d43324f7,8,RNA-seq,649449,unknown,RIP,unknown,False,False,,,1,
c307eb7e,8,Ribo-seq,647736,SU-DHL-4,"DMSO 0.1%, 30 min. 37C",unknown,False,False,,unknown,unknown,unknown
ec4217e9,8,Ribo-seq,647736,HBL-1,harringtonine (DMSO dissolved) 5 g/ml 30 min. 37C,unknown,False,False,,unknown,unknown,unknown
618b9309,8,Ribo-seq,647736,HBL-1,"DMSO 0.1%, 30 min. 37C",unknown,False,False,,unknown,unknown,unknown
1eb07e8f,8,Ribo-seq,647736,DoHH2,harringtonine (DMSO dissolved) 5 g/ml 30 min. 37C,unknown,False,False,,unknown,unknown,unknown
969d0079,8,Ribo-seq,647736,DoHH2,"DMSO 0.1%, 30 min. 37C",unknown,False,False,,unknown,unknown,unknown
950877f5,8,Ribo-seq,647736,SU-DHL-4,harringtonine (DMSO dissolved) 5 g/ml 30 min. 37C,unknown,False,False,,unknown,unknown,unknown
7fe33e88,8,RNA-seq,647327,unknown,4 hours ethylene treatment,unknown,False,False,,,,
79e364ab,8,RNA-seq,647327,unknown,30 minutes ethylene treatment,unknown,False,False,,,,
310eaff8,8,RNA-seq,647327,unknown,24 hours ethylene treatment,24 h,False,False,,,,
812ea386,8,RNA-seq,647327,unknown,1 hour ethylene treatment,1 h,False,False,,,,
d8a57562,8,RNA-seq,647327,unknown,15 minutes ethylene treatment,unknown,False,False,,,,
2b5ed1f1,8,RNA-seq,647327,unknown,0 hours control,0 h,False,False,,,,
d03589eb,8,RNA-seq,647327,unknown,0 hours ethylene treatment,0 h,False,False,,,,
fd35d5c0,8,Ribo-seq,645135,We demonstrate that SMN binds to ribosomes and that this interaction is tissue,control,unknown,False,False,,unknown,,unknown
4189e835,8,"Ribo-seq,RNA-seq",639554,unknown,1 hour mock,unknown,True,False,,unknown,,unknown
4669dc69,8,"Ribo-seq,RNA-seq",639554,unknown,30 minutes IAA,unknown,True,False,,unknown,,unknown
921589d3,8,"Ribo-seq,RNA-seq",639554,unknown,30 minutes mock,unknown,True,False,,unknown,,unknown
f4f4f9aa,8,"Ribo-seq,RNA-seq",639554,unknown,15 minutes IAA,unknown,True,False,,unknown,,unknown
4c79056f,8,"Ribo-seq,RNA-seq",639554,unknown,1 hour IAA,unknown,True,False,,unknown,,unknown
15782f95,8,"Ribo-seq,RNA-seq",639554,unknown,15 minutes mock,unknown,True,False,,unknown,,unknown
acc75d03,8,RNA-seq,634994,glial,control,unknown,False,False,,,unknown,
36754ee7,8,RNA-seq,630973,bacterial cells,Control (untreated),unknown,False,False,,,unknown,
c3a4dd2a,8,RNA-seq,630973,bacterial cells,Apidaecin,unknown,False,False,,,unknown,
4b6c8398,8,"Ribo-seq,RNA-seq",630259,unknown,unknown,90 min,True,False,,,,
eb4ae348,8,"Ribo-seq,RNA-seq",630259,unknown,unknown,60 min,True,False,,,,
b683d4a9,8,"Ribo-seq,RNA-seq",630259,unknown,unknown,15 min,True,False,,,,
63e4c8b4,8,"Ribo-seq,RNA-seq",627881,Human cells,control,unknown,True,False,,unknown,,unknown
0064933f,8,RNA-seq,612239,THP1,unknown,unknown,False,False,,,,
9a12c6f9,8,RNA-seq,612239,THP1,control,unknown,False,False,,,,
79f44987,8,"Ribo-seq,RNA-seq",589466,Flp-In T-REx 293 Cell,control,unknown,True,False,,,,
ec1a0c1f,8,"Ribo-seq,RNA-seq",543399,unknown,TAC surgery 2w,unknown,True,False,,unknown,unknown,unknown
0f484816,8,RNA-seq,515538,Human Embryonic Kidney,Thapsigargin,unknown,False,False,,,unknown,
1ebda8bd,8,RNA-seq,515538,Human Embryonic Kidney,Tunicamycin,unknown,False,False,,,unknown,
074f1656,8,RNA-seq,515538,Human Embryonic Kidney,DMSO,unknown,False,False,,,unknown,
5cb3ba88,8,"Ribo-seq,RNA-seq","480788,480786",fibroblasts,Si-eIF1A (X+18) transfection,unknown,True,True,,,unknown,
271b9092,8,"Ribo-seq,RNA-seq","480788,480786",fibroblasts,Si-Negative control transfection,unknown,True,True,,,unknown,
024dc146,8,Ribo-seq,478730,Vero E6,unknown,24,False,False,,unknown,unknown,unknown
38f44bcb,8,"Ribo-seq,RNA-seq",459526,the cell,LacZ expression was induced with Isopropyl -D-1-thiogalactopyranoside (IPTG),unknown,True,False,,unknown,,unknown
25f3b7ba,8,"Ribo-seq,RNA-seq",459526,the cell,gene10-lacZ expression was induced with Isopropyl -D-1-thiogalactopyranoside (IPTG),unknown,True,False,,unknown,,unknown
c3df1b9a,8,RNA-seq,403993,Fetus derived cell line from female human embryonic kidney,THAP (1µM) for 1.5hr,unknown,False,False,,,unknown,
99f2cd21,8,"Ribo-seq,RNA-seq","395016,371312",unknown,high light,3,True,True,,,unknown,
60484401,8,"Ribo-seq,RNA-seq","395016,371312",unknown,high light,0,True,True,,,unknown,
a7046069,8,RNA-seq,389599,BMDM,unknown,6hrs,False,False,,,unknown,
8dde0739,8,RNA-seq,389599,BMDM,unknown,2hrs,False,False,,,unknown,
878d8aad,8,RNA-seq,389599,BMDM,unknown,1hr,False,False,,,unknown,
784969c1,8,RNA-seq,389599,BMDM,unknown,0hr,False,False,,,unknown,
3b67acb3,8,RNA-seq,379292,MCF7,CPT,unknown,False,False,,,,
da980ca2,8,RNA-seq,297039,E14 ESC,control,unknown,False,False,,,unknown,
ef598027,8,Ribo-seq,266079,from cells,control,unknown,False,False,,unknown,,unknown
bf4bc263,8,RNA-seq,182756,BJ cells,Quiescence induced by serum depletion,unknown,False,False,,,unknown,
20efe26b,7,RNA-seq,"1122590,747022,1123824,770675,793438,676161,760480",the cells,unknown,unknown,False,True,,,unknown,
7a2781f1,7,RNA-seq,"182756,196335",primary BJ fibroblast cells,unknown,unknown,False,True,,,unknown,
2ae06173,6,RNA-seq,1282121,unknown,"embryos, +CHX, 3 days",unknown,False,False,,,,
847ea3c0,6,RNA-seq,1282121,unknown,"embryos, no CHX, 2 days",unknown,False,False,,,,
869b30fb,6,RNA-seq,1137264,eIF6-N106S,MUT,unknown,False,False,,,unknown,
f179ceef,6,RNA-seq,1137264,Wt,Wt,unknown,False,False,,,unknown,
83b55c93,6,RNA-seq,1137263,HCT116,MUT,unknown,False,False,,,unknown,
804bff19,6,RNA-seq,1129072,Wildtype,unknown,unknown,False,False,,,unknown,
3a2730fb,6,RNA-seq,1129072,Mutant,unknown,unknown,False,False,,,unknown,
88e9e4b0,6,Ribo-seq,1123824,H26,digested with MNR,unknown,False,False,,unknown,,unknown
08954d00,6,Ribo-seq,1123824,H26,digested with MNA,unknown,False,False,,unknown,,unknown
5d0129c8,6,RNA-seq,1122518,cranial neural crest cells,0.4 μM DOX,unknown,False,False,,,,
6c91dc63,6,RNA-seq,1122518,cranial neural crest cells,no treatment,unknown,False,False,,,,
2ec3e6c9,6,RNA-seq,1098023,unknown,heat stress,unknown,False,False,,,unknown,
80fc65af,6,RNA-seq,"1076512,1076517",which cells,unknown,unknown,False,True,,,unknown,
b0928b33,6,Ribo-seq,1063244,human alveolar epithelium cells,PR8 virus infection,unknown,False,False,,unknown,,unknown
e7bfb669,6,Ribo-seq,1063244,human alveolar epithelium cells,Mock treatment,unknown,False,False,,unknown,,unknown
adbf4f8c,6,Ribo-seq,1040202,iWAT preadipocyte,Beige adipocyte differentiation induction media,8 days differentiation,False,False,,unknown,,unknown
0ccdb4ac,6,Ribo-seq,1040202,iWAT preadipocyte,Beige adipocyte differentiation induction media,4 days differentiation,False,False,,unknown,,unknown
9855a99c,6,Ribo-seq,1040202,iWAT preadipocyte,None,None,False,False,,unknown,,unknown
b7fd92fd,6,RNA-seq,"1028977,1028978",Human embryonic kidney,SRα siRNA,unknown,False,True,,,unknown,
7422ea38,6,RNA-seq,"1028977,1028978",Human embryonic kidney,control siRNA,unknown,False,True,,,unknown,
9e969863,6,RNA-seq,978085,HEK293T,plus_preQ1_plus_PNK,unknown,False,False,,,unknown,
128324ba,6,RNA-seq,978085,HEK293T,minus_preQ1_plus_PNK,unknown,False,False,,,unknown,
4c0a44ed,6,RNA-seq,978085,HEK293T,plus_preQ1_minus_PNK,unknown,False,False,,,unknown,
e23594a1,6,RNA-seq,978085,BMDC,00nM_preQ1_plus_100nM_Q,unknown,False,False,,,unknown,
3860ed10,6,RNA-seq,978085,BMDC,100nM_preQ1,unknown,False,False,,,unknown,
fc83de16,6,RNA-seq,978085,HEK293T,minus_preQ1_minus_PNK,unknown,False,False,,,unknown,
e4e0c662,6,RNA-seq,978085,BMDC,no_treatment_control_0Q,unknown,False,False,,,unknown,
c60ce8e5,6,RNA-seq,978085,BMDC,100nM_Q,unknown,False,False,,,unknown,
83cf7b1d,6,RNA-seq,972712,skin melanoma,Q depleted medium for 24h,unknown,False,False,,,unknown,
048168ca,6,RNA-seq,972712,skin melanoma,control medium for 24h,unknown,False,False,,,unknown,
0fe809cc,6,RNA-seq,972712,skin melanoma,DMSO for 24h,unknown,False,False,,,unknown,
29a0afe6,6,RNA-seq,972712,skin melanoma,MAPK inhibitors for 24h,unknown,False,False,,,unknown,
6b362bdb,6,RNA-seq,957283,BT20 cells,treatment with Dox for 12 hours,unknown,False,False,,,,
b4047a83,6,RNA-seq,957283,BT20 cells,nontreated,unknown,False,False,,,,
f9c541ac,6,RNA-seq,954956,antigen-presenting cells,untreated,unknown,False,False,,,unknown,
a137b4ca,6,RNA-seq,954956,antigen-presenting cells,liposome,unknown,False,False,,,unknown,
9173356e,6,RNA-seq,954956,antigen-presenting cells,linearRNA,unknown,False,False,,,unknown,
24db7584,6,RNA-seq,954956,antigen-presenting cells,circRNA,unknown,False,False,,,unknown,
b52195a9,6,RNA-seq,947526,Human neural progenitor,Pro-TGG-2-1 upstream edit CRISPR,unknown,False,False,,,,
98c87b2b,6,RNA-seq,947526,Human embryonic kidney,WT,unknown,False,False,,,,
234056ee,6,RNA-seq,906951,near-haploid derivative of KBM-7,6 kJ/m2 UVA,unknown,False,False,,,,
deca2698,6,RNA-seq,906951,near-haploid derivative of KBM-7,none,unknown,False,False,,,,
df951936,6,RNA-seq,906951,near-haploid derivative of KBM-7,5 uM 4SU and 6 kJ/m2 UVA,unknown,False,False,,,,
718ffc1a,6,RNA-seq,906951,near-haploid derivative of KBM-7,5 uM 4SU,unknown,False,False,,,,
e82416c3,6,RNA-seq,860962,unknown,oncocin 50 µM,unknown,False,False,,,unknown,
bb452ca2,6,RNA-seq,860962,unknown,retapamulin 12.5 µg/ml,unknown,False,False,,,unknown,
b5dcc305,6,RNA-seq,860962,unknown,chloramphenicol,unknown,False,False,,,unknown,
d6f03680,6,RNA-seq,852784,Cell Line,48 Hour treatment with 100 nM C16 and 2.5 nM mivebresib (ABBV-075),unknown,False,False,,,unknown,
18f65a1d,6,RNA-seq,852784,Cell Line,48 Hour treatment with 2.5 nM mivebresib (ABBV-075),unknown,False,False,,,unknown,
9b08f554,6,RNA-seq,852784,Cell Line,48 Hour treatment with 0.2% DMSO,unknown,False,False,,,unknown,
e74aaed3,6,RNA-seq,852784,MLL-rearranged leukemia,48 Hour treatment with 0.1% DMSO,unknown,False,False,,,unknown,
87671e2d,6,RNA-seq,852784,MLL-rearranged leukemia,48 Hour treatment with either 0.1% DMSO,unknown,False,False,,,unknown,
3368b892,6,Ribo-seq,850795,myoblasts,DOX+IFNg,unknown,False,False,,unknown,,unknown
d43111e2,6,Ribo-seq,850795,myoblasts,DOX,unknown,False,False,,unknown,,unknown
f97cb29b,6,Ribo-seq,850795,myoblasts,IFNg,unknown,False,False,,unknown,,unknown
fdaf6bd9,6,Ribo-seq,850795,myoblasts,untreated,unknown,False,False,,unknown,,unknown
ebcebcd8,6,"Ribo-seq,RNA-seq",816171,liver cancer cells,unknown,unknown,True,False,,unknown,unknown,unknown
9cb3f37f,6,RNA-seq,789173,living cells,treated with 1000nM scrambled PNA,unknown,False,False,,,unknown,
e3c2c1a7,6,RNA-seq,789173,living cells,treated with 1000nM acpP PNA,unknown,False,False,,,unknown,
8086061b,6,RNA-seq,789173,living cells,treated with 250nM acpP PNA,unknown,False,False,,,unknown,
e54cda65,6,RNA-seq,789173,living cells,treated with 63nM acpP PNA,unknown,False,False,,,unknown,
f1859c38,6,RNA-seq,789173,living cells,treated with 16nM acpP PNA,unknown,False,False,,,unknown,
17108132,6,RNA-seq,789173,living cells,treated with 5nM acpP PNA,unknown,False,False,,,unknown,
e3d3c1d4,6,RNA-seq,789173,living cells,treated with 0.5nM acpP PNA,unknown,False,False,,,unknown,
0a64d3eb,6,RNA-seq,773909,hASC,unknown,unknown,False,False,,,unknown,
6dddeee8,6,RNA-seq,770523,U251-MG,unknown,unknown,False,False,,,unknown,
49ff3ae5,6,RNA-seq,770523,U87-MG,unknown,unknown,False,False,,,unknown,
cdb4f90d,6,RNA-seq,756018,HUVEC,untreated,unknown,False,False,,,unknown,
8e314d82,6,Ribo-seq,755296,epithelial cell,exposed to PM2.5 for 24h,unknown,False,False,,unknown,unknown,unknown
2b2af2a7,6,Ribo-seq,755296,epithelial cell,untreated,unknown,False,False,,unknown,unknown,unknown
ed840f5e,6,RNA-seq,740301,skeletal muscle myoblast,treated with doxycycline for 4 h,unknown,False,False,,,unknown,
bf714a01,6,RNA-seq,740301,skeletal muscle myoblast,untreated,unknown,False,False,,,unknown,
9465a30f,6,RNA-seq,740301,skeletal muscle myoblast,treated with doxycycline for 14 h,unknown,False,False,,,unknown,
bc27f70c,6,RNA-seq,740301,skeletal muscle myoblast,treated with doxycycline for 8 h,unknown,False,False,,,unknown,
c5a728dd,6,Ribo-seq,700841,S2 cells,low ionic lysis buffer,unknown,False,False,,unknown,unknown,unknown
095f6521,6,RNA-seq,649449,unknown,Oxidation,unknown,False,False,,,,
77758946,6,RNA-seq,"649003,648998",RAW264.7,"LPS, 16 h",unknown,False,True,,,unknown,
c65eb814,6,RNA-seq,"649003,648998",RAW264.7,LPS 90 min,unknown,False,True,,,unknown,
6936471c,6,RNA-seq,"649003,648998",RAW264.7,LPS 75 min,unknown,False,True,,,unknown,
942d1e55,6,RNA-seq,"649003,648998",RAW264.7,"LPS, 60 min",unknown,False,True,,,unknown,
aeba2980,6,RNA-seq,"649003,648998",RAW264.7,"LPS, 45 min",unknown,False,True,,,unknown,
f457e1e3,6,RNA-seq,"649003,648998",RAW264.7,"LPS, 30 min",unknown,False,True,,,unknown,
71ef4a4b,6,RNA-seq,"649003,648998",RAW264.7,"LPS, 15 min",unknown,False,True,,,unknown,
da38f6c3,6,RNA-seq,"649002,648998",RAW264.7,"4sU, 120 min",unknown,False,True,,,unknown,
1ce26726,6,RNA-seq,"649002,648998",RAW264.7,"4sU, 90 min",unknown,False,True,,,unknown,
b17df6dc,6,RNA-seq,"649002,648998",RAW264.7,"4sU, 60 min",unknown,False,True,,,unknown,
7f3afee1,6,Ribo-seq,634994,neuron,harringtonine_30s,unknown,False,False,,unknown,unknown,unknown
a02fb0d4,6,Ribo-seq,634994,neuron,harringtonine_15s,unknown,False,False,,unknown,unknown,unknown
9ec6f28e,6,Ribo-seq,634994,neuron,harringtonine_150s,unknown,False,False,,unknown,unknown,unknown
e82d97ca,6,Ribo-seq,634994,neuron,harringtonine_90s,unknown,False,False,,unknown,unknown,unknown
fb350dae,6,Ribo-seq,634994,neuron,harringtonine_45s,unknown,False,False,,unknown,unknown,unknown
dc2ff937,6,RNA-seq,622261,PLC stem cells,None,unknown,False,False,,,unknown,
dd6a2b2a,6,RNA-seq,622261,Normal PLC cells,None,unknown,False,False,,,unknown,
2fc03f6e,6,RNA-seq,602407,C4-2,unknown,unknown,False,False,,,unknown,
94d3a853,6,RNA-seq,561206,murine cell,unknown,12 days,False,False,,,unknown,
7a6db0f5,6,RNA-seq,561206,murine cell,unknown,9 days,False,False,,,unknown,
ae541756,6,RNA-seq,561206,murine cell,unknown,7 days,False,False,,,unknown,
158b00b3,6,RNA-seq,470579,stem cell,Mock miRNA methyl RNA control total,unknown,False,False,,,unknown,
1df3a184,6,RNA-seq,470579,stem cell,Differentiated Total RNA,unknown,False,False,,,unknown,
f4ccd7a2,6,RNA-seq,470579,stem cell,Differentiated Polysome-associated RNA,unknown,False,False,,,unknown,
cfe4b7db,6,RNA-seq,470579,stem cell,Stem Total RNA,unknown,False,False,,,unknown,
7113de87,6,RNA-seq,470579,stem cell,Stem Polysome-associated RNA,unknown,False,False,,,unknown,
ff19d489,6,RNA-seq,470579,stem cell,Differentiated Methyl RNA Control,unknown,False,False,,,unknown,
641bd765,6,RNA-seq,470579,stem cell,Differentiated Methyl RNA IP,unknown,False,False,,,unknown,
ef32f4ba,6,RNA-seq,470579,stem cell,Stem Methyl RNA Control Total,unknown,False,False,,,unknown,
dd8b8fdc,6,RNA-seq,470579,stem cell,Stem Methyl RNA IP,unknown,False,False,,,unknown,
ccb387aa,6,RNA-seq,278390,U2OS,Myc activation (36 hr),unknown,False,False,,,,
afca11f8,6,RNA-seq,278390,U2OS,control,unknown,False,False,,,,
905b90ad,6,RNA-seq,182756,BJ cells,pre-senescence; 5 dys after RASG12V induction,unknown,False,False,,,unknown,
ad2533b2,5,"Ribo-seq,RNA-seq",1222576,translocated cell,unknown,unknown,True,False,,,unknown,
8488d52b,5,RNA-seq,"998457,998462,998463,998460,998461",of cells,unknown,unknown,False,True,,,unknown,
58cb1d71,5,RNA-seq,"947527,947524,947525,947526,947523",among cell,unknown,unknown,False,True,,,unknown,
9bf63576,5,RNA-seq,"459526,624906,297039,945876",the cell,unknown,unknown,False,True,,,unknown,
d4c2f7cf,5,RNA-seq,885130,mammalian cells,unknown,3 to 4 hour,False,False,,,unknown,
840188f6,5,RNA-seq,"752584,630709,704316",,unknown,unknown,False,True,,,unknown,
654b26d7,5,"Ribo-seq,RNA-seq","262909,720396",,unknown,unknown,True,True,,,unknown,
fbf10885,4,RNA-seq,1230555,other cells,unknown,unknown,False,False,,,unknown,
210ebbd8,4,RNA-seq,1230555,other cells,control,unknown,False,False,,,unknown,
0a0ac441,4,RNA-seq,1228532,HeLa cells,DNMT1 knockdown,unknown,False,False,,,unknown,
e62c402e,4,RNA-seq,1228532,HeLa cells,mock,unknown,False,False,,,unknown,
abf430cd,4,RNA-seq,1187475,ccRCC,empty vector,unknown,False,False,,,unknown,
57d628ff,4,RNA-seq,1187475,ccRCC,overexpressing PHYHD1 (MT),unknown,False,False,,,unknown,
66457b3e,4,RNA-seq,1187475,ccRCC,WT,unknown,False,False,,,unknown,
07801da2,4,RNA-seq,1160843,epithelial,transfected with empty vector,unknown,False,False,,,,
e8c4b482,4,RNA-seq,1160843,epithelial,transfected with sup-tRNA,unknown,False,False,,,,
9021ed3f,4,Ribo-seq,1144916,Colon epithelial cancer cell,TRMT61A knockout,unknown,False,False,,unknown,unknown,unknown
f07ad17b,4,Ribo-seq,1144916,Colon epithelial cancer cell,WT,unknown,False,False,,unknown,unknown,unknown
331211d7,4,RNA-seq,1137263,HCT116,Wt,unknown,False,False,,,unknown,
8ca31524,4,RNA-seq,"743831,918680,1136820,918681",infected cells,unknown,unknown,False,True,,,unknown,
60dffcba,4,RNA-seq,1122590,the cells,10C 3h 4C 3d,5 d,False,False,,,,
7c05c84e,4,RNA-seq,1122590,the cells,10C 3h 4C 3d,3 d,False,False,,,,
487df6fc,4,RNA-seq,1122590,the cells,10C 3h 4C 1d,1 d,False,False,,,,
2600692f,4,RNA-seq,1122590,the cells,10C 3h,unknown,False,False,,,,
c8472275,4,RNA-seq,1122590,the cells,20C,unknown,False,False,,,,
39fcd5ab,4,RNA-seq,1121290,Caco-2,undifferentiated,unknown,False,False,,,,
2f519b7f,4,RNA-seq,1121290,Caco-2,"differentiated, control",unknown,False,False,,,,
88af7c72,4,RNA-seq,1121290,Caco-2,"differentiated, micelles without lipid",unknown,False,False,,,,
877cfb59,4,RNA-seq,1121290,Caco-2,"differentiated, lipid micelles",unknown,False,False,,,,
e4d76ee1,4,RNA-seq,1121289,PBMC,NA,unknown,False,False,,,unknown,
caeb52ba,4,RNA-seq,1121289,Caco-2,NA,unknown,False,False,,,unknown,
b6ee513b,4,RNA-seq,1121289,CCD-18Co,NA,unknown,False,False,,,unknown,
d7f06236,4,RNA-seq,1121289,HCEC-1CT,NA,unknown,False,False,,,unknown,
8d1d6dec,4,RNA-seq,1112384,Embryonic stem cells,PD treatment,unknown,False,False,,,unknown,
bc802aba,4,RNA-seq,1112384,Embryonic stem cells,DMSO treatment,unknown,False,False,,,unknown,
482b32a4,4,RNA-seq,1083527,pancreatic adenocarcinoma cells,unknown,unknown,False,False,,,unknown,
95c2f0f4,4,RNA-seq,1083527,pancreatic adenocarcinoma cells,control,unknown,False,False,,,unknown,
05a083e9,4,RNA-seq,"1080485,1080500,1080484,1080486",governing cell,unknown,unknown,False,True,,,unknown,
113491cb,4,RNA-seq,1070982,"strain JKD6008 (vancomycin intermediate, VISA)",unknown,unknown,False,False,,,unknown,
2c51e703,4,Ribo-seq,1069085,lung carcinoma epithelial cells,ZIKV sfRNAnull infected,unknown,False,False,,unknown,,unknown
4bd0fcb3,4,Ribo-seq,1069085,lung carcinoma epithelial cells,ZIKV WT infected,unknown,False,False,,unknown,,unknown
6b480a8b,4,Ribo-seq,1069085,lung carcinoma epithelial cells,mock infected,unknown,False,False,,unknown,,unknown
43845554,4,Ribo-seq,1055023,MLE-12,1-nitropyrene,unknown,False,False,,unknown,unknown,unknown
318c6a76,4,Ribo-seq,1055023,MLE-12,control,unknown,False,False,,unknown,unknown,unknown
1bbe6632,4,RNA-seq,1037596,and cell,unknown,D30,False,False,,,unknown,
34152dc7,4,RNA-seq,1037596,and cell,unknown,D15,False,False,,,unknown,
cb60d98b,4,RNA-seq,1037596,and cell,unknown,D5,False,False,,,unknown,
5d6f6fe0,4,RNA-seq,1037596,and cell,unknown,D0,False,False,,,unknown,
78947181,4,RNA-seq,1028618,OVCAR3,control,unknown,False,False,,,,
1885c393,4,Ribo-seq,1017530,fibroblast,"hs, siSrp72",unknown,False,False,,unknown,,unknown
641e2e43,4,Ribo-seq,1017530,fibroblast,"hs, siCtrl",unknown,False,False,,unknown,,unknown
d1d8ff61,4,Ribo-seq,1017530,fibroblast,"no hs, siSrp72",unknown,False,False,,unknown,,unknown
b6fbd597,4,Ribo-seq,1017530,fibroblast,"no hs, siCtrl",unknown,False,False,,unknown,,unknown
56f74b68,4,Ribo-seq,1009809,unknown,"100 µg/ml CHX, 100 µg/ml TIG",unknown,False,False,,unknown,1,unknown
8b3fdbc0,4,Ribo-seq,985711,pancreatic adenocarcinoma cells,"10 microM IKE,24 h",unknown,False,False,,unknown,unknown,unknown
6fed987b,4,RNA-seq,978085,HEK293T,plus_EME,unknown,False,False,,,unknown,
f0ab5463,4,RNA-seq,978085,HEK293T,plus_preQ1_minus_4u8C,unknown,False,False,,,unknown,
0771f681,4,RNA-seq,978085,HEK293T,minus_preQ1_minus_4u8C,unknown,False,False,,,unknown,
363daef7,4,RNA-seq,978085,HEK293T,plus_preQ1_plus_4u8C,unknown,False,False,,,unknown,
ea484a89,4,RNA-seq,978085,HEK293T,preQ1_polysome,unknown,False,False,,,unknown,
9ad91d62,4,RNA-seq,978085,HEK293T,0Q_polysome,unknown,False,False,,,unknown,
469b0589,4,RNA-seq,978085,HEK293T,preQ1_input,unknown,False,False,,,unknown,
75efc82e,4,RNA-seq,978085,HEK293T,plusDM_preQ1+10nMQ,unknown,False,False,,,unknown,
b6e65f96,4,RNA-seq,978085,HEK293T,plusDM_preQ1,unknown,False,False,,,unknown,
39a70f3b,4,RNA-seq,978085,HEK293T,plusDM_0Q,unknown,False,False,,,unknown,
5a375d0c,4,RNA-seq,978085,HEK293T,minusDM_100Q,unknown,False,False,,,unknown,
d64710df,4,RNA-seq,978085,HEK293T,0Q_input,unknown,False,False,,,unknown,
5bc600ac,4,RNA-seq,978085,HEK293T,plusDM_100Q,unknown,False,False,,,unknown,
9ebb5345,4,RNA-seq,978085,HEK293T,minusDM_0Q,unknown,False,False,,,unknown,
a205b42f,4,RNA-seq,978085,HEK293T,plusDM_preQ1+1nMQ,unknown,False,False,,,unknown,
285ea87f,4,RNA-seq,978085,HEK293T,minusDM_preQ1+1nMQ,unknown,False,False,,,unknown,
17d9ff92,4,RNA-seq,978085,HEK293T,minusDM_preQ1+10nMQ,unknown,False,False,,,unknown,
60aeb435,4,RNA-seq,978085,HEK293T,minusDM_preQ1,unknown,False,False,,,unknown,
394c09b3,4,RNA-seq,977673,Primary neonatal mouse cardiomyocytes,Ad-NAT10-12h,unknown,False,False,,,unknown,
051002da,4,RNA-seq,977673,Primary neonatal mouse cardiomyocytes,Ad-NAT10-0h,unknown,False,False,,,unknown,
470cb7cd,4,RNA-seq,977673,primary neonatal mouse fibroblasts,NC-6h,unknown,False,False,,,unknown,
eb4998b1,4,RNA-seq,977673,primary neonatal mouse fibroblasts,NC-24h,unknown,False,False,,,unknown,
676693a5,4,RNA-seq,977673,primary neonatal mouse fibroblasts,NC-18h,unknown,False,False,,,unknown,
a461618d,4,RNA-seq,977673,primary neonatal mouse fibroblasts,NC-12h,unknown,False,False,,,unknown,
86b335b9,4,RNA-seq,977673,primary neonatal mouse fibroblasts,NC-0h,unknown,False,False,,,unknown,
276d7595,4,RNA-seq,977673,primary neonatal mouse fibroblasts,Ad-NAT10-6h,unknown,False,False,,,unknown,
1ecce009,4,RNA-seq,977673,primary neonatal mouse fibroblasts,Ad-NAT10-24h,unknown,False,False,,,unknown,
2d808e38,4,RNA-seq,977673,primary neonatal mouse fibroblasts,Ad-NAT10-18h,unknown,False,False,,,unknown,
3c96cccb,4,RNA-seq,977673,primary neonatal mouse fibroblasts,Ad-NAT10-12h,unknown,False,False,,,unknown,
8c66dd52,4,RNA-seq,977673,Primary neonatal mouse cardiomyocytes,NC-6h,unknown,False,False,,,unknown,
fa462405,4,RNA-seq,977673,Primary neonatal mouse cardiomyocytes,NC-24h,unknown,False,False,,,unknown,
e6666bb4,4,RNA-seq,977673,Primary neonatal mouse cardiomyocytes,NC-18h,unknown,False,False,,,unknown,
97db567b,4,RNA-seq,977673,Primary neonatal mouse cardiomyocytes,NC-12h,unknown,False,False,,,unknown,
359700c8,4,RNA-seq,977673,Primary neonatal mouse cardiomyocytes,NC-0h,unknown,False,False,,,unknown,
a53136d8,4,RNA-seq,977673,Primary neonatal mouse cardiomyocytes,Ad-NAT10-6h,unknown,False,False,,,unknown,
1d39c746,4,RNA-seq,977673,Primary neonatal mouse cardiomyocytes,Ad-NAT10-24h,unknown,False,False,,,unknown,
05518724,4,RNA-seq,977673,Primary neonatal mouse cardiomyocytes,Ad-NAT10-18h,unknown,False,False,,,unknown,
4f457daa,4,RNA-seq,977673,primary neonatal mouse fibroblasts,Ad-NAT10-0h,unknown,False,False,,,unknown,
0fbb7214,4,RNA-seq,956925,HeLa cells,uninfected,unknown,False,False,,,unknown,
eb1976cf,4,RNA-seq,956925,HeLa cells,infection with WT VACV with AraC,unknown,False,False,,,unknown,
5d1aab16,4,RNA-seq,956925,HeLa cells,infection with WT VACV,unknown,False,False,,,unknown,
16815707,4,RNA-seq,956925,HeLa cells,infection with vK1-C7- VACV with AraC,unknown,False,False,,,unknown,
9b97a79c,4,RNA-seq,947526,Human induced pluripotent stem cell,Pro-TGG-2-1 upstream edit CRISPR,unknown,False,False,,,,
a2dd2ab7,4,RNA-seq,947526,Human induced pluripotent stem cell,RPC7a KD CRIPSRi,unknown,False,False,,,,
ecebba75,4,RNA-seq,947526,Human neural progenitor,Pro-TGG-1-1 upstream edit CRISPR,unknown,False,False,,,,
019d0c06,4,RNA-seq,947526,Human induced pluripotent stem cell,Pro-TGG-1-1 upstream edit CRISPR,unknown,False,False,,,,
858c50c7,4,RNA-seq,947526,Human induced pluripotent stem cell,MAF1 KD CRISPRi,unknown,False,False,,,,
2e24513b,4,RNA-seq,947526,Human neural progenitor,Pro-TGG-1-1 edit CRISPR,unknown,False,False,,,,
5ff20c16,4,RNA-seq,947526,Human induced pluripotent stem cell,Pro-TGG-1-1 edit CRISPR,unknown,False,False,,,,
1c5399db,4,Ribo-seq,947525,Human neural progenitor,"100 ug/ml CHX, 100 ug/ml TIG",unknown,False,False,,unknown,,unknown
5c29d5ae,4,Ribo-seq,947525,Human induced pluripotent stem cell,"100 ug/ml CHX, 100 ug/ml TIG",unknown,False,False,,unknown,,unknown
98e5f7fe,4,RNA-seq,940452,unknown,RPFs generated using 700 U RNaseI,unknown,False,False,,,,
84f8a45e,4,RNA-seq,923627,cancer cell line,DMSO,72 hours,False,False,,,,
30c4dbb7,4,RNA-seq,923627,cancer cell line,decitabine,72 hours,False,False,,,,
64ce3f3c,4,RNA-seq,907315,CRC cell,transfected with METTL14 overexpression plasmids,unknown,False,False,,,unknown,
649ed83a,4,RNA-seq,907315,CRC cell,transfected with negative control plasmids,unknown,False,False,,,unknown,
c42c047b,4,RNA-seq,903814,HCT116,SLAM_No_labeling,unknown,False,False,,,unknown,
a5912a99,4,RNA-seq,903814,HCT116,SLAM_labeling_DMSO_8h,unknown,False,False,,,unknown,
048836c3,4,RNA-seq,903814,HCT116,SLAM_labeling_DMSO_0h,unknown,False,False,,,unknown,
aa3509e4,4,RNA-seq,903814,HCT116,SLAM_labeling_DDX3X_Degron_8h,unknown,False,False,,,unknown,
f3882a73,4,RNA-seq,903814,HCT116,SLAM_labeling_DDX3X_Degron_0h,unknown,False,False,,,unknown,
26ad7219,4,RNA-seq,896508,CAL51,unknown,unknown,False,False,,,unknown,
a3b42ac4,4,RNA-seq,870739,mouse embryonic fibroblasts,wortm,unknown,False,False,,,unknown,
8369272a,4,RNA-seq,870739,mouse embryonic fibroblasts,control,unknown,False,False,,,unknown,
6e2bb2db,4,RNA-seq,862448,Non-small cell lung cancer,500nM Decitabine + 500nM SB939,unknown,False,False,,,unknown,
45be202d,4,RNA-seq,852784,MLL-rearranged leukemia,Treated with 100 nM C16,unknown,False,False,,,unknown,
f1dc6432,4,RNA-seq,844063,in cells,Standard diet,unknown,False,False,,,unknown,
fa6dfafb,4,RNA-seq,844063,in cells,Leucine deficient diet,unknown,False,False,,,unknown,
8345f410,4,RNA-seq,842067,S2,unknown,unknown,False,False,,,unknown,
d87a4191,4,RNA-seq,839354,competent cells,Glucose starvation,unknown,False,False,,,unknown,
3d3c13ca,4,RNA-seq,839354,competent cells,none,unknown,False,False,,,unknown,
f9bf3379,4,RNA-seq,839354,competent cells,ANS,unknown,False,False,,,unknown,
ef46c002,4,"Ribo-seq,RNA-seq",801861,HeLa,knock-out the ALKBH3 by CRISPS CAS10,unknown,True,False,,,unknown,
ffb45111,4,"Ribo-seq,RNA-seq",801861,HeLa,knock-out the ALKBH3 by CRISPS CAS9,unknown,True,False,,,unknown,
b226df39,4,RNA-seq,795419,tumor cell line,U1 AMO,unknown,False,False,,,unknown,
3697c7dd,4,RNA-seq,795419,tumor cell line,control AMO,unknown,False,False,,,unknown,
54c1d3dd,4,RNA-seq,794163,Hepatocellular carcinoma,unknown,unknown,False,False,,,,
94898704,4,RNA-seq,789542,Liver - whole organ,suppressor tRNA administered,unknown,False,False,,,unknown,
cb8d4152,4,RNA-seq,789542,Lung - whole organ,suppressor tRNA administered,unknown,False,False,,,unknown,
30a7585e,4,Ribo-seq,780148,epithelial cell,unknown,unknown,False,False,,unknown,unknown,unknown
ca43b540,4,RNA-seq,770962,cancer cell,treated with DNMDP for 18 hours,unknown,False,False,,,unknown,
c033d81d,4,RNA-seq,770962,cancer cell,treated with DMSO for 18 hours,unknown,False,False,,,unknown,
1c267486,4,"Ribo-seq,RNA-seq",770675,the cells,NA,unknown,True,False,,unknown,unknown,unknown
6b20ca07,4,"Ribo-seq,RNA-seq",770675,the cells,10 mg/ml KSG for 2.5 min,unknown,True,False,,,unknown,
62b7ffc6,4,"Ribo-seq,RNA-seq",770675,the cells,1 mg/ml KSG for 2.5 min,unknown,True,False,,,unknown,
52a8be09,4,RNA-seq,770523,patient-derived differentiated glioma cell,unknown,unknown,False,False,,,unknown,
50bcd360,4,RNA-seq,748842,tumour infiltrating CD3 T cells,unknown,unknown,False,False,,,unknown,
fea389be,4,RNA-seq,748710,K562 cell line,ActD 8hr,unknown,False,False,,,unknown,
04570947,4,RNA-seq,748710,K562 cell line,ActD 6hr,unknown,False,False,,,unknown,
30049913,4,RNA-seq,748710,K562 cell line,ActD 3hr,unknown,False,False,,,unknown,
4ec1205f,4,RNA-seq,748710,cord blood CD34+ derived erythroid cells,molnc301b_del overexpression,unknown,False,False,,,unknown,
2132ba17,4,RNA-seq,748710,cord blood CD34+ derived erythroid cells,molnc301b_m2 overexpression,unknown,False,False,,,unknown,
fd682099,4,RNA-seq,748710,cord blood CD34+ derived erythroid cells,molnc301b_m1 overexpression,unknown,False,False,,,unknown,
8d35abf5,4,RNA-seq,748710,cord blood CD34+ derived erythroid cells,molnc301b_wt overexpression,unknown,False,False,,,unknown,
de29b75a,4,RNA-seq,748710,K562 cell line,sh-control vector,unknown,False,False,,,unknown,
8a913251,4,RNA-seq,738263,two cell,T24-V2,unknown,False,False,,,,
3c3e6171,4,RNA-seq,738263,two cell,T24-KO-M1,unknown,False,False,,,,
6a3a864d,4,RNA-seq,722238,HNSCC cells,"To immobilize initiating ribosomes, harringtonine was added to cell culture medium to a final concentration of 2 µg/ml. Cells were Incubated for 120 s with harringtonine in the incubator. Next, to block translational elongation, cycloheximide was added to cell culture medium to a final concentration of 100 µg/ml. Cells were mixed well and proceeded immediately to cell lysis.",unknown,False,False,,,unknown,
b93b6805,4,Ribo-seq,717063,esophageal squamous cell carcinoma cell line,harringtonine; cycloheximide,unknown,False,False,,unknown,unknown,unknown
d0df849e,4,RNA-seq,717063,esophageal squamous cell carcinoma cell line,polyribosome-bound-mRNAs isolated,unknown,False,False,,,unknown,
1793e8a6,4,RNA-seq,713923,cardiomyocyte,untreated,unknown,False,False,,,unknown,
d7a69d35,4,RNA-seq,713923,cardiomyocyte,treated with PE for 24 hours,unknown,False,False,,,unknown,
0ae29cfd,4,RNA-seq,702160,HEK293,erythromycin,unknown,False,False,,,unknown,
db6fa0cd,4,RNA-seq,702160,HEK293,no erythromycin,unknown,False,False,,,unknown,
e1bbe647,4,RNA-seq,701625,HD cells,unknown,unknown,False,False,,,unknown,
b0459c62,4,RNA-seq,701625,HD cells,control,unknown,False,False,,,unknown,
7da3a2bb,4,Ribo-seq,700841,S2 cells,high ionic lysis buffer,unknown,False,False,,unknown,unknown,unknown
ec58d428,4,Ribo-seq,656190,Mutiple Myeloma,unknown,unknown,False,False,,unknown,unknown,unknown
53d47846,4,RNA-seq,655955,ventricular cardiomyocytes,untreated,unknown,False,False,,,unknown,
f1bbe011,4,RNA-seq,655955,ventricular cardiomyocytes,treated with PE for 24 hours,unknown,False,False,,,unknown,
e3f0c97f,4,RNA-seq,647327,unknown,12 hours ethylene treatment,12 h,False,False,,,,
f4a32242,4,RNA-seq,641624,HEK293T,treated with PRMT4 inhibitor,unknown,False,False,,,unknown,
2d607a9e,4,RNA-seq,641624,HEK293T,treated with PRMT1 inhibitor,unknown,False,False,,,unknown,
423e62cc,4,RNA-seq,641624,HEK293T,treated with DMSO,unknown,False,False,,,unknown,
6aef9fd6,4,RNA-seq,600267,HEK 293T,13 h CHIKV infection,unknown,False,False,,,4,
6cbcc74b,4,RNA-seq,517458,HepG2,500 ng/mL ADR for 24 h,unknown,False,False,,,unknown,
e79da736,4,RNA-seq,515538,Human Chronic Myelogenous Leukemia,Harringtonine,unknown,False,False,,,unknown,
cd63743c,4,RNA-seq,515538,Human Cervix Adenocarcinoma,Lactimidomycin,unknown,False,False,,,unknown,
b952c0f6,4,RNA-seq,515538,Human Cervix Adenocarcinoma,Harringtonine,unknown,False,False,,,unknown,
9eb04903,4,RNA-seq,515538,Human Embryonic Kidney,Lactimidomycin,unknown,False,False,,,unknown,
f6bc6c9c,4,RNA-seq,503765,unknown,Retapamulin,unknown,False,False,,,unknown,
3f11dfb4,4,RNA-seq,503765,unknown,none (untreated),unknown,False,False,,,unknown,
d2e29e78,4,RNA-seq,490682,unknown,unknown,24 h,False,False,,,unknown,
9be57e6f,4,RNA-seq,490682,unknown,unknown,5 min,False,False,,,unknown,
11a12d2b,4,Ribo-seq,477865,unknown,RNA against unc-54 (BMP4),unknown,False,False,,unknown,unknown,unknown
45c287cf,4,Ribo-seq,477865,unknown,RNA against unc-54 (BMP5),unknown,False,False,,unknown,unknown,unknown
f662c76d,4,RNA-seq,470579,stem cell,143-3p miRNA methyl RNA control total,unknown,False,False,,,unknown,
a121f1ba,4,RNA-seq,470579,stem cell,143-3p miRNA methyl RNA IP,unknown,False,False,,,unknown,
be139a6e,4,RNA-seq,470579,stem cell,129-5p miRNA methyl RNA IP,unknown,False,False,,,unknown,
146ac77c,4,RNA-seq,470579,stem cell,Mock miRNA methyl RNA IP,unknown,False,False,,,unknown,
21bfd921,4,RNA-seq,438445,MCF-7,unknown,unknown,False,False,,,unknown,
a53681ca,4,RNA-seq,403993,Fetus derived cell line from female human embryonic kidney,DMSO for 1.5h,unknown,False,False,,,unknown,
db871045,4,RNA-seq,403993,Fetus derived cell line from female human embryonic kidney,DMSO for 1.5hr,unknown,False,False,,,unknown,
6363c27b,4,RNA-seq,397035,we applied Ribo-seq to 14-day-old rice (Oryza sativa) shoot tissue,Heat,unknown,False,False,,,unknown,
2f235cad,4,RNA-seq,397035,we applied Ribo-seq to 14-day-old rice (Oryza sativa) shoot tissue,Control,unknown,False,False,,,unknown,
02ad914e,4,RNA-seq,379448,MCF7,Nutlin3a,unknown,False,False,,,unknown,
567685c1,4,RNA-seq,379447,H1933,control,unknown,False,False,,,unknown,
c44e9019,4,RNA-seq,379447,PC9,control,unknown,False,False,,,unknown,
74e40ffe,4,RNA-seq,278390,U2OS,Myc activation + Torin-1,unknown,False,False,,,unknown,
7f9f9bb6,4,RNA-seq,278390,U2OS,Torin-1,unknown,False,False,,,unknown,
e2848ce4,4,Ribo-seq,262909,Embroid bodies,unknown,unknown,False,False,,unknown,unknown,unknown
ef1e04fc,4,RNA-seq,230612,WI-38,unknown,unknown,False,False,,,unknown,
b775e292,4,RNA-seq,196335,BJ cells,"Nutlin-3a, 19h",19 h,False,False,,,unknown,
6abf9d32,4,RNA-seq,196335,BJ cells,"Nutlin-3a, 6h",6 h,False,False,,,unknown,
ac70a496,4,RNA-seq,196335,BJ cells,"Nutlin-3a, 4h",4 h,False,False,,,unknown,
80eb2898,4,RNA-seq,196335,BJ cells,"Nutlin-3a, 2h",2 h,False,False,,,unknown,
342532be,4,RNA-seq,196335,BJ cells,Control sample,unknown,False,False,,,unknown,
c774d385,4,RNA-seq,182756,BJ cells,Transformed cells (induced by RASG12V in the background of stable p53 and p16INK4A kds),unknown,False,False,,,unknown,
ec2129fd,4,RNA-seq,182756,BJ cells,Senescence; 14 dys after RASG12V induction,unknown,False,False,,,unknown,
46826f87,3,RNA-seq,"1124388,517458,391171",HepG2 cells,unknown,unknown,False,True,,,unknown,
ac352214,3,RNA-seq,"1071174,1069987,1071172",All cell,unknown,unknown,False,True,,,unknown,
a9cc2914,3,RNA-seq,"990710,898352,774895",Cancer cells,unknown,unknown,False,True,,,unknown,
ec7f9d55,3,RNA-seq,"648998,718868",mESCs,"ActD, 6h",unknown,False,True,,,unknown,
4aecdaab,3,RNA-seq,"648998,718868",mESCs,"ActD, 4h",unknown,False,True,,,unknown,
28981d8a,3,RNA-seq,"648998,718868",mESCs,"ActD, 2h",unknown,False,True,,,unknown,
9c395234,3,RNA-seq,"648998,718868",mESCs,untreated,unknown,False,True,,,unknown,
93b68105,3,CAGE,701951,controlling cell,unknown,unknown,False,False,unknown,,unknown,
05f2761d,3,RNA-seq,"649002,649003,649001",7 cells,48h post blood-meal,unknown,False,True,,,,
102fb8ab,3,RNA-seq,"649001,648998",RAW264.7,"ActD, 6h",unknown,False,True,,,unknown,
78654223,3,RNA-seq,"649001,648998",RAW264.7,"ActD, 4h",unknown,False,True,,,unknown,
be935ba0,3,RNA-seq,"649001,648998",RAW264.7,"ActD, 2h",unknown,False,True,,,unknown,
aa83b53d,3,RNA-seq,321057,induced cell,unknown,unknown,False,False,,,unknown,
15b63f8f,2,RNA-seq,1295776,fungal cell,"thiolutin,nc,wt,60-3",unknown,False,False,,,unknown,
bc4ac066,2,RNA-seq,1295776,fungal cell,"thiolutin,nc,wt,60-2",unknown,False,False,,,unknown,
8f846f6d,2,RNA-seq,1295776,fungal cell,"thiolutin,nc,wt,60-1",unknown,False,False,,,unknown,
5b2f50d2,2,RNA-seq,1295776,fungal cell,"thiolutin,nc,wt,40-3",unknown,False,False,,,unknown,
7443dc21,2,RNA-seq,1295776,fungal cell,"thiolutin,nc,wt,40-2",unknown,False,False,,,unknown,
aacfe7ee,2,RNA-seq,1295776,fungal cell,"thiolutin,nc,wt,40-1",unknown,False,False,,,unknown,
92730228,2,RNA-seq,1295776,fungal cell,"thiolutin,nc,wt,20-3",unknown,False,False,,,unknown,
68c4e358,2,RNA-seq,1295776,fungal cell,"thiolutin,nc,wt,20-2",unknown,False,False,,,unknown,
5475cf4a,2,RNA-seq,1295776,fungal cell,"thiolutin,nc,wt,20-1",unknown,False,False,,,unknown,
5f3d7185,2,RNA-seq,1295776,fungal cell,"thiolutin,nc,wt,10-3",unknown,False,False,,,unknown,
29771b42,2,RNA-seq,1295776,fungal cell,"thiolutin,nc,wt,10-2",unknown,False,False,,,unknown,
2ea5deb2,2,RNA-seq,1295776,fungal cell,"thiolutin,nc,wt,10-1",unknown,False,False,,,unknown,
561a2d60,2,RNA-seq,1295776,fungal cell,"thiolutin,nc,wt,0-3",unknown,False,False,,,unknown,
ae9a5ae9,2,RNA-seq,1295776,fungal cell,"thiolutin,nc,wt,0-2",unknown,False,False,,,unknown,
f03d97df,2,RNA-seq,1295776,fungal cell,"thiolutin,nc,wt,0-1",unknown,False,False,,,unknown,
93656aae,2,RNA-seq,1295776,Cancer cell,"Ribo,hct116,erf1,3",unknown,False,False,,,unknown,
ea5a6268,2,RNA-seq,1295776,Cancer cell,"Ribo,hct116,erf1,2",unknown,False,False,,,unknown,
b9cf714e,2,RNA-seq,1295776,Cancer cell,"Ribo,hct116,erf1,1",unknown,False,False,,,unknown,
65db37fc,2,RNA-seq,1295776,Cancer cell,"Ribo,hct116,wt,3",unknown,False,False,,,unknown,
9896bf5e,2,RNA-seq,1295776,Cancer cell,"Ribo,hct116,wt,2",unknown,False,False,,,unknown,
d2560a7c,2,RNA-seq,1295776,Cancer cell,"Ribo,hct116,wt,1",unknown,False,False,,,unknown,
3cc6f3e3,2,RNA-seq,1295776,Cancer cell,"HCT116,WT,6-2",unknown,False,False,,,unknown,
5fb9347d,2,RNA-seq,1295776,Cancer cell,"HCT116,WT,6-1",unknown,False,False,,,unknown,
9e75ae63,2,RNA-seq,1295776,Cancer cell,"HCT116,WT,4-3",unknown,False,False,,,unknown,
d0e70efe,2,RNA-seq,1295776,Cancer cell,"HCT116,WT,4-2",unknown,False,False,,,unknown,
bbccad5e,2,RNA-seq,1295776,Cancer cell,"HCT116,WT,4-1",unknown,False,False,,,unknown,
e1d89786,2,RNA-seq,1295776,Cancer cell,"HCT116,WT,2-2",unknown,False,False,,,unknown,
11ecb0c2,2,RNA-seq,1295776,Cancer cell,"HCT116,WT,2-1",unknown,False,False,,,unknown,
ff743355,2,RNA-seq,1295776,Cancer cell,"HCT116,WT,0-3",unknown,False,False,,,unknown,
c8cf92fb,2,RNA-seq,1295776,Cancer cell,"HCT116,WT,0-2",unknown,False,False,,,unknown,
667d1388,2,RNA-seq,1295776,Cancer cell,"HCT116,WT,0-1",unknown,False,False,,,unknown,
2ce59724,2,RNA-seq,1295776,fungal cell,"NC,UPF1,60-3",unknown,False,False,,,unknown,
1f30bbcc,2,RNA-seq,1295776,fungal cell,"NC,UPF1,60-2",unknown,False,False,,,unknown,
73db625a,2,RNA-seq,1295776,fungal cell,"NC,UPF1,60-1",unknown,False,False,,,unknown,
450a917a,2,RNA-seq,1295776,fungal cell,"NC,UPF1,40-3",unknown,False,False,,,unknown,
fd785c28,2,RNA-seq,1295776,fungal cell,"NC,UPF1,40-2",unknown,False,False,,,unknown,
1d2fcfd2,2,RNA-seq,1295776,fungal cell,"NC,UPF1,40-1",unknown,False,False,,,unknown,
3683a6f7,2,RNA-seq,1295776,fungal cell,"NC,UPF1,20-3",unknown,False,False,,,unknown,
4613f420,2,RNA-seq,1295776,fungal cell,"NC,UPF1,20-2",unknown,False,False,,,unknown,
ac2146ea,2,RNA-seq,1295776,fungal cell,"NC,UPF1,20-1",unknown,False,False,,,unknown,
6b46f268,2,RNA-seq,1295776,fungal cell,"NC,UPF1,10-3",unknown,False,False,,,unknown,
219f275e,2,RNA-seq,1295776,fungal cell,"NC,UPF1,10-2",unknown,False,False,,,unknown,
5112a217,2,RNA-seq,1295776,fungal cell,"NC,UPF1,10-1",unknown,False,False,,,unknown,
5f98e698,2,RNA-seq,1295776,fungal cell,"NC,UPF1,0-3",unknown,False,False,,,unknown,
3ca51aa0,2,RNA-seq,1295776,fungal cell,"NC,UPF1,0-2",unknown,False,False,,,unknown,
e5471963,2,RNA-seq,1295776,fungal cell,"NC,UPF1,0-1",unknown,False,False,,,unknown,
2ce6bf30,2,RNA-seq,1295776,fungal cell,"NC,WT,60-3",unknown,False,False,,,unknown,
b66886ac,2,RNA-seq,1295776,fungal cell,"NC,WT,60-2",unknown,False,False,,,unknown,
b8db4793,2,RNA-seq,1295776,fungal cell,"NC,WT,60-1",unknown,False,False,,,unknown,
efdec86b,2,RNA-seq,1295776,fungal cell,"NC,WT,40-3",unknown,False,False,,,unknown,
b335114c,2,RNA-seq,1295776,fungal cell,"NC,WT,40-2",unknown,False,False,,,unknown,
a7058aa7,2,RNA-seq,1295776,fungal cell,"NC,WT,40-1",unknown,False,False,,,unknown,
31ebafb6,2,RNA-seq,1295776,fungal cell,"NC,WT,20-3",unknown,False,False,,,unknown,
118fec3b,2,RNA-seq,1295776,fungal cell,"NC,WT,20-2",unknown,False,False,,,unknown,
bc1b50ae,2,RNA-seq,1295776,fungal cell,"NC,WT,20-1",unknown,False,False,,,unknown,
5c0caa63,2,RNA-seq,1295776,fungal cell,"NC,WT,10-3",unknown,False,False,,,unknown,
5fe0b54c,2,RNA-seq,1295776,fungal cell,"NC,WT,10-2",unknown,False,False,,,unknown,
5287053b,2,RNA-seq,1295776,fungal cell,"NC,WT,10-1",unknown,False,False,,,unknown,
493f8cd5,2,RNA-seq,1295776,fungal cell,"NC,WT,0-3",unknown,False,False,,,unknown,
3cd6b48c,2,RNA-seq,1295776,fungal cell,"NC,WT,0-2",unknown,False,False,,,unknown,
f74c07a6,2,RNA-seq,1295776,fungal cell,"NC,WT,0-1",unknown,False,False,,,unknown,
73ae5c84,2,RNA-seq,"1263618,1263619",assisted cell,unknown,unknown,False,True,,,unknown,
d070e1e6,2,RNA-seq,"1099202,1250600",MM cells,unknown,unknown,False,True,,,unknown,
f0589284,2,Ribo-seq,1191647,unknown,ethylene_3,unknown,False,False,,unknown,unknown,unknown
79af9221,2,Ribo-seq,1191647,unknown,ethylene_2,unknown,False,False,,unknown,unknown,unknown
22666900,2,Ribo-seq,1191647,unknown,ethylene_1,unknown,False,False,,unknown,unknown,unknown
d2c2e26b,2,RNA-seq,"770962,1187475",cancer cell,unknown,unknown,False,True,,,unknown,
389125b0,2,RNA-seq,"1173087,1113597",,unknown,unknown,False,True,,,unknown,
bbcc41cb,2,RNA-seq,"1160843,445733",293 cells,unknown,unknown,False,True,,,unknown,
56740443,2,RNA-seq,1136820,HEK293T human embryonic kidny cells; A549 lung carcinoma cells,unknown,unknown,False,False,,,unknown,
93bf06ac,2,RNA-seq,"1129072,669814",blood cells,unknown,unknown,False,True,,,unknown,
c5488cbe,2,RNA-seq,"1083527,944112",1 cells,unknown,unknown,False,True,,,unknown,
fe6484b8,2,RNA-seq,1075071,Human embryonic kidney,HEK293T cells were plated in 15 cm dishes and co-transfected with pCMV-Nes--chPylRSIPYE (TetRS)TetRS-12*(U6-CM15CGA) with pEGFP-mCherry-T2A-EGFP-151TCG in the presence of TetBu.,unknown,False,False,,,unknown,
06c46edd,2,RNA-seq,1075071,Human embryonic kidney,HEK293T cells were plated in 15 cm dishes and co-transfected with pCMV-Nes--chPylRSIPYE (TetRS)TetRS-12*(U6-CM15CGA) with without pEGFP-mCherry-T2A-EGFP-151TCG in the presence of TetBu.,unknown,False,False,,,unknown,
9fb32d12,2,RNA-seq,"1028977,1028978",HEK293T cell,unknown,unknown,False,True,,,unknown,
928962cd,2,RNA-seq,1011928,cardiomyocyte,COX8-AGO2,unknown,False,False,,,unknown,
84722a38,2,RNA-seq,1011928,cardiomyocyte,GFP,unknown,False,False,,,unknown,
3247b478,2,RNA-seq,978085,NA,plusDM_minusIO4,unknown,False,False,,,unknown,
ae7c0ab5,2,RNA-seq,978085,NA,plusDM_plusIO4,unknown,False,False,,,unknown,
9f369520,2,RNA-seq,978085,NA,minusDM_minusIO4,unknown,False,False,,,unknown,
12c517d5,2,RNA-seq,978085,NA,minusDM_plusIO4,unknown,False,False,,,unknown,
510fb3ee,2,RNA-seq,"978024,978023",HKCI2 cell,unknown,unknown,False,True,,,unknown,
3cb56511,2,RNA-seq,951361,oocytes,anti-ac4C,unknown,False,False,,,unknown,
556292c5,2,RNA-seq,951361,oocytes,anti-IgG,unknown,False,False,,,unknown,
bf81508b,2,Ribo-seq,947525,Human induced pluripotent stem cell,100 ug/ml CHX,unknown,False,False,,unknown,1,unknown
a974a1c6,2,RNA-seq,940452,unknown,RPFs with rRNA depletion,unknown,False,False,,,unknown,
72b75c8e,2,RNA-seq,940452,unknown,RPFs without rRNA depletion,unknown,False,False,,,unknown,
306cc601,2,RNA-seq,940452,unknown,RPFs treated with rRNA depletion version 2,unknown,False,False,,,unknown,
1f38be43,2,RNA-seq,940452,unknown,RPFs treated with rRNA depletion version 1,unknown,False,False,,,unknown,
f11cee0d,2,RNA-seq,940452,unknown,RPFs generated using 550 U RNaseI,unknown,False,False,,,unknown,
30b0382d,2,RNA-seq,940452,unknown,RPFs generated using 400 U RNaseI,unknown,False,False,,,unknown,
e17d0429,2,RNA-seq,940452,unknown,RPFs generated using 250 U RNaseI,unknown,False,False,,,unknown,
19ccab0d,2,RNA-seq,940452,unknown,RPFs generated using 125 U RNaseI,unknown,False,False,,,unknown,
30760419,2,RNA-seq,940452,unknown,RPFs generated using 62.5 U RNaseI,unknown,False,False,,,unknown,
1b5dc757,2,RNA-seq,940452,unknown,RPFs generated using 300 U MNase,unknown,False,False,,,unknown,
846e6b45,2,RNA-seq,940452,unknown,RPFs generated using 150 U MNase,unknown,False,False,,,unknown,
eee8e2ac,2,RNA-seq,940452,unknown,RPFs generated using 75 U MNase,unknown,False,False,,,unknown,
9c17214b,2,RNA-seq,"926487,926112",knockout cells,unknown,unknown,False,True,,,unknown,
de8f0fad,2,RNA-seq,923627,cancer cell line,NA,72 hours,False,False,,,unknown,
8899b296,2,RNA-seq,913568,HepG2,HepG2 RNA-seq TIAR knockdown,unknown,False,False,,,unknown,
560a8b8f,2,RNA-seq,913568,HepG2,HepG2 RNA-seq control,unknown,False,False,,,unknown,
5d11f693,2,Ribo-seq,913568,HepG2,HepG2 Ribo-seq TIAR knockdown,unknown,False,False,,unknown,unknown,unknown
85fcb63b,2,Ribo-seq,913568,HepG2,HepG2 Ribo-seq control,unknown,False,False,,unknown,unknown,unknown
ab0544fe,2,Ribo-seq,906650,or cell,uORF_Mut,unknown,False,False,,unknown,unknown,unknown
7d842228,2,Ribo-seq,906650,or cell,WT,unknown,False,False,,unknown,unknown,unknown
25467f2a,2,Ribo-seq,906650,or cell,uORF_Type2_IP,unknown,False,False,,unknown,unknown,unknown
6add2d14,2,Ribo-seq,906650,or cell,uORF_Type1_IP,unknown,False,False,,unknown,unknown,unknown
3c69d7c2,2,Ribo-seq,906650,or cell,uORF_free_IP,unknown,False,False,,unknown,unknown,unknown
6dec2299,2,Ribo-seq,906650,or cell,uORF_Type2_Total,unknown,False,False,,unknown,unknown,unknown
48952b20,2,Ribo-seq,906650,or cell,uORF_Type1_Total,unknown,False,False,,unknown,unknown,unknown
bc0f2941,2,Ribo-seq,906650,or cell,uORF_free_Total,unknown,False,False,,unknown,unknown,unknown
6230ab97,2,RNA-seq,895374,HEK293 EBNA,untreated,unknown,False,False,,,unknown,
5a047219,2,RNA-seq,862448,Non-small cell lung cancer,DMSO,unknown,False,False,,,unknown,
e5ab2e21,2,RNA-seq,862448,Non-small cell lung cancer,DMSO,96 h,False,False,,,unknown,
8fe31a6a,2,RNA-seq,852547,unknown,In-vitro-SHAPE-MaP-DMSO-replicate3,unknown,False,False,,,unknown,
ccf7978e,2,RNA-seq,852547,unknown,In-vitro-SHAPE-MaP-DMSO-replicate2,unknown,False,False,,,unknown,
cc9edff2,2,RNA-seq,852547,unknown,In-vitro-SHAPE-MaP-DMSO-replicate1,unknown,False,False,,,unknown,
c9cbdb3e,2,RNA-seq,852547,unknown,In-vitro-SHAPE-MaP-NAI-replicate3,unknown,False,False,,,unknown,
49719f4f,2,RNA-seq,852547,unknown,In-vitro-SHAPE-MaP-NAI-replicate2,unknown,False,False,,,unknown,
0e461256,2,RNA-seq,852547,unknown,In-vitro-SHAPE-MaP-NAI-replicate1,unknown,False,False,,,unknown,
bb01fe49,2,RNA-seq,852547,unknown,RNA-sequencing-elf18-replicate3,unknown,False,False,,,unknown,
a130d2d3,2,RNA-seq,852547,unknown,RNA-sequencing-elf18-replicate2,unknown,False,False,,,unknown,
44c3889a,2,RNA-seq,852547,unknown,RNA-sequencing-elf18-replicate1,unknown,False,False,,,unknown,
85bb67e7,2,RNA-seq,852547,unknown,RNA-sequencing-mock-replicate3,unknown,False,False,,,unknown,
90bee03e,2,RNA-seq,852547,unknown,RNA-sequencing-mock-replicate2,unknown,False,False,,,unknown,
50019603,2,RNA-seq,852547,unknown,RNA-sequencing-mock-replicate1,unknown,False,False,,,unknown,
064bced2,2,RNA-seq,852547,unknown,SHAPE-MaP-Mock-NAI-replicate3,unknown,False,False,,,unknown,
d1e13b59,2,RNA-seq,852547,unknown,SHAPE-MaP-Mock-NAI-replicate4,unknown,False,False,,,unknown,
93f6af71,2,RNA-seq,852547,unknown,Ribosome-sequencing-elf18-replicate1,unknown,False,False,,,unknown,
e4d598cf,2,RNA-seq,852547,unknown,Ribosome-sequencing-elf18-replicate2,unknown,False,False,,,unknown,
4faf04b2,2,RNA-seq,852547,unknown,Ribosome-sequencing-elf18-replicate3,unknown,False,False,,,unknown,
9e809628,2,RNA-seq,852547,unknown,SHAPE-MaP-Mock-DMSO-replicate3,unknown,False,False,,,unknown,
bba127d5,2,RNA-seq,852547,unknown,SHAPE-MaP-Mock-DMSO-replicate2,unknown,False,False,,,unknown,
583388f5,2,RNA-seq,852547,unknown,SHAPE-MaP-Mock-DMSO-replicate1,unknown,False,False,,,unknown,
a0400bb6,2,RNA-seq,852547,unknown,SHAPE-MaP-elf18-NAI-replicate4,unknown,False,False,,,unknown,
c0835b99,2,RNA-seq,852547,unknown,SHAPE-MaP-elf18-NAI-replicate3,unknown,False,False,,,unknown,
ca19627f,2,RNA-seq,852547,unknown,SHAPE-MaP-elf18-NAI-replicate2,unknown,False,False,,,unknown,
a07e9fd1,2,RNA-seq,852547,unknown,SHAPE-MaP-elf18-NAI-replicate1,unknown,False,False,,,unknown,
827026bd,2,RNA-seq,852547,unknown,Ribosome-sequencing-mock-replicate2,unknown,False,False,,,unknown,
f6867e5b,2,RNA-seq,852547,unknown,SHAPE-MaP-elf18-DMSO-replicate1,unknown,False,False,,,unknown,
33df6cc5,2,RNA-seq,852547,unknown,SHAPE-MaP-elf18-DMSO-replicate2,unknown,False,False,,,unknown,
3812fe99,2,RNA-seq,852547,unknown,SHAPE-MaP-elf18-DMSO-replicate3,unknown,False,False,,,unknown,
466af902,2,RNA-seq,852547,unknown,SHAPE-MaP-elf18-DMSO-replicate4,unknown,False,False,,,unknown,
cd0cfb0b,2,RNA-seq,852547,unknown,Ribosome-sequencing-mock-replicate3,unknown,False,False,,,unknown,
69ae532d,2,RNA-seq,852547,unknown,SHAPE-MaP-Mock-NAI-replicate2,unknown,False,False,,,unknown,
76ed177a,2,RNA-seq,852547,unknown,SHAPE-MaP-Mock-NAI-replicate1,unknown,False,False,,,unknown,
e5f1fd7f,2,RNA-seq,852547,unknown,SHAPE-MaP-Mock-DMSO-replicate4,unknown,False,False,,,unknown,
fcf74651,2,RNA-seq,852547,unknown,Ribosome-sequencing-mock-replicate1,unknown,False,False,,,unknown,
6b604583,2,RNA-seq,"656190,848829",myeloma cells,unknown,unknown,False,True,,,unknown,
807787de,2,RNA-seq,842067,S2,control,unknown,False,False,,,unknown,
90eae491,2,RNA-seq,839354,competent cells,Control - Mock,unknown,False,False,,,unknown,
130971f8,2,RNA-seq,839354,competent cells,Glucose starvation - Mock,unknown,False,False,,,unknown,
3023020b,2,RNA-seq,839354,competent cells,Control - CHX,unknown,False,False,,,unknown,
f79f6af8,2,RNA-seq,839354,competent cells,Glucose starvation + CHX,unknown,False,False,,,unknown,
b7d4334e,2,RNA-seq,789542,Liver - whole organ,Untreated,unknown,False,False,,,unknown,
dd4cf0d8,2,RNA-seq,789542,Lung - whole organ,Untreated,unknown,False,False,,,unknown,
94d5aa46,2,RNA-seq,789542,immortalized bronchial epithelial cells,suppressor tRNA contransfected,unknown,False,False,,,unknown,
0273c92c,2,RNA-seq,789542,immortalized bronchial epithelial cells,Untreated,unknown,False,False,,,unknown,
a77e4441,2,RNA-seq,"789173,484185",living cells,unknown,unknown,False,True,,,unknown,
10bdb8d8,2,RNA-seq,"395723,750456",eukaryotic cells,unknown,unknown,False,True,,,unknown,
abdd4e9b,2,RNA-seq,"641624,740301",a cell,unknown,unknown,False,True,,,unknown,
6b9361e8,2,RNA-seq,738263,two cell,T24-KO-M1-plex-M1,unknown,False,False,,,biological replicate 1,
d5049e54,2,RNA-seq,738263,two cell,T24-KO-M1-plex,unknown,False,False,,,biological replicate 1,
0cb14a90,2,RNA-seq,649449,unknown,OkacidAcid,unknown,False,False,,,1,
e9b88c5b,2,RNA-seq,649449,unknown,Eif4EIP,unknown,False,False,,,1,
0b69d1b1,2,RNA-seq,649449,unknown,RIP_Unligated,unknown,False,False,,,1,
05d430a8,2,RNA-seq,649449,unknown,RIP_Ligated,unknown,False,False,,,1,
e35d0ada,2,RNA-seq,649449,unknown,Ribozero,unknown,False,False,,,1,
c3b103fe,2,RNA-seq,630973,bacterial cells,Control (untreated) + puromycin in lysate,unknown,False,False,,,unknown,
bdf7e3fb,2,RNA-seq,630973,bacterial cells,Apidaecin + puromycin in lysate,unknown,False,False,,,unknown,
2843d834,2,RNA-seq,622261,PLC stem cells,AlkB demethylation,unknown,False,False,,,unknown,
e410e277,2,RNA-seq,622261,Normal PLC cells,AlkB demethylation,unknown,False,False,,,unknown,
d3e7eb81,2,RNA-seq,604580,Human beta cell line,unknown,unknown,False,False,,,unknown,
782934e7,2,RNA-seq,599422,colorectal carcinoma cell line,-,unknown,False,False,,,unknown,
84ed3f47,2,RNA-seq,599422,colorectal carcinoma cell line,"cycloheximide 10 minutes, 0.1mg/ml",unknown,False,False,,,unknown,
62373bdf,2,RNA-seq,599422,malignant melanoma cell line,-,unknown,False,False,,,unknown,
9552e93f,2,RNA-seq,543399,unknown,TAC surgery 2d,2 d,False,False,,,unknown,
b7ba2c2f,2,RNA-seq,522816,Yeast Homozygous Diploid Collection,Mono-(2-ethylhexyl)-phthalate replicate 1,unknown,False,False,,,unknown,
fc761a1e,2,RNA-seq,522816,Yeast Homozygous Diploid Collection,Mono-(2-ethylhexyl)-phthalate replicate 2,unknown,False,False,,,unknown,
e9c6fc5a,2,RNA-seq,522816,Yeast Homozygous Diploid Collection,DMSO replicate 5,unknown,False,False,,,unknown,
c58f0d40,2,RNA-seq,522816,Yeast Homozygous Diploid Collection,DMSO replicate 6,unknown,False,False,,,unknown,
ad33260e,2,RNA-seq,522816,Yeast Homozygous Diploid Collection,DMSO replicate 3,unknown,False,False,,,unknown,
a387c0f3,2,RNA-seq,522816,Yeast Homozygous Diploid Collection,DMSO replicate 4,unknown,False,False,,,unknown,
ec517109,2,RNA-seq,522816,Yeast Homozygous Diploid Collection,DMSO replicate 1,unknown,False,False,,,unknown,
652f863d,2,RNA-seq,522816,Yeast Homozygous Diploid Collection,DMSO replicate 2,unknown,False,False,,,unknown,
0ca67c69,2,RNA-seq,515538,Human Embryonic Kidney,Harringtonine,unknown,False,False,,,unknown,
9840312e,2,RNA-seq,"509065,509230",colon adenocarcinoma,unknown,unknown,False,True,,,unknown,
cfd6ff6f,2,RNA-seq,"473808,499089",dendritic cell,unknown,unknown,False,True,,,unknown,
0181614c,2,RNA-seq,490682,unknown,unknown,2 h,False,False,,,unknown,
b135ae7e,2,RNA-seq,490682,unknown,unknown,10 min,False,False,,,unknown,
97ace7f9,2,RNA-seq,470579,stem cell,129-5p miRNA methyl RNA control total,unknown,False,False,,,unknown,
d746ed79,2,RNA-seq,470579,stem cell,145-5p miRNA methyl RNA control total,unknown,False,False,,,unknown,
e18d5f9c,2,RNA-seq,470579,stem cell,145-5p miRNA methyl RNA IP,unknown,False,False,,,unknown,
bb1d6d20,2,Ribo-seq,419532,HEK293T-tRNA/pylRS/GFP39UAG,unknown,unknown,False,False,,unknown,unknown,unknown
cc0f0cac,2,RNA-seq,413138,Cystic Fibrosis Bronchial Epithelial (CFBE) cells,unknown,48h after transfection,False,False,,,unknown,
e9533305,2,RNA-seq,"379292,379448",MCF7 cells,unknown,unknown,False,True,,,unknown,
0de23120,2,RNA-seq,"327113,297338",mammalian cell,unknown,unknown,False,True,,,unknown,
b0db0587,2,RNA-seq,295955,S2,AGO2 knockdown and cultured in serum-free medium for 24 hours,unknown,False,False,,,unknown,
c9558fed,2,RNA-seq,295955,S2,AGO2 knockdown,unknown,False,False,,,unknown,
75255e05,2,RNA-seq,230612,WI-38,PDL 15 HuR siRNA,unknown,False,False,,,unknown,
aa8c2ecf,2,RNA-seq,230612,WI-38,PDL 15 AUF1 siRNA,unknown,False,False,,,unknown,
42a01f90,2,RNA-seq,230612,WI-38,PDL 15 Contro siRNA,unknown,False,False,,,unknown,
ae1f268e,2,RNA-seq,230611,HEK293,"p37, p40, p42, p45 overexpresion",unknown,False,False,,,unknown,
d8112527,2,RNA-seq,230611,HEK293,p45 overexpresion,unknown,False,False,,,unknown,
ec0f01fd,2,RNA-seq,230611,HEK293,p42 overexpresion,unknown,False,False,,,unknown,
99c194ab,2,RNA-seq,230611,HEK293,p40 overexpresion,unknown,False,False,,,unknown,
464aada2,2,RNA-seq,230611,HEK293,p37 overexpresion,unknown,False,False,,,unknown,
86072522,2,RNA-seq,230611,HEK293,Empty Vector,unknown,False,False,,,unknown,
8222adf8,2,RNA-seq,230611,HEK293,AUF1 siRNA,unknown,False,False,,,unknown,
e85a8c5b,2,RNA-seq,230611,HEK293,Control siRNA,unknown,False,False,,,unknown,
535438c9,2,Ribo-seq,230610,HeLa,HuR siRNA,unknown,False,False,,unknown,unknown,unknown
1ae5e4f1,2,Ribo-seq,230610,HeLa,AUF1 siRNA,unknown,False,False,,unknown,unknown,unknown
321aac83,2,Ribo-seq,230610,HeLa,Control siRNA,unknown,False,False,,unknown,unknown,unknown
d1c8fe1d,1,RNA-seq,1286308,avian cells,unknown,unknown,False,False,,,unknown,
f7de76cb,1,RNA-seq,1246569,towards cell,unknown,unknown,False,False,,,unknown,
671e9722,1,RNA-seq,1245068,plasma cell,unknown,unknown,False,False,,,unknown,
49419ddb,1,RNA-seq,1230555,erythroleukemia cell line,unknown,unknown,False,False,,,unknown,
1378a0ce,1,RNA-seq,1207466,guard cell,unknown,unknown,False,False,,,unknown,
ba2c9add,1,RNA-seq,1204289,sgMyc cell,unknown,unknown,False,False,,,unknown,
4d870304,1,RNA-seq,1194520,host cells,unknown,unknown,False,False,,,unknown,
8dc9d2b9,1,RNA-seq,1151690,231 cells,unknown,unknown,False,False,,,unknown,
41abcf17,1,RNA-seq,1148496,albicans cells,unknown,unknown,False,False,,,unknown,
a0d0bdbe,1,RNA-seq,1145378,immune cell,unknown,unknown,False,False,,,unknown,
b27c225c,1,RNA-seq,1144916,HCT116 cells,unknown,unknown,False,False,,,unknown,
9cd0f954,1,RNA-seq,1140141,chemoresistant cells,unknown,unknown,False,False,,,unknown,
c93849f1,1,RNA-seq,1136550,knockout cell,unknown,unknown,False,False,,,unknown,
691eaf93,1,RNA-seq,1135124,unknown,2h JQ1 200 nM,2 h,False,False,,,unknown,
79888eb5,1,RNA-seq,1129445,sorted cell,unknown,unknown,False,False,,,unknown,
5d3224a5,1,RNA-seq,1122518,embryonic cell,unknown,unknown,False,False,,,unknown,
22b4da79,1,RNA-seq,1121290,mononuclear cells,unknown,unknown,False,False,,,unknown,
6657b019,1,RNA-seq,1121289,related cell,unknown,unknown,False,False,,,unknown,
ae315f86,1,RNA-seq,1116206,tumor cells,unknown,unknown,False,False,,,unknown,
001e7d04,1,RNA-seq,1109711,K562 cell,unknown,unknown,False,False,,,unknown,
948589da,1,RNA-seq,1104180,undifferentiated cells,unknown,unknown,False,False,,,unknown,
a30a23f5,1,RNA-seq,1098023,unknown,Invitrogen Dynabeads mRNA direct,unknown,False,False,,,unknown,
5b6361ca,1,RNA-seq,1083472,progenitor cell,unknown,unknown,False,False,,,unknown,
2bca24aa,1,RNA-seq,1075071,FACS sorted as Lin-Sca1-ckit+CD150-CD105-CD41-CD16/32-,Cultured for 48h with Doxycycline,unknown,False,False,,,3,
00bd6734,1,RNA-seq,1057253,an immortalized but non-transformed ovarian epithelial cell line,unknown,unknown,False,False,,,unknown,
43077af6,1,RNA-seq,1055925,degron cells,unknown,unknown,False,False,,,unknown,
d20372b7,1,RNA-seq,1051495,We show that NPM1 is dispensable for adult epithelial tissue,unknown,unknown,False,False,,,unknown,
7c2fda3b,1,RNA-seq,1051101,3 cells,unknown,unknown,False,False,,,unknown,
20c40350,1,RNA-seq,1047636,established cell,unknown,unknown,False,False,,,unknown,
fccbb9fe,1,RNA-seq,1047529,LUAD cell,unknown,unknown,False,False,,,unknown,
3a7bfb0b,1,RNA-seq,1047524,CRC cells,unknown,unknown,False,False,,,unknown,
fb242d7b,1,RNA-seq,1046391,monoclonal cell,unknown,unknown,False,False,,,unknown,
9cbaa71b,1,RNA-seq,1045659,for cell,unknown,unknown,False,False,,,unknown,
2fcc0cae,1,RNA-seq,1028618,OVCAR3 cells,unknown,unknown,False,False,,,unknown,
08aa7642,1,RNA-seq,1024513,to cell,unknown,unknown,False,False,,,unknown,
5a8bf7c9,1,RNA-seq,1024503,positive cells,unknown,unknown,False,False,,,unknown,
d1550772,1,RNA-seq,1017530,and cells,unknown,unknown,False,False,,,unknown,
58a4e261,1,RNA-seq,1008741,culturedHuh7 cells,unknown,15 min,False,False,,,unknown,
325a62f6,1,RNA-seq,1001994,5Y cells,unknown,unknown,False,False,,,1,
ffc0b778,1,RNA-seq,978085,affect cell,unknown,unknown,False,False,,,unknown,
fb3b1486,1,RNA-seq,972712,that cells,unknown,unknown,False,False,,,unknown,
db5adce1,1,RNA-seq,958219,modulate cell,unknown,unknown,False,False,,,unknown,
f52b0d5f,1,RNA-seq,957283,BT20 cells,unknown,unknown,False,False,,,unknown,
de87eb70,1,RNA-seq,938481,type cells,unknown,unknown,False,False,,,unknown,
cf9f6002,1,RNA-seq,933910,90 cell,unknown,unknown,False,False,,,unknown,
48b4eb87,1,RNA-seq,933811,K562 cells,unknown,unknown,False,False,,,unknown,
8b83b156,1,RNA-seq,927820,CLL cells,GS9820 treated,unknown,False,False,,,unknown,
462b51ce,1,RNA-seq,926978,hampering development of therapeutic strategies for craniofacial tissue,unknown,unknown,False,False,,,unknown,
0a6faa74,1,RNA-seq,923627,60 cells,unknown,unknown,False,False,,,unknown,
25cc78dd,1,RNA-seq,913568,Acute Lymphoblastic Leukemia,unknown,unknown,False,False,,,unknown,
4d7dcfe9,1,RNA-seq,907315,CRC cells,unknown,9855 d,False,False,,,unknown,
138cdc35,1,RNA-seq,906650,or cell,unknown,unknown,False,False,,,unknown,
ca7f7129,1,RNA-seq,903814,exhibiting cell,unknown,unknown,False,False,,,unknown,
d41b8c20,1,RNA-seq,899535,unknown,Urethane,unknown,False,False,,,unknown,
bf01d0c5,1,RNA-seq,876935,lymphoblastoid cell,unknown,unknown,False,False,,,unknown,
5a2d5bfc,1,RNA-seq,862448,H1299 cells,unknown,unknown,False,False,,,unknown,
00ae6f43,1,RNA-seq,858047,1 cells,anti-CD40/IL4 + KU55933,unknown,False,False,,,3,
6cb9674f,1,RNA-seq,844063,in cells,unknown,unknown,False,False,,,unknown,
c47cc909,1,RNA-seq,809655,Leaf,unknown,unknown,False,False,,,unknown,
0eda1e24,1,RNA-seq,792575,animals were cohoused for 2 weeks then they were either separated or remained paired for either 48 hours or 4 weeks prior to tissue,unknown,unknown,False,False,,,unknown,
de26c4ca,1,RNA-seq,787943,lymphoma cells,unknown,unknown,False,False,,,unknown,
e9f566d0,1,RNA-seq,779461,KI cells,unknown,unknown,False,False,,,unknown,
b57ea41b,1,RNA-seq,779283,MEF cells,unknown,unknown,False,False,,,unknown,
78626197,1,RNA-seq,774057,CD45+HUVEC-rEC-hMPP,unknown,unknown,False,False,,,unknown,
7f88417d,1,RNA-seq,773909,Cells are isolated from the adipose tissue,unknown,unknown,False,False,,,unknown,
b1e8bb17,1,RNA-seq,770523,MGG4 cells,unknown,unknown,False,False,,,unknown,
c9a578fd,1,RNA-seq,753487,13 cells,unknown,unknown,False,False,,,unknown,
953a5354,1,RNA-seq,751389,endothelial cells,unknown,unknown,False,False,,,unknown,
0e43be22,1,RNA-seq,750636,Overall design: High-throughput sequencing of liver tissue,unknown,unknown,False,False,,,unknown,
9ef62881,1,RNA-seq,744888,ES cells,unknown,unknown,False,False,,,unknown,
649a216d,1,RNA-seq,738263,two cell,unknown,unknown,False,False,,,unknown,
6d0f6ed3,1,RNA-seq,725264,whole blood,unknown,unknown,False,False,,,unknown,
83eb3e4a,1,RNA-seq,717060,NPC cell,unknown,unknown,False,False,,,unknown,
91048a50,1,RNA-seq,701625,sebocyte,unknown,unknown,False,False,,,unknown,
cf7fbf3a,1,RNA-seq,701262,blood vessel endothelial cell,unknown,unknown,False,False,,,unknown,
bd8cc464,1,RNA-seq,700841,CELL MIXTURE - tissue sample,unknown,unknown,False,False,,,unknown,
2ed00d9d,1,RNA-seq,672952,Ring1A(-/-);Ring1B(fl/fl);R26::CreERT2 ES cells,unknown,unknown,False,False,,,unknown,
5e1e7961,1,RNA-seq,667952,TtH cell,unknown,unknown,False,False,,,unknown,
0d252036,1,RNA-seq,664109,3T3 cells,unknown,unknown,False,False,,,unknown,
435290c6,1,RNA-seq,661558,permitted cell,unknown,unknown,False,False,,,unknown,
7da6c41d,1,RNA-seq,655955,cardiomyocyte,NaIO4,unknown,False,False,,,unknown,
ddf9d5e7,1,RNA-seq,649776,Huh7 cells,unknown,unknown,False,False,,,unknown,
341b7be7,1,RNA-seq,648998,unknown,not bloodfed,unknown,False,False,,,3,
0aa89739,1,RNA-seq,647736,whole cell,unknown,unknown,False,False,,,unknown,
669e2cef,1,RNA-seq,635830,adenocarcinoma cell,unknown,unknown,False,False,,,unknown,
6cff29f7,1,RNA-seq,630973,bacterial cells,unknown,unknown,False,False,,,unknown,
4cca157d,1,RNA-seq,612239,THP1 cells,unknown,unknown,False,False,,,unknown,
2a41e227,1,RNA-seq,611824,mammary epithelial luminal progenitor cells,unknown,unknown,False,False,,,unknown,
bacb0a3b,1,RNA-seq,599422,221 cells,unknown,unknown,False,False,,,unknown,
30814202,1,RNA-seq,598359,P19 cells,unknown,unknown,False,False,,,unknown,
5155d996,1,RNA-seq,561206,bone marrow-derived dendritic cells,LPS,6 hrs,False,False,,,unknown,
012df4ad,1,RNA-seq,548813,null cells,unknown,unknown,False,False,,,unknown,
a1ba0ffe,1,RNA-seq,545844,iPS Cells,unknown,unknown,False,False,,,unknown,
08e0c0c0,1,RNA-seq,545050,single,unknown,unknown,False,False,,,1,
58a5918f,1,RNA-seq,543873,Human Skeletal Muscle Myoblasts (HSMM),unknown,unknown,False,False,,,unknown,
3e38578a,1,RNA-seq,541924,mES cells,unknown,unknown,False,False,,,unknown,
b803e10e,1,RNA-seq,531262,leukemic cells,unknown,unknown,False,False,,,unknown,
78da4314,1,RNA-seq,529885,NA,unknown,unknown,False,False,,,unknown,
6e73482d,1,RNA-seq,512837,young cells,unknown,unknown,False,False,,,unknown,
e8633aeb,1,RNA-seq,511473,unknown,untreated_soil,unknown,False,False,,,unknown,
690d84cf,1,RNA-seq,511455,transgenic overexpression of HuR in adipose tissue,control,unknown,False,False,,,unknown,
6a66b572,1,RNA-seq,510796,Leaf tissue,unknown,unknown,False,False,,,unknown,
19a15e14,1,RNA-seq,488955,blood cell,unknown,unknown,False,False,,,unknown,
7a511aa9,1,RNA-seq,430558,norvegicus cells,unknown,unknown,False,False,,,unknown,
28a31b60,1,RNA-seq,419532,transgenic cells,unknown,unknown,False,False,,,unknown,
e38f63a3,1,RNA-seq,417116,lymphoid cell,unknown,unknown,False,False,,,unknown,
d906bee5,1,RNA-seq,413138,CFBE cells,unknown,unknown,False,False,,,unknown,
d056239f,1,RNA-seq,403993,whole cells,unknown,unknown,False,False,,,unknown,
217548f8,1,RNA-seq,397035,we applied Ribo-seq to 14-day-old rice (Oryza sativa) shoot tissue,unknown,unknown,False,False,,,unknown,
da4936ba,1,RNA-seq,396456,KD cells,unknown,unknown,False,False,,,unknown,
1595ebab,1,RNA-seq,385767,AML cells,unknown,unknown,False,False,,,unknown,
c4aea183,1,RNA-seq,379447,H1933 cells,unknown,unknown,False,False,,,unknown,
a3498de7,1,RNA-seq,378669,dendritic cells,unknown,unknown,False,False,,,unknown,
f3f99da2,1,RNA-seq,326128,knockdown cells,unknown,unknown,False,False,,,unknown,
016f1aba,1,RNA-seq,262909,KO cell,unknown,unknown,False,False,,,unknown,
af76ff2f,1,RNA-seq,259844,5 cells,unknown,unknown,False,False,,,unknown,
