Run,study_accession
SRR14421803,PRJNA727298
SRR14421804,PRJNA727298
SRR14421805,PRJNA727298
SRR14421806,PRJNA727298
SRR14421807,PRJNA727298
SRR14421808,PRJNA727298
SRR14421809,PRJNA727298
SRR14421810,PRJNA727298
SRR14421811,PRJNA727298
SRR14421812,PRJNA727298
SRR14421813,PRJNA727298
SRR14421814,PRJNA727298
SRR14421815,PRJNA727298
SRR14421816,PRJNA727298
SRR14421817,PRJNA727298
SRR14421818,PRJNA727298
DRR277023,PRJDB11308
DRR277024,PRJDB11308
DRR277025,PRJDB11308
DRR277026,PRJDB11308
DRR277027,PRJDB11308
DRR277028,PRJDB11308
DRR277031,PRJDB11308
DRR277032,PRJDB11308
DRR277035,PRJDB11308
DRR277036,PRJDB11308
DRR277039,PRJDB11308
DRR277040,PRJDB11308
DRR277043,PRJDB11308
DRR277044,PRJDB11308
DRR277047,PRJDB11308
DRR277048,PRJDB11308
DRR277051,PRJDB11308
DRR277052,PRJDB11308
DRR277055,PRJDB11308
DRR277056,PRJDB11308
DRR277059,PRJDB11308
DRR277060,PRJDB11308
DRR277063,PRJDB11308
DRR277064,PRJDB11308
DRR277067,PRJDB11308
DRR277068,PRJDB11308
DRR277071,PRJDB11308
DRR277072,PRJDB11308
DRR277075,PRJDB11308
DRR277076,PRJDB11308
DRR277079,PRJDB11308
DRR277080,PRJDB11308
ERR3403465,PRJEB33244
ERR3403466,PRJEB33244
ERR3403469,PRJEB33244
ERR3403470,PRJEB33244
ERR3403473,PRJEB33244
ERR3403474,PRJEB33244
ERR3403477,PRJEB33244
ERR3403478,PRJEB33244
ERR3403481,PRJEB33244
ERR3403482,PRJEB33244
ERR3403485,PRJEB33244
ERR3403486,PRJEB33244
ERR3403489,PRJEB33244
ERR3403490,PRJEB33244
ERR3403493,PRJEB33244
ERR3403494,PRJEB33244
ERR3403497,PRJEB33244
ERR3403498,PRJEB33244
SRR13762817,PRJNA703954
SRR13762818,PRJNA703954
SRR13762819,PRJNA703954
SRR13762820,PRJNA703954
SRR13762821,PRJNA703954
SRR13762822,PRJNA703954
SRR13762823,PRJNA703954
SRR13762824,PRJNA703954
SRR13762825,PRJNA703954
SRR13762826,PRJNA703954
SRR13762827,PRJNA703954
SRR13762828,PRJNA703954
SRR13762829,PRJNA703954
SRR13762830,PRJNA703954
SRR13762831,PRJNA703954
SRR13762832,PRJNA703954
SRR13762833,PRJNA703954
SRR13762834,PRJNA703954
SRR13762835,PRJNA703954
SRR13762836,PRJNA703954
SRR13762837,PRJNA703954
SRR13762838,PRJNA703954
SRR13762839,PRJNA703954
SRR13762840,PRJNA703954
SRR13723996,PRJNA702160
SRR13723997,PRJNA702160
SRR13723998,PRJNA702160
SRR13723999,PRJNA702160
SRR13165891,PRJNA681523
SRR13165892,PRJNA681523
SRR13165893,PRJNA681523
SRR13165894,PRJNA681523
SRR13165895,PRJNA681523
SRR13165896,PRJNA681523
SRR12993026,PRJNA674837
SRR12993027,PRJNA674837
SRR12993028,PRJNA674837
SRR12993029,PRJNA674837
SRR12730631,PRJNA666167
SRR12730632,PRJNA666167
SRR12730633,PRJNA666167
SRR12730634,PRJNA666167
SRR12730635,PRJNA666167
SRR12730636,PRJNA666167
SRR12730637,PRJNA666167
SRR12730638,PRJNA666167
SRR12693492,PRJNA665035
SRR12693493,PRJNA665035
SRR12693494,PRJNA665035
SRR12693495,PRJNA665035
SRR12693496,PRJNA665035
SRR12693497,PRJNA665035
SRR12693498,PRJNA665035
SRR12693499,PRJNA665035
SRR12693500,PRJNA665035
SRR14667085,PRJNA665035
SRR14667086,PRJNA665035
SRR14667087,PRJNA665035
SRR14667088,PRJNA665035
SRR14667089,PRJNA665035
SRR14667090,PRJNA665035
SRR12651177,PRJNA663848
SRR12651178,PRJNA663848
SRR12651179,PRJNA663848
SRR12651180,PRJNA663848
SRR12651181,PRJNA663848
SRR12651182,PRJNA663848
SRR12651183,PRJNA663848
SRR12651184,PRJNA663848
SRR12651185,PRJNA663848
SRR12651186,PRJNA663848
SRR12651187,PRJNA663848
SRR12651188,PRJNA663848
SRR12651189,PRJNA663848
SRR12651190,PRJNA663848
SRR12651191,PRJNA663848
SRR12651192,PRJNA663848
SRR12651193,PRJNA663848
SRR12651194,PRJNA663848
SRR12651195,PRJNA663848
SRR12651196,PRJNA663848
SRR12651197,PRJNA663848
SRR12651198,PRJNA663848
SRR12651200,PRJNA663848
SRR12651201,PRJNA663848
SRR12651202,PRJNA663848
SRR12651203,PRJNA663848
SRR12651204,PRJNA663848
SRR12651205,PRJNA663848
SRR12651206,PRJNA663848
SRR12540267,PRJNA660002
SRR12540268,PRJNA660002
SRR12540269,PRJNA660002
SRR12540270,PRJNA660002
SRR12540271,PRJNA660002
SRR12540272,PRJNA660002
SRR12540273,PRJNA660002
SRR12540274,PRJNA660002
SRR12540275,PRJNA660002
SRR12540276,PRJNA660002
SRR12511458,PRJNA659066
SRR12511459,PRJNA659066
SRR12511460,PRJNA659066
SRR12511461,PRJNA659066
SRR12494970,PRJNA658654
SRR12494973,PRJNA658654
SRR12494974,PRJNA658654
SRR12494977,PRJNA658654
SRR12494978,PRJNA658654
SRR12494980,PRJNA658654
SRR12494988,PRJNA658654
SRR12391503,PRJNA655417
SRR12391506,PRJNA655417
SRR12391509,PRJNA655417
SRR12391512,PRJNA655417
SRR12391515,PRJNA655417
SRR12391518,PRJNA655417
SRR12391521,PRJNA655417
SRR12391524,PRJNA655417
SRR12391527,PRJNA655417
SRR12391530,PRJNA655417
SRR12391533,PRJNA655417
SRR12391536,PRJNA655417
SRR12285169,PRJNA647736
SRR12285170,PRJNA647736
SRR12285173,PRJNA647736
SRR12285174,PRJNA647736
SRR12285178,PRJNA647736
SRR12285179,PRJNA647736
SRR12285183,PRJNA647736
SRR12285184,PRJNA647736
SRR12285187,PRJNA647736
SRR12285188,PRJNA647736
SRR12285191,PRJNA647736
SRR12285192,PRJNA647736
SRR12122935,PRJNA643292
SRR12122936,PRJNA643292
SRR12021931,PRJNA639716
SRR12021932,PRJNA639716
SRR12021933,PRJNA639716
SRR12021934,PRJNA639716
SRR12021935,PRJNA639716
SRR11915236,PRJNA636959
SRR11915237,PRJNA636959
SRR11915238,PRJNA636959
SRR11915239,PRJNA636959
SRR11915240,PRJNA636959
SRR11915241,PRJNA636959
ERR2603016,PRJEB26593
ERR2603017,PRJEB26593
ERR2603018,PRJEB26593
SRR11825713,PRJNA634332
SRR11825714,PRJNA634332
SRR11825717,PRJNA634332
SRR11825718,PRJNA634332
SRR11825723,PRJNA634332
SRR11825724,PRJNA634332
SRR11825727,PRJNA634332
SRR11825728,PRJNA634332
SRR11794833,PRJNA633047
SRR11794841,PRJNA633047
SRR11794843,PRJNA633047
SRR11794849,PRJNA633047
SRR11780978,PRJNA632042
SRR11780979,PRJNA632042
SRR11780980,PRJNA632042
SRR11780981,PRJNA632042
SRR12216748,PRJNA630716
SRR12216749,PRJNA630716
SRR12216750,PRJNA630716
SRR12216751,PRJNA630716
SRR12216752,PRJNA630716
SRR12216753,PRJNA630716
SRR12216754,PRJNA630716
SRR11542141,PRJNA625261
SRR11542142,PRJNA625261
SRR11542143,PRJNA625261
SRR11542144,PRJNA625261
SRR11542145,PRJNA625261
SRR11542146,PRJNA625261
SRR11542147,PRJNA625261
SRR11542148,PRJNA625261
SRR11542149,PRJNA625261
SRR11542150,PRJNA625261
SRR11542151,PRJNA625261
SRR11542152,PRJNA625261
SRR11542153,PRJNA625261
SRR11542154,PRJNA625261
SRR11542155,PRJNA625261
SRR11542156,PRJNA625261
SRR11362448,PRJNA613736
SRR11362449,PRJNA613736
SRR11362450,PRJNA613736
SRR11362451,PRJNA613736
SRR11362452,PRJNA613736
SRR11362453,PRJNA613736
SRR11362454,PRJNA613736
SRR11362455,PRJNA613736
SRR11362456,PRJNA613736
SRR11362457,PRJNA613736
SRR11362458,PRJNA613736
SRR11362459,PRJNA613736
SRR11362460,PRJNA613736
SRR11362461,PRJNA613736
SRR11362462,PRJNA613736
SRR11362463,PRJNA613736
SRR11362464,PRJNA613736
SRR11362465,PRJNA613736
SRR11362466,PRJNA613736
SRR11362467,PRJNA613736
SRR11362468,PRJNA613736
SRR11362469,PRJNA613736
SRR11362470,PRJNA613736
SRR11362471,PRJNA613736
SRR11362472,PRJNA613736
SRR11362473,PRJNA613736
SRR10970363,PRJNA603339
SRR10970365,PRJNA603339
SRR10970367,PRJNA603339
SRR10970369,PRJNA603339
SRR10970371,PRJNA603339
SRR10970373,PRJNA603339
SRR10959087,PRJNA602917
SRR10959088,PRJNA602917
SRR10959089,PRJNA602917
SRR10959090,PRJNA602917
SRR10957150,PRJNA602876
SRR10957151,PRJNA602876
SRR10957152,PRJNA602876
SRR10957153,PRJNA602876
SRR10957154,PRJNA602876
SRR10957155,PRJNA602876
SRR10957156,PRJNA602876
SRR10957157,PRJNA602876
SRR10957158,PRJNA602876
SRR10883784,PRJNA601135
SRR10883785,PRJNA601135
SRR10883786,PRJNA601135
SRR10883787,PRJNA601135
SRR10883788,PRJNA601135
SRR10883789,PRJNA601135
SRR10883790,PRJNA601135
SRR10883791,PRJNA601135
SRR10883792,PRJNA601135
SRR10883793,PRJNA601135
SRR10883794,PRJNA601135
SRR10883795,PRJNA601135
SRR10883796,PRJNA601135
SRR10883797,PRJNA601135
SRR10883798,PRJNA601135
SRR10883799,PRJNA601135
SRR10850865,PRJNA599943
SRR10850866,PRJNA599943
SRR10850867,PRJNA599943
SRR10850868,PRJNA599943
SRR10850869,PRJNA599943
SRR10850870,PRJNA599943
SRR10850871,PRJNA599943
SRR10850872,PRJNA599943
SRR10850873,PRJNA599943
SRR10850874,PRJNA599943
SRR10850875,PRJNA599943
SRR10850876,PRJNA599943
SRR10846525,PRJNA599422
SRR10846526,PRJNA599422
SRR10846527,PRJNA599422
SRR10846528,PRJNA599422
SRR10846529,PRJNA599422
SRR10846530,PRJNA599422
SRR10846531,PRJNA599422
SRR10846532,PRJNA599422
SRR10846533,PRJNA599422
SRR10846534,PRJNA599422
SRR10846535,PRJNA599422
SRR10846536,PRJNA599422
SRR10846537,PRJNA599422
SRR10846538,PRJNA599422
SRR10846539,PRJNA599422
SRR10846540,PRJNA599422
SRR10846541,PRJNA599422
SRR11569080,PRJNA593553
SRR11569081,PRJNA593553
SRR11569082,PRJNA593553
SRR11569083,PRJNA593553
SRR10530116,PRJNA591625
SRR10530117,PRJNA591625
SRR10530118,PRJNA591625
SRR10530119,PRJNA591625
SRR10530120,PRJNA591625
SRR10530121,PRJNA591625
SRR10530122,PRJNA591625
SRR10530123,PRJNA591625
SRR10530124,PRJNA591625
SRR10530125,PRJNA591625
SRR10530126,PRJNA591625
SRR10530127,PRJNA591625
SRR10530128,PRJNA591625
SRR10530129,PRJNA591625
SRR10530130,PRJNA591625
SRR10530131,PRJNA591625
SRR10530132,PRJNA591625
SRR10530133,PRJNA591625
SRR10530134,PRJNA591625
SRR10530135,PRJNA591625
SRR10530136,PRJNA591625
SRR10530137,PRJNA591625
SRR10530138,PRJNA591625
SRR10530139,PRJNA591625
SRR10530140,PRJNA591625
SRR10530141,PRJNA591625
SRR10530142,PRJNA591625
SRR10530143,PRJNA591625
SRR10530144,PRJNA591625
SRR10530145,PRJNA591625
SRR10530146,PRJNA591625
SRR10530147,PRJNA591625
SRR10530148,PRJNA591625
SRR10530149,PRJNA591625
SRR10530150,PRJNA591625
SRR10530151,PRJNA591625
SRR10530152,PRJNA591625
SRR10530153,PRJNA591625
SRR10513626,PRJNA591214
SRR10513628,PRJNA591214
SRR10513630,PRJNA591214
SRR10513632,PRJNA591214
SRR10513634,PRJNA591214
SRR10513636,PRJNA591214
SRR10441364,PRJNA589466
SRR10441365,PRJNA589466
SRR10441366,PRJNA589466
SRR10441367,PRJNA589466
SRR10441368,PRJNA589466
SRR10441369,PRJNA589466
SRR10399043,PRJNA587516
SRR10399044,PRJNA587516
SRR10399045,PRJNA587516
SRR10399046,PRJNA587516
SRR10399047,PRJNA587516
SRR10399048,PRJNA587516
SRR10322762,PRJNA578863
SRR10322763,PRJNA578863
SRR10322764,PRJNA578863
SRR10322765,PRJNA578863
SRR10322766,PRJNA578863
SRR10322767,PRJNA578863
SRR10251308,PRJNA576653
SRR10251309,PRJNA576653
SRR10251306,PRJNA576652
SRR10251307,PRJNA576652
SRR10251303,PRJNA576651
SRR10251304,PRJNA576651
SRR10251305,PRJNA576651
SRR10251299,PRJNA576650
SRR10251300,PRJNA576650
SRR10251301,PRJNA576650
SRR10251302,PRJNA576650
SRR10251273,PRJNA576649
SRR10251274,PRJNA576649
SRR10251275,PRJNA576649
SRR10251276,PRJNA576649
SRR10251277,PRJNA576649
SRR10251278,PRJNA576649
SRR10251279,PRJNA576649
SRR10251280,PRJNA576649
SRR10251281,PRJNA576649
SRR10251282,PRJNA576649
SRR10251283,PRJNA576649
SRR10251284,PRJNA576649
SRR10251285,PRJNA576649
SRR10251286,PRJNA576649
SRR10251287,PRJNA576649
SRR10251288,PRJNA576649
SRR10251289,PRJNA576649
SRR10251290,PRJNA576649
SRR10240641,PRJNA576260
SRR10240642,PRJNA576260
SRR10240643,PRJNA576260
SRR10240644,PRJNA576260
SRR10240645,PRJNA576260
SRR10240646,PRJNA576260
ERR2812346,PRJEB28810
ERR2812347,PRJEB28810
ERR2812348,PRJEB28810
ERR2812352,PRJEB28810
ERR2812353,PRJEB28810
ERR2812354,PRJEB28810
ERR2812358,PRJEB28810
ERR2812359,PRJEB28810
ERR2812360,PRJEB28810
SRR9839460,PRJNA556704
SRR9839461,PRJNA556704
SRR9839462,PRJNA556704
ERR2976734,PRJEB30076
ERR2976735,PRJEB30076
ERR2976736,PRJEB30076
ERR2976737,PRJEB30076
ERR2976738,PRJEB30076
ERR2976739,PRJEB30076
SRR9651589,PRJNA553142
SRR9651590,PRJNA553142
SRR9651591,PRJNA553142
SRR9651592,PRJNA553142
SRR9602035,PRJNA551033
SRR9602036,PRJNA551033
SRR9602037,PRJNA551033
SRR9602038,PRJNA551033
SRR9602039,PRJNA551033
SRR9602040,PRJNA551033
SRR9602041,PRJNA551033
SRR9332878,PRJNA549955
SRR9332879,PRJNA549955
SRR9332880,PRJNA549955
SRR9332881,PRJNA549955
SRR9332882,PRJNA549955
SRR9332883,PRJNA549955
SRR9300366,PRJNA548813
SRR9300367,PRJNA548813
SRR9300368,PRJNA548813
SRR9300369,PRJNA548813
SRR10382043,PRJNA548784
SRR10382044,PRJNA548784
SRR10382045,PRJNA548784
SRR10382046,PRJNA548784
SRR9295889,PRJNA548784
SRR9295890,PRJNA548784
SRR9295891,PRJNA548784
SRR9295892,PRJNA548784
SRR9295897,PRJNA548784
SRR9295898,PRJNA548784
SRR9295899,PRJNA548784
SRR9295900,PRJNA548784
SRR9295905,PRJNA548784
SRR9295906,PRJNA548784
SRR9295907,PRJNA548784
SRR9295908,PRJNA548784
SRR9165309,PRJNA545625
SRR9165310,PRJNA545625
SRR9165311,PRJNA545625
SRR9165312,PRJNA545625
SRR9165313,PRJNA545625
SRR9165314,PRJNA545625
SRR9165315,PRJNA545625
SRR9165317,PRJNA545625
SRR9165318,PRJNA545625
SRR9165319,PRJNA545625
SRR9165320,PRJNA545625
SRR9132358,PRJNA545050
SRR9132359,PRJNA545050
SRR9132360,PRJNA545050
SRR9132361,PRJNA545050
SRR9132362,PRJNA545050
SRR9132363,PRJNA545050
SRR9132364,PRJNA545050
SRR9132365,PRJNA545050
SRR9132366,PRJNA545050
SRR9132367,PRJNA545050
SRR9132368,PRJNA545050
SRR9132369,PRJNA545050
SRR9132370,PRJNA545050
SRR9132371,PRJNA545050
SRR9132372,PRJNA545050
SRR9132373,PRJNA545050
SRR9113062,PRJNA544411
SRR9113063,PRJNA544411
SRR9113064,PRJNA544411
SRR9113065,PRJNA544411
SRR9113066,PRJNA544411
SRR9113067,PRJNA544411
SRR9113068,PRJNA544411
SRR9113069,PRJNA544411
SRR9049052,PRJNA542670
SRR9049053,PRJNA542670
SRR9049054,PRJNA542670
SRR9049055,PRJNA542670
SRR9049056,PRJNA542670
SRR9049057,PRJNA542670
SRR9049058,PRJNA542670
SRR9049059,PRJNA542670
SRR9049060,PRJNA542670
SRR9049061,PRJNA542670
SRR9049062,PRJNA542670
SRR9049063,PRJNA542670
SRR9049064,PRJNA542670
SRR9049065,PRJNA542670
SRR9049066,PRJNA542670
SRR9049067,PRJNA542670
SRR9049068,PRJNA542670
SRR9049069,PRJNA542670
SRR9049070,PRJNA542670
SRR9049071,PRJNA542670
SRR9049072,PRJNA542670
SRR9049073,PRJNA542670
SRR9049074,PRJNA542670
SRR9049075,PRJNA542670
SRR9049076,PRJNA542670
SRR9049077,PRJNA542670
SRR9049078,PRJNA542670
SRR9049079,PRJNA542670
SRR9049080,PRJNA542670
SRR9049081,PRJNA542670
SRR9047186,PRJNA542601
SRR9047187,PRJNA542601
SRR9047188,PRJNA542601
SRR9047189,PRJNA542601
SRR9047199,PRJNA542601
SRR8907185,PRJNA533074
SRR8907186,PRJNA533074
SRR8907187,PRJNA533074
SRR8907188,PRJNA533074
SRR8907189,PRJNA533074
SRR8907190,PRJNA533074
SRR8907197,PRJNA533074
SRR8907198,PRJNA533074
SRR8907199,PRJNA533074
SRR8907200,PRJNA533074
SRR8907201,PRJNA533074
SRR8907202,PRJNA533074
SRR8891622,PRJNA532643
SRR8891623,PRJNA532643
SRR8891624,PRJNA532643
SRR8891625,PRJNA532643
SRR8891626,PRJNA532643
SRR8891627,PRJNA532643
SRR8891628,PRJNA532643
SRR8891629,PRJNA532643
SRR8891630,PRJNA532643
SRR8891631,PRJNA532643
SRR8891632,PRJNA532643
SRR8848243,PRJNA530968
SRR8848244,PRJNA530968
SRR8848245,PRJNA530968
SRR8752384,PRJNA528026
SRR8752385,PRJNA528026
SRR8752386,PRJNA528026
SRR8752387,PRJNA528026
SRR8752388,PRJNA528026
SRR8752389,PRJNA528026
SRR8732200,PRJNA527204
SRR8732201,PRJNA527204
SRR8732202,PRJNA527204
SRR8732203,PRJNA527204
SRR8732204,PRJNA527204
SRR8732205,PRJNA527204
SRR8732206,PRJNA527204
SRR8732207,PRJNA527204
SRR8732208,PRJNA527204
SRR8732209,PRJNA527204
SRR8732210,PRJNA527204
SRR8732211,PRJNA527204
SRR8730340,PRJNA527127
SRR8730341,PRJNA527127
SRR8730342,PRJNA527127
SRR8730343,PRJNA527127
SRR8730344,PRJNA527127
SRR8730345,PRJNA527127
SRR8730346,PRJNA527127
SRR8730347,PRJNA527127
SRR8730348,PRJNA527127
SRR8730349,PRJNA527127
SRR8730350,PRJNA527127
SRR8730351,PRJNA527127
SRR8730352,PRJNA527127
SRR8730353,PRJNA527127
SRR8730354,PRJNA527127
SRR8730355,PRJNA527127
SRR8730356,PRJNA527127
SRR8730357,PRJNA527127
SRR8730290,PRJNA527113
SRR8730291,PRJNA527113
SRR8731920,PRJNA526529
SRR8649954,PRJNA525090
SRR8649955,PRJNA525090
SRR8649956,PRJNA525090
SRR8649960,PRJNA525090
SRR8649961,PRJNA525090
SRR8649962,PRJNA525090
SRR8590754,PRJNA523167
SRR8590755,PRJNA523167
SRR8590756,PRJNA523167
SRR8590757,PRJNA523167
SRR8590758,PRJNA523167
SRR8590759,PRJNA523167
SRR8590766,PRJNA523167
SRR8590767,PRJNA523167
SRR8590768,PRJNA523167
SRR8590769,PRJNA523167
SRR8590778,PRJNA523167
SRR8590779,PRJNA523167
SRR8590780,PRJNA523167
SRR8590781,PRJNA523167
SRR8590782,PRJNA523167
SRR8590783,PRJNA523167
SRR8590790,PRJNA523167
SRR8590791,PRJNA523167
SRR8590794,PRJNA523167
SRR8590795,PRJNA523167
SRR8590796,PRJNA523167
SRR8590797,PRJNA523167
SRR8590798,PRJNA523167
SRR8590799,PRJNA523167
SRR8590800,PRJNA523167
SRR8590801,PRJNA523167
SRR8590802,PRJNA523167
SRR8590812,PRJNA523167
SRR8590813,PRJNA523167
SRR8558080,PRJNA521751
SRR8558081,PRJNA521751
SRR8558082,PRJNA521751
SRR8558083,PRJNA521751
SRR8558084,PRJNA521751
SRR8558085,PRJNA521751
SRR8550319,PRJNA521496
SRR8550320,PRJNA521496
SRR8535409,PRJNA521077
SRR8535410,PRJNA521077
SRR8535411,PRJNA521077
SRR8535412,PRJNA521077
SRR8535423,PRJNA521077
SRR8535424,PRJNA521077
SRR8445000,PRJNA515289
SRR8445001,PRJNA515289
SRR8445002,PRJNA515289
SRR8445003,PRJNA515289
SRR8443308,PRJNA515197
SRR8443309,PRJNA515197
SRR8443310,PRJNA515197
SRR8443311,PRJNA515197
SRR8443312,PRJNA515197
SRR8443313,PRJNA515197
SRR8404134,PRJNA513305
SRR8404135,PRJNA513305
SRR8404136,PRJNA513305
SRR8404137,PRJNA513305
SRR8404138,PRJNA513305
SRR8404139,PRJNA513305
SRR8404140,PRJNA513305
SRR8404141,PRJNA513305
SRR8310196,PRJNA509230
SRR8310197,PRJNA509230
SRR8310198,PRJNA509230
SRR8310199,PRJNA509230
SRR8310200,PRJNA509230
SRR8310201,PRJNA509230
SRR8310202,PRJNA509230
SRR8310203,PRJNA509230
SRR8310204,PRJNA509230
SRR8310205,PRJNA509230
SRR8309245,PRJNA509149
SRR8309246,PRJNA509149
SRR8309247,PRJNA509149
SRR8309248,PRJNA509149
SRR8309249,PRJNA509149
SRR8309250,PRJNA509149
SRR8309251,PRJNA509149
SRR8309252,PRJNA509149
SRR8309253,PRJNA509149
SRR8309254,PRJNA509149
SRR8309255,PRJNA509149
SRR8309256,PRJNA509149
SRR8145455,PRJNA503400
SRR8145456,PRJNA503400
SRR8145457,PRJNA503400
SRR8145458,PRJNA503400
SRR8145459,PRJNA503400
SRR8136737,PRJNA501880
SRR8136738,PRJNA501880
SRR8136739,PRJNA501880
SRR8136740,PRJNA501880
SRR8136741,PRJNA501880
SRR8136742,PRJNA501880
SRR8136743,PRJNA501880
SRR8136744,PRJNA501880
SRR8136745,PRJNA501880
SRR8135336,PRJNA501872
SRR8135337,PRJNA501872
SRR8135338,PRJNA501872
SRR8135339,PRJNA501872
SRR8135340,PRJNA501872
SRR8135341,PRJNA501872
SRR8135342,PRJNA501872
SRR8135343,PRJNA501872
SRR8135344,PRJNA501872
SRR8135345,PRJNA501872
SRR8135346,PRJNA501872
SRR8135347,PRJNA501872
SRR8130830,PRJNA499096
SRR8130831,PRJNA499096
SRR8130834,PRJNA499096
SRR8130835,PRJNA499096
SRR8130836,PRJNA499096
SRR8130838,PRJNA499096
SRR8130839,PRJNA499096
SRR8130840,PRJNA499096
SRR8130841,PRJNA499096
ERR2189764,PRJEB23298
ERR2189765,PRJEB23298
ERR2189766,PRJEB23298
ERR2189767,PRJEB23298
ERR2189768,PRJEB23298
ERR2189769,PRJEB23298
ERR2189770,PRJEB23298
ERR2189771,PRJEB23298
ERR2189772,PRJEB23298
ERR2189773,PRJEB23298
ERR2189774,PRJEB23298
ERR2189775,PRJEB23298
SRR8070862,PRJNA497255
SRR8070864,PRJNA497255
SRR8070866,PRJNA497255
SRR8070868,PRJNA497255
SRR7874134,PRJNA491747
SRR7874135,PRJNA491747
SRR7874136,PRJNA491747
SRR7874137,PRJNA491747
SRR7874138,PRJNA491747
SRR7874139,PRJNA491747
SRR7798882,PRJNA489713
SRR7798883,PRJNA489713
SRR7798884,PRJNA489713
SRR7798885,PRJNA489713
SRR7798886,PRJNA489713
SRR7798887,PRJNA489713
SRR7798888,PRJNA489713
SRR7798889,PRJNA489713
ERR2193146,PRJEB23398
ERR2193148,PRJEB23398
ERR2193150,PRJEB23398
ERR2193152,PRJEB23398
ERR2193154,PRJEB23398
ERR2193156,PRJEB23398
ERR2193158,PRJEB23398
SRR7655577,PRJNA484941
SRR7655578,PRJNA484941
SRR7655579,PRJNA484941
SRR7655580,PRJNA484941
SRR7655581,PRJNA484941
SRR7655582,PRJNA484941
SRR7638383,PRJNA484185
SRR7638384,PRJNA484185
SRR7638385,PRJNA484185
SRR7638386,PRJNA484185
SRR7638387,PRJNA484185
SRR7638388,PRJNA484185
SRR7451184,PRJNA478455
SRR7451185,PRJNA478455
SRR7451188,PRJNA478455
SRR7451189,PRJNA478455
SRR7451190,PRJNA478455
SRR7451191,PRJNA478455
SRR7451192,PRJNA478455
SRR7451193,PRJNA478455
SRR7451194,PRJNA478455
SRR7451195,PRJNA478455
SRR7451196,PRJNA478455
SRR7451197,PRJNA478455
SRR7883748,PRJNA477831
SRR7883749,PRJNA477831
SRR7883750,PRJNA477831
SRR7883751,PRJNA477831
SRR7883752,PRJNA477831
SRR7883753,PRJNA477831
SRR7883754,PRJNA477831
SRR7883755,PRJNA477831
SRR7883756,PRJNA477831
SRR7883757,PRJNA477831
SRR7883758,PRJNA477831
SRR7883759,PRJNA477831
SRR7883760,PRJNA477831
SRR7883761,PRJNA477831
SRR7883762,PRJNA477831
SRR7883763,PRJNA477831
SRR7883764,PRJNA477831
SRR7883765,PRJNA477831
SRR7883766,PRJNA477831
SRR7883767,PRJNA477831
SRR7293729,PRJNA475675
SRR7293731,PRJNA475675
SRR7241910,PRJNA473989
SRR7241912,PRJNA473989
SRR7241913,PRJNA473989
SRR7241914,PRJNA473989
SRR7241915,PRJNA473989
SRR7241916,PRJNA473989
SRR7207252,PRJNA472636
SRR7207253,PRJNA472636
SRR7207254,PRJNA472636
SRR7207255,PRJNA472636
SRR7207256,PRJNA472636
SRR7207257,PRJNA472636
SRR7207258,PRJNA472636
SRR7207259,PRJNA472636
SRR7207260,PRJNA472636
SRR7207261,PRJNA472636
SRR7207262,PRJNA472636
SRR7207263,PRJNA472636
SRR7207264,PRJNA472636
SRR7207265,PRJNA472636
SRR7207266,PRJNA472636
SRR7207268,PRJNA472636
SRR7207269,PRJNA472636
SRR7207270,PRJNA472636
SRR7207271,PRJNA472636
SRR7207272,PRJNA472636
SRR7207273,PRJNA472636
SRR7207274,PRJNA472636
SRR7207275,PRJNA472636
SRR7207276,PRJNA472636
SRR7207277,PRJNA472636
SRR7207278,PRJNA472636
SRR7207279,PRJNA472636
SRR7207280,PRJNA472636
SRR7207281,PRJNA472636
SRR7207282,PRJNA472636
SRR7207283,PRJNA472636
SRR7207284,PRJNA472636
SRR7182546,PRJNA472015
SRR7182547,PRJNA472015
SRR7182548,PRJNA472015
SRR7182549,PRJNA472015
SRR7182550,PRJNA472015
SRR7182551,PRJNA472015
SRR7182552,PRJNA472015
SRR7182553,PRJNA472015
SRR7073121,PRJNA453915
SRR7073122,PRJNA453915
SRR7073123,PRJNA453915
SRR7073124,PRJNA453915
SRR7073125,PRJNA453915
SRR7073126,PRJNA453915
SRR7073127,PRJNA453915
SRR7073128,PRJNA453915
SRR7073129,PRJNA453915
SRR7073130,PRJNA453915
SRR7073131,PRJNA453915
SRR7073132,PRJNA453915
SRR7073133,PRJNA453915
SRR7073134,PRJNA453915
SRR7073135,PRJNA453915
SRR7073136,PRJNA453915
SRR7073137,PRJNA453915
SRR7073138,PRJNA453915
SRR7073139,PRJNA453915
SRR7073140,PRJNA453915
SRR7073141,PRJNA453915
SRR7073142,PRJNA453915
SRR7073143,PRJNA453915
SRR7073144,PRJNA453915
SRR7073145,PRJNA453915
SRR7073146,PRJNA453915
SRR7073147,PRJNA453915
SRR7073148,PRJNA453915
SRR7073149,PRJNA453915
SRR7073150,PRJNA453915
SRR7073151,PRJNA453915
SRR7073152,PRJNA453915
SRR7073153,PRJNA453915
SRR7073154,PRJNA453915
SRR7067554,PRJNA453686
SRR7067555,PRJNA453686
SRR7067556,PRJNA453686
SRR7067557,PRJNA453686
SRR7067558,PRJNA453686
SRR7067559,PRJNA453686
SRR6939924,PRJNA448763
SRR6939926,PRJNA448763
SRR6939928,PRJNA448763
SRR6939930,PRJNA448763
SRR6939932,PRJNA448763
SRR6939934,PRJNA448763
SRR6939936,PRJNA448763
SRR6939938,PRJNA448763
SRR6939940,PRJNA448763
SRR6939942,PRJNA448763
SRR6939944,PRJNA448763
SRR6939946,PRJNA448763
SRR6939948,PRJNA448763
SRR6939950,PRJNA448763
SRR6939952,PRJNA448763
SRR6939955,PRJNA448763
SRR6939957,PRJNA448763
SRR6939959,PRJNA448763
SRR6939961,PRJNA448763
SRR6939963,PRJNA448763
SRR6932676,PRJNA448601
SRR6932677,PRJNA448601
SRR6932678,PRJNA448601
SRR6932679,PRJNA448601
SRR6932680,PRJNA448601
SRR6932681,PRJNA448601
SRR6932682,PRJNA448601
SRR6932683,PRJNA448601
SRR6900519,PRJNA445733
SRR6900520,PRJNA445733
SRR6900521,PRJNA445733
SRR6900522,PRJNA445733
SRR6893921,PRJNA445600
SRR6893923,PRJNA445600
SRR6869751,PRJNA439265
SRR6869752,PRJNA439265
SRR6869753,PRJNA439265
SRR6869754,PRJNA439265
SRR6869755,PRJNA439265
SRR6869756,PRJNA439265
SRR6869757,PRJNA439265
SRR6869758,PRJNA439265
SRR6838651,PRJNA438445
SRR6337303,PRJNA420695
SRR6337304,PRJNA420695
SRR6202813,PRJNA415390
SRR6202814,PRJNA415390
SRR6202815,PRJNA415390
SRR6202819,PRJNA415390
SRR6202820,PRJNA415390
SRR6202821,PRJNA415390
SRR6181538,PRJNA414611
SRR6181539,PRJNA414611
SRR6181540,PRJNA414611
SRR6181541,PRJNA414611
SRR6181542,PRJNA414611
SRR6181543,PRJNA414611
SRR6181544,PRJNA414611
SRR6181545,PRJNA414611
SRR6181546,PRJNA414611
SRR6181547,PRJNA414611
SRR6181548,PRJNA414611
SRR6181549,PRJNA414611
SRR6181550,PRJNA414611
SRR6181551,PRJNA414611
SRR6181552,PRJNA414611
SRR6181553,PRJNA414611
SRR6181554,PRJNA414611
SRR6181555,PRJNA414611
SRR6181556,PRJNA414611
SRR6181557,PRJNA414611
SRR6181558,PRJNA414611
SRR6181559,PRJNA414611
SRR6181560,PRJNA414611
SRR6181561,PRJNA414611
SRR6181563,PRJNA414611
SRR6181564,PRJNA414611
SRR6181565,PRJNA414611
SRR6181566,PRJNA414611
SRR6181567,PRJNA414611
SRR6181568,PRJNA414611
SRR6181569,PRJNA414611
SRR6181570,PRJNA414611
SRR6181571,PRJNA414611
SRR6181572,PRJNA414611
SRR6181573,PRJNA414611
SRR6181574,PRJNA414611
SRR6130308,PRJNA413138
SRR6107148,PRJNA412370
SRR6107149,PRJNA412370
SRR6107150,PRJNA412370
SRR6107151,PRJNA412370
SRR6053327,PRJNA408071
SRR6053328,PRJNA408071
SRR6053329,PRJNA408071
SRR6053333,PRJNA408071
SRR6053334,PRJNA408071
SRR5990809,PRJNA401882
SRR5990810,PRJNA401882
SRR5990811,PRJNA401882
SRR5990815,PRJNA401882
SRR5990816,PRJNA401882
SRR5990817,PRJNA401882
SRR5990821,PRJNA401882
SRR5990822,PRJNA401882
SRR5990823,PRJNA401882
SRR5990827,PRJNA401882
SRR5990828,PRJNA401882
SRR5990829,PRJNA401882
SRR5990833,PRJNA401882
SRR5990834,PRJNA401882
SRR5990835,PRJNA401882
SRR5990839,PRJNA401882
SRR5990840,PRJNA401882
SRR5990841,PRJNA401882
SRR5990843,PRJNA401882
SRR5990845,PRJNA401882
SRR5990847,PRJNA401882
SRR5990849,PRJNA401882
SRR5937640,PRJNA398585
SRR5937641,PRJNA398585
SRR5937642,PRJNA398585
SRR5937643,PRJNA398585
SRR5937644,PRJNA398585
SRR5937645,PRJNA398585
SRR5906459,PRJNA397422
SRR5906460,PRJNA397422
SRR5906461,PRJNA397422
SRR5906462,PRJNA397422
SRR5906463,PRJNA397422
SRR5906464,PRJNA397422
SRR5906465,PRJNA397422
SRR5906466,PRJNA397422
SRR5906467,PRJNA397422
SRR5906468,PRJNA397422
SRR5882586,PRJNA396456
SRR5859396,PRJNA395384
SRR5859397,PRJNA395384
SRR5859398,PRJNA395384
SRR5859399,PRJNA395384
SRR5859408,PRJNA395384
SRR5859409,PRJNA395384
SRR5859410,PRJNA395384
SRR5859411,PRJNA395384
SRR5413155,PRJNA381596
SRR5413156,PRJNA381596
SRR5413157,PRJNA381596
SRR5413158,PRJNA381596
SRR5382420,PRJNA380795
SRR5382421,PRJNA380795
SRR5382422,PRJNA380795
SRR5382423,PRJNA380795
SRR5382424,PRJNA380795
SRR5227448,PRJNA369756
SRR5227449,PRJNA369756
SRR6327777,PRJNA369756
SRR5144785,PRJNA360112
SRR5144786,PRJNA360112
SRR5144787,PRJNA360112
SRR5144788,PRJNA360112
SRR5137678,PRJNA359690
SRR5137679,PRJNA359690
SRR5137680,PRJNA359690
SRR5137681,PRJNA359690
SRR5137682,PRJNA359690
SRR5137683,PRJNA359690
SRR5137684,PRJNA359690
SRR5137685,PRJNA359690
SRR5137686,PRJNA359690
SRR5137687,PRJNA359690
SRR5137688,PRJNA359690
SRR5137689,PRJNA359690
SRR10103857,PRJNA354729
SRR10103858,PRJNA354729
SRR10103859,PRJNA354729
SRR10103860,PRJNA354729
SRR5013257,PRJNA353260
SRR5013258,PRJNA353260
SRR5013260,PRJNA353260
SRR4450327,PRJNA350543
SRR4450328,PRJNA350543
SRR4450329,PRJNA350543
SRR4450330,PRJNA350543
SRR4450331,PRJNA350543
SRR4450332,PRJNA350543
SRR4293693,PRJNA344393
SRR4293694,PRJNA344393
SRR4293695,PRJNA344393
SRR4293696,PRJNA344393
SRR3356523,PRJNA318051
SRR3356527,PRJNA318051
SRR3356528,PRJNA318051
SRR3286543,PRJNA316125
SRR3286544,PRJNA316125
SRR3286545,PRJNA316125
SRR3208864,PRJNA314508
SRR3208865,PRJNA314508
SRR3208866,PRJNA314508
SRR3208867,PRJNA314508
SRR3208868,PRJNA314508
SRR3208869,PRJNA314508
SRR3208870,PRJNA314508
SRR3208871,PRJNA314508
SRR3208872,PRJNA314508
SRR3208873,PRJNA314508
SRR3208874,PRJNA314508
SRR3208875,PRJNA314508
SRR3208881,PRJNA314507
SRR3208882,PRJNA314507
SRR3208885,PRJNA314507
SRR3208886,PRJNA314507
SRR3208889,PRJNA314507
SRR3208890,PRJNA314507
SRR3208893,PRJNA314507
SRR3208894,PRJNA314507
SRR3208897,PRJNA314507
SRR3208898,PRJNA314507
SRR3208901,PRJNA314507
SRR3208902,PRJNA314507
SRR3208905,PRJNA314507
SRR3208906,PRJNA314507
SRR3208909,PRJNA314507
SRR3208910,PRJNA314507
SRR3208913,PRJNA314507
SRR3208914,PRJNA314507
SRR3208917,PRJNA314507
SRR3208918,PRJNA314507
SRR3208921,PRJNA314507
SRR3208922,PRJNA314507
SRR3208925,PRJNA314507
SRR3208926,PRJNA314507
SRR2873530,PRJNA300627
SRR2873531,PRJNA300627
SRR2873532,PRJNA300627
SRR2873533,PRJNA300627
SRR2873534,PRJNA300627
SRR2873535,PRJNA300627
SRR2873536,PRJNA300627
SRR2873537,PRJNA300627
SRR2873538,PRJNA300627
SRR2873539,PRJNA300627
SRR2818787,PRJNA299827
SRR2818789,PRJNA299827
SRR2818791,PRJNA299827
SRR2732970,PRJNA299254
SRR2733100,PRJNA299254
SRR2536838,PRJNA297338
SRR2536839,PRJNA297338
SRR2536840,PRJNA297338
SRR2536841,PRJNA297338
SRR2536842,PRJNA297338
SRR2536843,PRJNA297338
SRR2536844,PRJNA297338
SRR2536845,PRJNA297338
SRR2536846,PRJNA297338
SRR2536856,PRJNA297338
SRR2536857,PRJNA297338
SRR2536858,PRJNA297338
SRR2536859,PRJNA297338
SRR2536860,PRJNA297338
SRR2536861,PRJNA297338
SRR2536862,PRJNA297338
SRR2536863,PRJNA297338
SRR2536864,PRJNA297338
SRR2536865,PRJNA297338
SRR2536866,PRJNA297338
SRR2536867,PRJNA297338
SRR5512735,PRJNA292112
SRR5512736,PRJNA292112
SRR5512737,PRJNA292112
SRR5512738,PRJNA292112
SRR2146889,PRJNA292020
SRR2146890,PRJNA292020
SRR2146891,PRJNA292020
SRR2146892,PRJNA292020
SRR2146893,PRJNA292020
SRR2146894,PRJNA292020
SRR2096964,PRJNA289569
SRR2096965,PRJNA289569
SRR2096966,PRJNA289569
SRR2096967,PRJNA289569
SRR2096968,PRJNA289569
SRR2096969,PRJNA289569
SRR2096970,PRJNA289569
SRR2096971,PRJNA289569
SRR2096972,PRJNA289569
SRR2096973,PRJNA289569
SRR2096974,PRJNA289569
SRR2096975,PRJNA289569
SRR2075925,PRJNA287879
SRR2075926,PRJNA287879
SRR2075927,PRJNA287879
SRR2075928,PRJNA287879
SRR2075929,PRJNA287879
SRR2075935,PRJNA287879
SRR2075936,PRJNA287879
SRR2075937,PRJNA287879
SRR2075938,PRJNA287879
SRR2075939,PRJNA287879
SRR2064443,PRJNA287138
SRR2064444,PRJNA287138
SRR2064445,PRJNA287138
SRR2064446,PRJNA287138
SRR2064447,PRJNA287138
SRR2064448,PRJNA287138
SRR2064449,PRJNA287137
SRR2064450,PRJNA287137
SRR2064451,PRJNA287137
SRR2064452,PRJNA287137
SRR2064453,PRJNA287137
SRR2064454,PRJNA287137
SRR2064455,PRJNA287137
SRR2064456,PRJNA287137
SRR2064437,PRJNA287136
SRR2064438,PRJNA287136
SRR2064439,PRJNA287136
SRR2064440,PRJNA287136
SRR2064441,PRJNA287136
SRR2064442,PRJNA287136
SRR2064017,PRJNA287112
SRR2064018,PRJNA287112
SRR2064019,PRJNA287112
SRR2064020,PRJNA287112
SRR2064021,PRJNA287112
SRR2064022,PRJNA287112
SRR2064023,PRJNA287112
SRR2052911,PRJNA285961
SRR2052912,PRJNA285961
SRR2052913,PRJNA285961
SRR2052914,PRJNA285961
SRR2052915,PRJNA285961
SRR2052916,PRJNA285961
SRR2052917,PRJNA285961
SRR2052918,PRJNA285961
SRR2052919,PRJNA285961
SRR2052920,PRJNA285961
SRR2052921,PRJNA285961
SRR2052922,PRJNA285961
SRR2052923,PRJNA285961
SRR2052924,PRJNA285961
SRR2052925,PRJNA285961
SRR2052926,PRJNA285961
SRR2052927,PRJNA285961
SRR2052928,PRJNA285961
SRR2052929,PRJNA285961
SRR2052930,PRJNA285961
SRR2052931,PRJNA285961
SRR2052932,PRJNA285961
SRR2052933,PRJNA285961
SRR2052934,PRJNA285961
SRR2052935,PRJNA285961
SRR2052936,PRJNA285961
SRR2052937,PRJNA285961
SRR2052938,PRJNA285961
SRR2052939,PRJNA285961
SRR2052940,PRJNA285961
SRR2052941,PRJNA285961
SRR2052942,PRJNA285961
SRR2052943,PRJNA285961
SRR2052944,PRJNA285961
SRR2052945,PRJNA285961
SRR2052946,PRJNA285961
SRR2052947,PRJNA285961
SRR2052948,PRJNA285961
SRR2052949,PRJNA285961
SRR2052950,PRJNA285961
SRR2052951,PRJNA285961
SRR2052952,PRJNA285961
SRR2052953,PRJNA285961
SRR2052954,PRJNA285961
SRR2052955,PRJNA285961
SRR2052956,PRJNA285961
SRR2052957,PRJNA285961
SRR2052958,PRJNA285961
SRR2052983,PRJNA285961
SRR2052984,PRJNA285961
SRR2052985,PRJNA285961
SRR2052986,PRJNA285961
SRR2052987,PRJNA285961
SRR2052988,PRJNA285961
SRR2052989,PRJNA285961
SRR2052990,PRJNA285961
SRR2052991,PRJNA285961
SRR2052992,PRJNA285961
SRR2052993,PRJNA285961
SRR2052994,PRJNA285961
SRR2052995,PRJNA285961
SRR2052996,PRJNA285961
SRR2052997,PRJNA285961
SRR2052998,PRJNA285961
SRR2052999,PRJNA285961
SRR2053000,PRJNA285961
SRR2053001,PRJNA285961
SRR2053002,PRJNA285961
SRR2053003,PRJNA285961
SRR2053004,PRJNA285961
SRR2033088,PRJNA284399
SRR2033089,PRJNA284399
SRR2033090,PRJNA284399
SRR2033091,PRJNA284399
SRR2033092,PRJNA284399
SRR2033093,PRJNA284399
SRR1976443,PRJNA281177
SRR1976444,PRJNA281177
SRR1976445,PRJNA281177
SRR1976446,PRJNA281177
SRR1976447,PRJNA281177
SRR1976448,PRJNA281177
SRR1916542,PRJNA278390
SRR1916543,PRJNA278390
SRR1916544,PRJNA278390
SRR1916545,PRJNA278390
SRR1916546,PRJNA278390
SRR1916547,PRJNA278390
SRR1916548,PRJNA278390
SRR1916549,PRJNA278390
SRR1916550,PRJNA278390
SRR1916551,PRJNA278390
SRR1910731,PRJNA278009
SRR1910732,PRJNA278009
SRR1910735,PRJNA278009
SRR1910736,PRJNA278009
SRR1803146,PRJNA275386
SRR1803147,PRJNA275386
SRR1803148,PRJNA275386
SRR1803149,PRJNA275386
SRR1803150,PRJNA275386
SRR1803151,PRJNA275386
SRR1803152,PRJNA275386
SRR1803153,PRJNA275386
SRR1803154,PRJNA275386
SRR1803155,PRJNA275386
SRR1803156,PRJNA275386
SRR1803157,PRJNA275386
SRR1803158,PRJNA275386
SRR1803159,PRJNA275386
SRR1803160,PRJNA275386
SRR1803161,PRJNA275386
SRR1803162,PRJNA275386
SRR1803163,PRJNA275386
SRR1803164,PRJNA275386
SRR1803165,PRJNA275386
SRR1803166,PRJNA275386
SRR1803167,PRJNA275386
SRR1803168,PRJNA275386
SRR1803169,PRJNA275386
SRR1803170,PRJNA275386
SRR1803171,PRJNA275386
SRR1803172,PRJNA275386
SRR1803173,PRJNA275386
SRR1803174,PRJNA275386
SRR1803175,PRJNA275386
SRR1803176,PRJNA275386
SRR1803177,PRJNA275386
SRR1803178,PRJNA275386
SRR1803179,PRJNA275386
SRR1803180,PRJNA275386
SRR1803181,PRJNA275386
SRR1803182,PRJNA275386
SRR1803183,PRJNA275386
SRR1803184,PRJNA275386
SRR1803185,PRJNA275386
SRR1803186,PRJNA275386
SRR1803187,PRJNA275386
SRR1803188,PRJNA275386
SRR1803189,PRJNA275386
SRR1803190,PRJNA275386
SRR1803191,PRJNA275386
SRR1803192,PRJNA275386
SRR1803193,PRJNA275386
SRR1803194,PRJNA275386
SRR1803195,PRJNA275386
SRR1802129,PRJNA275305
SRR1802130,PRJNA275305
SRR1802131,PRJNA275305
SRR1802132,PRJNA275305
SRR1802133,PRJNA275305
SRR1802134,PRJNA275305
SRR1802135,PRJNA275305
SRR1802136,PRJNA275305
SRR1802137,PRJNA275305
SRR1802138,PRJNA275305
SRR1802139,PRJNA275305
SRR1802140,PRJNA275305
SRR1802141,PRJNA275305
SRR1802142,PRJNA275305
SRR1802146,PRJNA275305
SRR1802147,PRJNA275305
SRR1802148,PRJNA275305
SRR1802149,PRJNA275305
SRR1802150,PRJNA275305
SRR1802151,PRJNA275305
SRR1802152,PRJNA275305
SRR1802153,PRJNA275305
SRR1802154,PRJNA275305
SRR1802155,PRJNA275305
SRR1802156,PRJNA275305
SRR1802157,PRJNA275305
SRR1795425,PRJNA274997
SRR1795426,PRJNA274997
SRR1795427,PRJNA274997
SRR1795428,PRJNA274997
SRR1795429,PRJNA274997
SRR1795430,PRJNA274997
SRR1795431,PRJNA274997
SRR1795432,PRJNA274997
SRR1795433,PRJNA274997
SRR1795434,PRJNA274997
SRR1795435,PRJNA274997
SRR1795436,PRJNA274997
SRR1795437,PRJNA274997
SRR1795438,PRJNA274997
SRR1795439,PRJNA274997
SRR1795440,PRJNA274997
SRR1758378,PRJNA272597
SRR1758379,PRJNA272597
SRR1758380,PRJNA272597
SRR1758381,PRJNA272597
SRR1758390,PRJNA272597
SRR1758391,PRJNA272597
SRR1758392,PRJNA272597
SRR1758393,PRJNA272597
SRR1758394,PRJNA272597
SRR1758395,PRJNA272597
SRR1758396,PRJNA272597
SRR1758397,PRJNA272597
SRR1758406,PRJNA272597
SRR1758407,PRJNA272597
SRR1758408,PRJNA272597
SRR1758409,PRJNA272597
SRR1758410,PRJNA272597
SRR1758411,PRJNA272597
SRR1758412,PRJNA272597
SRR1758413,PRJNA272597
SRR1660328,PRJNA268222
SRR1660329,PRJNA268222
SRR1660330,PRJNA268222
SRR1660331,PRJNA268222
SRR1660332,PRJNA268222
SRR1660333,PRJNA268222
SRR1660334,PRJNA268222
SRR1660335,PRJNA268222
SRR1610244,PRJNA263582
SRR1610245,PRJNA263582
SRR1610246,PRJNA263582
SRR1610247,PRJNA263582
SRR1610248,PRJNA263582
SRR1610249,PRJNA263582
SRR1610250,PRJNA263582
SRR1610251,PRJNA263582
SRR1610252,PRJNA263582
SRR1610253,PRJNA263582
SRR1610254,PRJNA263582
SRR1610255,PRJNA263582
SRR1610256,PRJNA263582
SRR1610257,PRJNA263582
SRR1610258,PRJNA263582
SRR1610259,PRJNA263582
SRR2086025,PRJNA263582
SRR2086026,PRJNA263582
SRR2086027,PRJNA263582
SRR2086028,PRJNA263582
SRR2086029,PRJNA263582
SRR2086030,PRJNA263582
SRR2086031,PRJNA263582
SRR1585486,PRJNA262009
SRR1585487,PRJNA262009
SRR1585488,PRJNA262009
SRR1585489,PRJNA262009
SRR1585490,PRJNA262009
SRR1585491,PRJNA262009
SRR1585492,PRJNA262009
SRR1585493,PRJNA262009
SRR1585494,PRJNA262009
SRR1585495,PRJNA262009
SRR1585496,PRJNA262009
SRR1585497,PRJNA262009
SRR1585498,PRJNA262009
SRR1585499,PRJNA262009
SRR1585500,PRJNA262009
SRR1585501,PRJNA262009
SRR1585502,PRJNA262009
SRR1585503,PRJNA262009
SRR1585504,PRJNA262009
SRR1585505,PRJNA262009
SRR1585506,PRJNA262009
SRR1585507,PRJNA262009
SRR1585508,PRJNA262009
SRR1585509,PRJNA262009
SRR1585510,PRJNA262009
SRR1585511,PRJNA262009
SRR1585512,PRJNA262009
SRR1585513,PRJNA262009
SRR1585514,PRJNA262009
SRR1585515,PRJNA262009
SRR1585516,PRJNA262009
SRR1585517,PRJNA262009
SRR1585518,PRJNA262009
SRR1585519,PRJNA262009
SRR1585520,PRJNA262009
SRR1585521,PRJNA262009
SRR1585522,PRJNA262009
SRR1585523,PRJNA262009
SRR1585524,PRJNA262009
SRR1585525,PRJNA262009
SRR1585526,PRJNA262009
SRR1585527,PRJNA262009
SRR1585528,PRJNA262009
SRR1585529,PRJNA262009
SRR1585530,PRJNA262009
SRR1585531,PRJNA262009
SRR1585532,PRJNA262009
SRR1585533,PRJNA262009
SRR1585534,PRJNA262009
SRR1585535,PRJNA262009
SRR1585536,PRJNA262009
SRR1585537,PRJNA262009
SRR1585538,PRJNA262009
SRR1585539,PRJNA262009
SRR1585540,PRJNA262009
SRR1585541,PRJNA262009
SRR1585542,PRJNA262009
SRR1585543,PRJNA262009
SRR1585544,PRJNA262009
SRR1585545,PRJNA262009
SRR1585546,PRJNA262009
SRR1585547,PRJNA262009
SRR1585548,PRJNA262009
SRR1585549,PRJNA262009
SRR1585550,PRJNA262009
SRR1585551,PRJNA262009
SRR1585552,PRJNA262009
SRR1585553,PRJNA262009
SRR1585554,PRJNA262009
SRR1585555,PRJNA262009
SRR1585556,PRJNA262009
SRR1585557,PRJNA262009
SRR1573930,PRJNA260909
SRR1573931,PRJNA260909
SRR1573932,PRJNA260909
SRR1573933,PRJNA260909
SRR1573934,PRJNA260909
SRR1573937,PRJNA260909
SRR1573938,PRJNA260909
SRR1573939,PRJNA260909
SRR1573940,PRJNA260909
SRR1562929,PRJNA260073
SRR1562930,PRJNA260073
SRR1535516,PRJNA257365
SRR1535517,PRJNA257365
SRR1535518,PRJNA257365
SRR1535519,PRJNA257365
SRR1535520,PRJNA257365
SRR1535521,PRJNA257365
SRR1535522,PRJNA257365
SRR1535523,PRJNA257365
SRR1535524,PRJNA257365
SRR1535525,PRJNA257365
SRR1535526,PRJNA257365
SRR1535527,PRJNA257365
SRR1535528,PRJNA257365
SRR1535529,PRJNA257365
SRR1535530,PRJNA257365
SRR1535531,PRJNA257365
SRR1535532,PRJNA257365
SRR1535533,PRJNA257365
SRR1535534,PRJNA257365
SRR1535535,PRJNA257365
SRR1535536,PRJNA257365
SRR1535537,PRJNA257365
SRR1535538,PRJNA257365
SRR1535539,PRJNA257365
SRR1535540,PRJNA257365
SRR1535541,PRJNA257365
SRR1535542,PRJNA257365
SRR1535543,PRJNA257365
SRR1535544,PRJNA257365
SRR1535545,PRJNA257365
SRR1535546,PRJNA257365
SRR1535547,PRJNA257365
SRR1535548,PRJNA257365
SRR1535549,PRJNA257365
SRR1535550,PRJNA257365
SRR1535551,PRJNA257365
SRR1528630,PRJNA256321
SRR1528631,PRJNA256321
SRR1528632,PRJNA256320
SRR1528633,PRJNA256320
SRR2064566,PRJNA256320
SRR2064567,PRJNA256320
SRR2874255,PRJNA256320
SRR2874256,PRJNA256320
SRR1528650,PRJNA256319
SRR1528651,PRJNA256319
SRR1528654,PRJNA256319
SRR1528655,PRJNA256319
SRR1528656,PRJNA256319
SRR1528657,PRJNA256319
SRR1528660,PRJNA256318
SRR1528661,PRJNA256318
SRR1528662,PRJNA256318
SRR1528663,PRJNA256318
SRR1528664,PRJNA256318
SRR1528665,PRJNA256318
SRR1528666,PRJNA256318
SRR1528667,PRJNA256318
SRR1528672,PRJNA256318
SRR1528673,PRJNA256318
SRR1528674,PRJNA256318
SRR1528675,PRJNA256318
SRR1528676,PRJNA256317
SRR1528677,PRJNA256317
SRR1528680,PRJNA256317
SRR1528681,PRJNA256317
SRR1528682,PRJNA256317
SRR1528683,PRJNA256317
SRR1528686,PRJNA256316
SRR1528687,PRJNA256316
SRR1528688,PRJNA256316
SRR1528689,PRJNA256316
SRR1528690,PRJNA256316
SRR1528691,PRJNA256316
SRR1528692,PRJNA256316
SRR1528693,PRJNA256316
SRR1528694,PRJNA256316
SRR1528695,PRJNA256316
SRR1528696,PRJNA256316
SRR1528697,PRJNA256316
SRR2064430,PRJNA256316
SRR2064431,PRJNA256316
SRR2064432,PRJNA256316
SRR2064433,PRJNA256316
SRR2064434,PRJNA256316
SRR2064435,PRJNA256316
SRR2874123,PRJNA256316
SRR2874124,PRJNA256316
SRR2874125,PRJNA256316
SRR2874126,PRJNA256316
SRR2874127,PRJNA256316
SRR2874128,PRJNA256316
SRR2874129,PRJNA256316
SRR2874130,PRJNA256316
SRR1507056,PRJNA254361
SRR1507057,PRJNA254361
SRR1507058,PRJNA254361
SRR1333393,PRJNA251587
SRR1333394,PRJNA251587
SRR1257225,PRJNA244941
SRR1257226,PRJNA244941
SRR1257227,PRJNA244941
SRR1257228,PRJNA244941
SRR1257229,PRJNA244941
SRR1257230,PRJNA244941
SRR1257231,PRJNA244941
SRR1257232,PRJNA244941
SRR1257233,PRJNA244941
SRR1257234,PRJNA244941
SRR1257235,PRJNA244941
SRR1257236,PRJNA244941
SRR1257237,PRJNA244941
SRR1257238,PRJNA244941
SRR1257239,PRJNA244941
SRR1257240,PRJNA244941
SRR1257241,PRJNA244941
SRR1257242,PRJNA244941
SRR1257243,PRJNA244941
SRR1257244,PRJNA244941
SRR1257245,PRJNA244941
SRR1257246,PRJNA244941
SRR1257247,PRJNA244941
SRR1257248,PRJNA244941
SRR1257249,PRJNA244941
SRR1257250,PRJNA244941
SRR1257251,PRJNA244941
SRR1257252,PRJNA244941
SRR1257253,PRJNA244941
SRR1257254,PRJNA244941
SRR1257255,PRJNA244941
SRR1257256,PRJNA244941
SRR1257257,PRJNA244941
SRR1257258,PRJNA244941
SRR1257259,PRJNA244941
SRR1257260,PRJNA244941
SRR1257261,PRJNA244941
SRR1257262,PRJNA244941
SRR1257263,PRJNA244941
SRR1257264,PRJNA244941
SRR1257265,PRJNA244941
SRR1257266,PRJNA244941
SRR1257267,PRJNA244941
SRR1257268,PRJNA244941
SRR1257269,PRJNA244941
SRR1257270,PRJNA244941
SRR1257271,PRJNA244941
SRR1257272,PRJNA244941
SRR1204655,PRJNA242628
SRR1204656,PRJNA242628
SRR1173905,PRJNA238879
SRR1173907,PRJNA238879
SRR1173909,PRJNA238879
SRR1173910,PRJNA238879
SRR1173913,PRJNA238879
SRR1173914,PRJNA238879
SRR1598971,PRJNA223608
SRR1598975,PRJNA223608
SRR1598981,PRJNA223608
SRR1562539,PRJNA223060
SRR1562540,PRJNA223060
SRR1562541,PRJNA223060
SRR1562542,PRJNA223060
SRR1562543,PRJNA223060
SRR970490,PRJNA218051
SRR970538,PRJNA218051
SRR970561,PRJNA218051
SRR970565,PRJNA218051
SRR970587,PRJNA218051
SRR970588,PRJNA218051
SRR948150,PRJNA214026
SRR948151,PRJNA214026
SRR948152,PRJNA214026
SRR948153,PRJNA214026
SRR948156,PRJNA214026
SRR948157,PRJNA214026
SRR948158,PRJNA214026
SRR948159,PRJNA214026
SRR944653,PRJNA213675
SRR944655,PRJNA213675
SRR944659,PRJNA213675
SRR944662,PRJNA213675
SRR935448,PRJNA212323
SRR935449,PRJNA212323
SRR935452,PRJNA212323
SRR935453,PRJNA212323
SRR935454,PRJNA212323
SRR935455,PRJNA212323
SRR931815,PRJNA211752
SRR931817,PRJNA211752
SRR931819,PRJNA211752
SRR931821,PRJNA211752
SRR931823,PRJNA211752
SRR931825,PRJNA211752
SRR810100,PRJNA196335
SRR810101,PRJNA196335
SRR810102,PRJNA196335
SRR810103,PRJNA196335
SRR810104,PRJNA196335
SRR627620,PRJNA182756
SRR627621,PRJNA182756
SRR627622,PRJNA182756
SRR627623,PRJNA182756
SRR627624,PRJNA182756
SRR627625,PRJNA182756
SRR627626,PRJNA182756
SRR627627,PRJNA182756
SRR619082,PRJNA181016
SRR619083,PRJNA181016
SRR619084,PRJNA181016
SRR619085,PRJNA181016
SRR619086,PRJNA181016
SRR619087,PRJNA181016
SRR619088,PRJNA181016
SRR619089,PRJNA181016
SRR619090,PRJNA181016
SRR619091,PRJNA181016
SRR619092,PRJNA181016
SRR619093,PRJNA181016
SRR619094,PRJNA181016
SRR619095,PRJNA181016
SRR619096,PRJNA181016
SRR619097,PRJNA181016
SRR619098,PRJNA181016
SRR619099,PRJNA181016
SRR619100,PRJNA181016
SRR618770,PRJNA171327
SRR618771,PRJNA171327
SRR618772,PRJNA171327
SRR618773,PRJNA171327
SRR964946,PRJNA171327
SRR493747,PRJNA163111
SRR493748,PRJNA163111
SRR493749,PRJNA163111
SRR403883,PRJNA152347
SRR403885,PRJNA152347
SRR403887,PRJNA152347
SRR403889,PRJNA152347
SRR403891,PRJNA152347
SRR403893,PRJNA152347
SRR057511,PRJNA129385
SRR057512,PRJNA129385
SRR057516,PRJNA129385
SRR057517,PRJNA129385
SRR057521,PRJNA129385
SRR057522,PRJNA129385
SRR057526,PRJNA129385
SRR057529,PRJNA129385
SRR057532,PRJNA129385
SRR5680913,PRJNA390315
SRR5680914,PRJNA390315
SRR5680917,PRJNA390315
SRR5680918,PRJNA390315
SRR5680921,PRJNA390315
SRR5680922,PRJNA390315
SRR5943474,PRJNA398679
SRR5943475,PRJNA398679
SRR5943476,PRJNA398679
SRR5943477,PRJNA398679
SRR648667,PRJNA147613
SRR648668,PRJNA147613
SRR648669,PRJNA147613
SRR648670,PRJNA147613
SRR525273,PRJNA171135
SRR525274,PRJNA171135
SRR525275,PRJNA171135
SRR525276,PRJNA171135
SRR525277,PRJNA171135
SRR525278,PRJNA171135
SRR1158798,PRJNA201228
SRR1158799,PRJNA201228
SRR1158800,PRJNA201228
SRR1514697,PRJNA201228
SRR837789,PRJNA201228
SRR1032185,PRJNA229103
SRR1032186,PRJNA229103
SRR1032187,PRJNA229103
SRR1032188,PRJNA229103
SRR1032189,PRJNA229103
SRR1032190,PRJNA229103
SRR1039861,PRJNA230112
SRR1042900,PRJNA230610
SRR1042901,PRJNA230610
SRR1042902,PRJNA230610
SRR1248252,PRJNA244865
SRR1248253,PRJNA244865
SRR1248254,PRJNA244865
SRR1248255,PRJNA244865
SRR1551155,PRJNA258219
SRR1551159,PRJNA258219
SRR1551163,PRJNA258219
SRR1551165,PRJNA258219
SRR1551167,PRJNA258219
SRR1661491,PRJNA268354
SRR1661493,PRJNA268354
SRR1661495,PRJNA268354
SRR1661497,PRJNA268354
SRR2075417,PRJNA268354
SRR2075419,PRJNA268354
SRR3129148,PRJNA309995
SRR3129149,PRJNA309995
SRR3129152,PRJNA309995
SRR3129153,PRJNA309995
SRR3129936,PRJNA310015
SRR3129937,PRJNA310015
SRR3129940,PRJNA310015
SRR3129941,PRJNA310015
SRR3130940,PRJNA310096
SRR3130941,PRJNA310096
SRR3130944,PRJNA310096
SRR3130945,PRJNA310096
SRR3131003,PRJNA310107
SRR3131004,PRJNA310107
SRR3131007,PRJNA310107
SRR3131008,PRJNA310107
SRR3131011,PRJNA310107
SRR3131012,PRJNA310107
SRR3131015,PRJNA310107
SRR3131016,PRJNA310107
SRR3131019,PRJNA310107
SRR3131021,PRJNA310107
SRR3131023,PRJNA310107
SRR3131025,PRJNA310107
SRR3317843,PRJNA317019
SRR3317844,PRJNA317019
SRR3317845,PRJNA317019
SRR3680966,PRJNA326128
SRR3680967,PRJNA326128
SRR3680968,PRJNA326128
SRR3680969,PRJNA326128
SRR3680970,PRJNA326128
SRR3680971,PRJNA326128
SRR3680972,PRJNA326128
SRR3680973,PRJNA326128
SRR5099275,PRJNA340948
SRR5099277,PRJNA340948
SRR5099279,PRJNA340948
SRR5345621,PRJNA379292
SRR5345622,PRJNA379292
SRR5345623,PRJNA379292
SRR5345624,PRJNA379292
SRR5350740,PRJNA379448
SRR5350741,PRJNA379448
SRR5350744,PRJNA379447
SRR5350745,PRJNA379447
SRR3208296,PRJNA314248
SRR3392899,PRJNA314248
SRR3398188,PRJNA314248
ERR466124,PRJEB5938
ERR466125,PRJEB5938
SRR11945391,GSE151959
SRR11945392,GSE151959
SRR11945394,GSE151959
SRR11945395,GSE151959
SRR11945396,GSE151959
SRR11945397,GSE151959
SRR11945398,GSE151959
SRR11945401,GSE151959
SRR11945402,GSE151959
SRR11945403,GSE151959
SRR11945404,GSE151959
SRR11945405,GSE151959
SRR11945406,GSE151959
SRR11945407,GSE151959
SRR11945408,GSE151959
SRR11945409,GSE151959
SRR11945410,GSE151959
SRR11945411,GSE151959
SRR11945412,GSE151959
SRR11945413,GSE151959
SRR11945414,GSE151959
SRR11945415,GSE151959
SRR11945416,GSE151959
SRR11945417,GSE151959
SRR11945418,GSE151959
SRR15992486,GSE184519
SRR15992487,GSE184519
SRR15992488,GSE184519
SRR15992489,GSE184519
SRR20106168,GSE208041
SRR20106167,GSE208041
SRR20106166,GSE208041
SRR20106165,GSE208041
SRR20106164,GSE208041
SRR20106163,GSE208041
SRR20106162,GSE208041
SRR20106161,GSE208041
SRR20106160,GSE208041
SRR20106159,GSE208041
SRR20106158,GSE208041
SRR20106157,GSE208041
SRR20106156,GSE208041
SRR20106155,GSE208041
SRR20106154,GSE208041
SRR23678244,PRJNA940173
SRR23678243,PRJNA940173
SRR23678242,PRJNA940173
SRR23678241,PRJNA940173
SRR23678240,PRJNA940173
SRR23678239,PRJNA940173
SRR23678231,PRJNA940173
SRR23678230,PRJNA940173
SRR23678229,PRJNA940173
SRR23678228,PRJNA940173
SRR23678227,PRJNA940173
SRR23678226,PRJNA940173
SRR23563667,PRJNA937159
SRR23563666,PRJNA937159
SRR23563665,PRJNA937159
SRR23563664,PRJNA937159
SRR23563663,PRJNA937159
SRR23563662,PRJNA937159
DRR428600,PRJDB15060
DRR428601,PRJDB15060
DRR428602,PRJDB15060
DRR428603,PRJDB15060
DRR428604,PRJDB15060
DRR428605,PRJDB15060
DRR428606,PRJDB15060
DRR428607,PRJDB15060
SRR23242347,PRJNA928376
SRR23242346,PRJNA928376
SRR23242345,PRJNA928376
SRR23242344,PRJNA928376
SRR23242343,PRJNA928376
SRR23242342,PRJNA928376
SRR23242339,PRJNA928376
SRR23242338,PRJNA928376
ERR6548319,PRJEB47140
ERR6548320,PRJEB47140
ERR6548321,PRJEB47140
ERR605044,PRJEB7282
ERR605045,PRJEB7282
ERR605046,PRJEB7282
SRR1640905,PRJNA266341
SRR1640906,PRJNA266341
SRR1640907,PRJNA266341
SRR1640908,PRJNA266341
SRR1640910,PRJNA266341
SRR1640911,PRJNA266341
SRR1640912,PRJNA266341
SRR1640913,PRJNA266341
SRR1640915,PRJNA266341
SRR1640934,PRJNA266341
SRR1640935,PRJNA266341
SRR1640936,PRJNA266341
SRR1640937,PRJNA266341
SRR1640938,PRJNA266341
SRR1640995,PRJNA266341
SRR1640943,PRJNA266341
SRR1640944,PRJNA266341
SRR1640946,PRJNA266341
SRR1640974,PRJNA266341
SRR1640980,PRJNA266341
SRR1640983,PRJNA266341
SRR1640984,PRJNA266341
SRR1640972,PRJNA266341
SRR1640977,PRJNA266341
SRR1640992,PRJNA266341
SRR1640986,PRJNA266341
SRR1640940,PRJNA266341
SRR1640979,PRJNA266341
SRR1640987,PRJNA266341
SRR1640989,PRJNA266341
SRR1640994,PRJNA266341
SRR1640976,PRJNA266341
SRR1640982,PRJNA266341
SRR1640941,PRJNA266341
SRR1640996,PRJNA266341
SRR1640997,PRJNA266341
SRR1640991,PRJNA266341
SRR1642050,PRJNA266341
SRR1642049,PRJNA266341
SRR1642046,PRJNA266341
SRR1642048,PRJNA266341
SRR1642047,PRJNA266341
SRR1642045,PRJNA266341
SRR1642044,PRJNA266341
SRR1642043,PRJNA266341
SRR1642042,PRJNA266341
SRR1642040,PRJNA266341
SRR1642039,PRJNA266341
SRR1642038,PRJNA266341
SRR1642041,PRJNA266341
SRR1979671,PRJNA281481
SRR1979672,PRJNA281481
SRR2954800,PRJNA303958
SRR2954801,PRJNA303958
SRR3306583,PRJNA316618
SRR3306584,PRJNA316618
SRR3306585,PRJNA316618
SRR3306586,PRJNA316618
SRR3306587,PRJNA316618
SRR3306588,PRJNA316618
SRR3306589,PRJNA316618
SRR5938220,PRJNA317266
SRR5938221,PRJNA317266
SRR5938222,PRJNA317266
SRR5938223,PRJNA317266
SRR5938224,PRJNA317266
SRR5938225,PRJNA317266
SRR3623932,PRJNA324409
SRR3623933,PRJNA324409
SRR3623934,PRJNA324409
SRR3623935,PRJNA324409
SRR3623936,PRJNA324409
SRR3623937,PRJNA324409
SRR3623938,PRJNA324409
SRR3623939,PRJNA324409
SRR4045263,PRJNA339577
SRR4045264,PRJNA339577
SRR4045265,PRJNA339577
SRR4045266,PRJNA339577
SRR4045267,PRJNA339577
SRR4045268,PRJNA339577
SRR4045269,PRJNA339577
SRR4045270,PRJNA339577
SRR4045271,PRJNA339577
SRR4045272,PRJNA339577
SRR4045273,PRJNA339577
SRR4045274,PRJNA339577
SRR4045275,PRJNA339577
SRR4045276,PRJNA339577
SRR4045277,PRJNA339577
SRR4045278,PRJNA339577
SRR4045279,PRJNA339577
SRR4045280,PRJNA339577
SRR4045281,PRJNA339577
SRR4045282,PRJNA339577
SRR4045283,PRJNA339577
SRR4045284,PRJNA339577
SRR4045285,PRJNA339577
SRR4045286,PRJNA339577
SRR4045287,PRJNA339577
SRR4045288,PRJNA339577
SRR4045289,PRJNA339577
SRR4045290,PRJNA339577
SRR4045291,PRJNA339577
SRR4045292,PRJNA339577
SRR4045293,PRJNA339577
SRR4045294,PRJNA339577
SRR5223047,PRJNA369543
SRR5223048,PRJNA369543
SRR5223049,PRJNA369543
SRR5223050,PRJNA369543
SRR5223051,PRJNA369543
SRR5223052,PRJNA369543
SRR5223053,PRJNA369543
SRR5223054,PRJNA369543
SRR5223055,PRJNA369543
SRR5223056,PRJNA369543
SRR5223057,PRJNA369543
SRR5223058,PRJNA369543
SRR5227288,PRJNA369742
SRR5227289,PRJNA369742
SRR5227290,PRJNA369742
SRR5227291,PRJNA369742
SRR5227292,PRJNA369742
SRR5227293,PRJNA369742
SRR5227294,PRJNA369742
SRR5227295,PRJNA369742
SRR5227296,PRJNA369742
SRR5227297,PRJNA369742
SRR5227298,PRJNA369742
SRR5227299,PRJNA369742
SRR5227300,PRJNA369742
SRR5227301,PRJNA369742
SRR5227302,PRJNA369742
SRR5227303,PRJNA369742
SRR5227304,PRJNA369742
SRR5227305,PRJNA369742
SRR5227306,PRJNA369742
SRR5227307,PRJNA369742
SRR5227308,PRJNA369742
SRR5227309,PRJNA369742
SRR5515143,PRJNA385767
SRR5515141,PRJNA385767
SRR5515142,PRJNA385767
SRR5515144,PRJNA385767
SRR5515145,PRJNA385767
SRR5515146,PRJNA385767
SRR5515147,PRJNA385767
SRR5515148,PRJNA385767
SRR5515149,PRJNA385767
SRR5720008,PRJNA391171
SRR5720009,PRJNA391171
SRR5861937,PRJNA395570
SRR5861936,PRJNA395570
SRR5861935,PRJNA395570
SRR5861934,PRJNA395570
SRR5861933,PRJNA395570
SRR5861932,PRJNA395570
SRR5861931,PRJNA395570
SRR5861930,PRJNA395570
SRR5861929,PRJNA395570
SRR5861928,PRJNA395570
SRR7633008,PRJNA395570
SRR7633007,PRJNA395570
SRR7633006,PRJNA395570
SRR7633005,PRJNA395570
SRR7633004,PRJNA395570
SRR7633003,PRJNA395570
SRR7633002,PRJNA395570
SRR7633001,PRJNA395570
SRR7633000,PRJNA395570
SRR7632999,PRJNA395570
SRR7632998,PRJNA395570
SRR7632997,PRJNA395570
SRR7632996,PRJNA395570
SRR7632995,PRJNA395570
SRR7632994,PRJNA395570
SRR7632993,PRJNA395570
SRR7632992,PRJNA395570
SRR7632991,PRJNA395570
SRR7632990,PRJNA395570
SRR7632989,PRJNA395570
SRR8302269,PRJNA395570
SRR8302268,PRJNA395570
SRR8302267,PRJNA395570
SRR8302266,PRJNA395570
SRR8302265,PRJNA395570
SRR8302264,PRJNA395570
SRR8302263,PRJNA395570
SRR8302262,PRJNA395570
SRR8302261,PRJNA395570
SRR8302260,PRJNA395570
SRR5886316,PRJNA396698
SRR5886317,PRJNA396698
SRR5886318,PRJNA396698
SRR5886319,PRJNA396698
SRR5886320,PRJNA396698
SRR5886321,PRJNA396698
SRR5886322,PRJNA396698
SRR5886323,PRJNA396698
SRR6026773,PRJNA406823
SRR6026774,PRJNA406823
SRR6026775,PRJNA406823
SRR6026776,PRJNA406823
SRR6026777,PRJNA406823
SRR6026778,PRJNA406823
SRR6026779,PRJNA406823
SRR6026780,PRJNA406823
SRR6191037,PRJNA415033
SRR6191038,PRJNA415033
SRR6191039,PRJNA415033
SRR6191040,PRJNA415033
SRR6191041,PRJNA415033
SRR6191042,PRJNA415033
SRR7240721,PRJNA473925
SRR7240722,PRJNA473925
SRR7240723,PRJNA473925
SRR7240724,PRJNA473925
SRR7240725,PRJNA473925
SRR7240726,PRJNA473925
SRR8197267,PRJNA505780
SRR8197269,PRJNA505780
SRR8197270,PRJNA505780
SRR8197271,PRJNA505780
SRR8197272,PRJNA505780
SRR8197273,PRJNA505780
SRR8197274,PRJNA505780
SRR8197275,PRJNA505780
SRR8392705,PRJNA512837
SRR8392706,PRJNA512837
SRR8392707,PRJNA512837
SRR8392708,PRJNA512837
SRR8392709,PRJNA512837
SRR8392710,PRJNA512837
SRR8392711,PRJNA512837
SRR8392712,PRJNA512837
SRR8449577,PRJNA515538
SRR8449566,PRJNA515538
SRR8449567,PRJNA515538
SRR8449568,PRJNA515538
SRR8449569,PRJNA515538
SRR8449570,PRJNA515538
SRR8449571,PRJNA515538
SRR8449572,PRJNA515538
SRR8449573,PRJNA515538
SRR8449574,PRJNA515538
SRR8449575,PRJNA515538
SRR8449576,PRJNA515538
SRR8449578,PRJNA515538
SRR8449579,PRJNA515538
SRR8449580,PRJNA515538
SRR8449581,PRJNA515538
SRR8495833,PRJNA517458
SRR8495834,PRJNA517458
SRR8836121,PRJNA530508
SRR8836122,PRJNA530508
SRR8836123,PRJNA530508
SRR8836124,PRJNA530508
SRR8836125,PRJNA530508
SRR8836126,PRJNA530508
SRR8887170,PRJNA532532
SRR8887171,PRJNA532532
SRR8887172,PRJNA532532
SRR8887173,PRJNA532532
SRR8915507,PRJNA533132
SRR8915508,PRJNA533132
SRR8915509,PRJNA533132
SRR8915510,PRJNA533132
SRR8915511,PRJNA533132
SRR8915512,PRJNA533132
SRR8915513,PRJNA533132
SRR8915514,PRJNA533132
SRR8915515,PRJNA533132
SRR8915516,PRJNA533132
SRR8915517,PRJNA533132
SRR8915518,PRJNA533132
SRR11626655,PRJNA540298
SRR11626656,PRJNA540298
SRR11626659,PRJNA540298
SRR11626660,PRJNA540298
SRR11626663,PRJNA540298
SRR11626664,PRJNA540298
SRR11626667,PRJNA540298
SRR11626668,PRJNA540298
SRR14578812,PRJNA540298
SRR14578813,PRJNA540298
SRR9019683,PRJNA541324
SRR9019684,PRJNA541324
SRR9019685,PRJNA541324
SRR9019688,PRJNA541324
SRR9019689,PRJNA541324
SRR9019692,PRJNA541324
SRR9019693,PRJNA541324
SRR9019696,PRJNA541324
SRR9019697,PRJNA541324
SRR9019698,PRJNA541324
SRR9019701,PRJNA541324
SRR9019702,PRJNA541324
SRR9737070,PRJNA556267
SRR9737071,PRJNA556267
SRR9737072,PRJNA556267
SRR9737073,PRJNA556267
SRR9737074,PRJNA556267
SRR9737075,PRJNA556267
SRR9737077,PRJNA556267
SRR10491343,PRJNA590503
SRR10491342,PRJNA590503
SRR10491341,PRJNA590503
SRR10491340,PRJNA590503
SRR10533453,PRJNA591767
SRR10533454,PRJNA591767
SRR10533455,PRJNA591767
SRR10533456,PRJNA591767
SRR10533457,PRJNA591767
SRR10533458,PRJNA591767
SRR10533459,PRJNA591767
SRR10533460,PRJNA591767
SRR10533461,PRJNA591767
SRR10533462,PRJNA591767
SRR10533463,PRJNA591767
SRR10533464,PRJNA591767
SRR10533465,PRJNA591767
SRR10533466,PRJNA591767
SRR10533467,PRJNA591767
SRR10533468,PRJNA591767
SRR10533469,PRJNA591767
SRR10859268,PRJNA600267
SRR10859269,PRJNA600267
SRR10859270,PRJNA600267
SRR10859271,PRJNA600267
SRR10859272,PRJNA600267
SRR10859273,PRJNA600267
SRR10859274,PRJNA600267
SRR10859275,PRJNA600267
SRR10859276,PRJNA600267
SRR10859277,PRJNA600267
SRR10859278,PRJNA600267
SRR10859279,PRJNA600267
SRR10859280,PRJNA600267
SRR10859281,PRJNA600267
SRR11005875,PRJNA604580
SRR11005876,PRJNA604580
SRR11005877,PRJNA604580
SRR11005878,PRJNA604580
SRR11005879,PRJNA604580
SRR11005880,PRJNA604580
SRR11005881,PRJNA604580
SRR11005882,PRJNA604580
SRR11005883,PRJNA604580
SRR11005884,PRJNA604580
SRR11005885,PRJNA604580
SRR11005886,PRJNA604580
SRR11005887,PRJNA604580
SRR11005888,PRJNA604580
SRR11005889,PRJNA604580
SRR11005890,PRJNA604580
SRR11005891,PRJNA604580
SRR11005892,PRJNA604580
SRR11005893,PRJNA604580
SRR11005894,PRJNA604580
SRR11005895,PRJNA604580
SRR11005896,PRJNA604580
SRR11005897,PRJNA604580
SRR11005898,PRJNA604580
SRR11005899,PRJNA604580
SRR11005900,PRJNA604580
SRR11005901,PRJNA604580
SRR11005902,PRJNA604580
SRR11005903,PRJNA604580
SRR11005904,PRJNA604580
SRR12879063,PRJNA605114
SRR12879064,PRJNA605114
SRR12879065,PRJNA605114
SRR12879066,PRJNA605114
SRR12879067,PRJNA605114
SRR12879068,PRJNA605114
SRR11041329,PRJNA605444
SRR11041330,PRJNA605444
SRR11041300,PRJNA605444
SRR11041301,PRJNA605444
SRR11041302,PRJNA605444
SRR11041303,PRJNA605444
SRR11041304,PRJNA605444
SRR11041305,PRJNA605444
SRR11041306,PRJNA605444
SRR11041307,PRJNA605444
SRR11041319,PRJNA605444
SRR11041320,PRJNA605444
SRR11041321,PRJNA605444
SRR11041322,PRJNA605444
SRR11041323,PRJNA605444
SRR11041324,PRJNA605444
SRR11041325,PRJNA605444
SRR11041326,PRJNA605444
SRR11041327,PRJNA605444
SRR11041328,PRJNA605444
SRR11294608,PRJNA612239
SRR11294609,PRJNA612239
SRR11294610,PRJNA612239
SRR11294611,PRJNA612239
SRR11505146,PRJNA623612
SRR11505147,PRJNA623612
SRR11505148,PRJNA623612
SRR11505149,PRJNA623612
SRR11505150,PRJNA623612
SRR11505151,PRJNA623612
SRR14517741,PRJNA626635
SRR14517742,PRJNA626635
SRR14517743,PRJNA626635
SRR14517744,PRJNA626635
SRR14517745,PRJNA626635
SRR14517746,PRJNA626635
SRR12081746,PRJNA641624
SRR12081748,PRJNA641624
SRR12081750,PRJNA641624
SRR12407382,PRJNA655835
SRR12407383,PRJNA655835
SRR12407384,PRJNA655835
SRR12407385,PRJNA655835
SRR12415945,PRJNA656190
SRR12415946,PRJNA656190
SRR12510856,PRJNA659038
SRR12510858,PRJNA659038
SRR12510860,PRJNA659038
SRR12510862,PRJNA659038
SRR12660872,PRJNA664116
SRR12660873,PRJNA664116
SRR12660874,PRJNA664116
SRR12660880,PRJNA664116
SRR12660881,PRJNA664116
SRR12660882,PRJNA664116
SRR12764797,PRJNA667051
SRR12764798,PRJNA667051
SRR12764799,PRJNA667051
SRR12764800,PRJNA667051
SRR12764801,PRJNA667051
SRR12764802,PRJNA667051
SRR12764803,PRJNA667051
SRR12764804,PRJNA667051
SRR12764809,PRJNA667051
SRR12764810,PRJNA667051
SRR12764811,PRJNA667051
SRR12764812,PRJNA667051
SRR15324714,PRJNA667051
SRR15324715,PRJNA667051
SRR15324716,PRJNA667051
SRR15324717,PRJNA667051
SRR15324718,PRJNA667051
SRR15324719,PRJNA667051
SRR15324720,PRJNA667051
SRR15324721,PRJNA667051
SRR15324722,PRJNA667051
SRR15324723,PRJNA667051
SRR15324724,PRJNA667051
SRR15324725,PRJNA667051
SRR15324726,PRJNA667051
SRR15324727,PRJNA667051
SRR15324728,PRJNA667051
SRR15324729,PRJNA667051
SRR15324730,PRJNA667051
SRR15324731,PRJNA667051
SRR15324732,PRJNA667051
SRR15324733,PRJNA667051
SRR15324734,PRJNA667051
SRR15324735,PRJNA667051
SRR15324736,PRJNA667051
SRR15324737,PRJNA667051
SRR15324738,PRJNA667051
SRR12790129,PRJNA667952
SRR12790130,PRJNA667952
SRR12790133,PRJNA667952
SRR12790134,PRJNA667952
SRR12790137,PRJNA667952
SRR12790138,PRJNA667952
SRR12790141,PRJNA667952
SRR12790142,PRJNA667952
SRR12790145,PRJNA667952
SRR12790146,PRJNA667952
SRR12790149,PRJNA667952
SRR12790150,PRJNA667952
SRR12790153,PRJNA667952
SRR12790154,PRJNA667952
SRR12790157,PRJNA667952
SRR12790158,PRJNA667952
SRR12874342,PRJNA670552
SRR12874341,PRJNA670552
SRR12874340,PRJNA670552
SRR13036613,PRJNA676161
SRR13036614,PRJNA676161
SRR13036615,PRJNA676161
SRR13036616,PRJNA676161
SRR13036617,PRJNA676161
SRR13036618,PRJNA676161
SRR13036619,PRJNA676161
SRR13036620,PRJNA676161
SRR13036621,PRJNA676161
SRR13036622,PRJNA676161
SRR14824510,PRJNA677870
SRR14824512,PRJNA677870
SRR13679806,PRJNA701262
SRR13679807,PRJNA701262
SRR13679808,PRJNA701262
SRR13679809,PRJNA701262
SRR13679810,PRJNA701262
SRR13679811,PRJNA701262
SRR13679812,PRJNA701262
SRR13679813,PRJNA701262
SRR13679814,PRJNA701262
SRR13679815,PRJNA701262
SRR13711197,PRJNA701894
SRR13711198,PRJNA701894
SRR13711199,PRJNA701894
SRR13711194,PRJNA701894
SRR13711195,PRJNA701894
SRR13711196,PRJNA701894
SRR13711206,PRJNA701895
SRR13711207,PRJNA701895
SRR13711210,PRJNA701895
SRR13711211,PRJNA701895
SRR13711214,PRJNA701895
SRR13711215,PRJNA701895
SRR13712428,PRJNA701951
SRR13712430,PRJNA701951
SRR13712432,PRJNA701951
SRR13712434,PRJNA701951
SRR13712439,PRJNA701951
SRR13712441,PRJNA701951
SRR13712443,PRJNA701951
SRR13712445,PRJNA701951
SRR13712447,PRJNA701951
SRR13712449,PRJNA701951
SRR13712451,PRJNA701951
SRR13712453,PRJNA701951
SRR13712416,PRJNA701951
SRR13712418,PRJNA701951
SRR13712420,PRJNA701951
SRR13712422,PRJNA701951
SRR13781503,PRJNA704763
SRR13781502,PRJNA704763
SRR13781501,PRJNA704763
SRR13781500,PRJNA704763
SRR13781499,PRJNA704763
SRR13781498,PRJNA704763
SRR13781497,PRJNA704763
SRR13781496,PRJNA704763
SRR13781488,PRJNA704763
SRR13884512,PRJNA707431
SRR13884513,PRJNA707431
SRR13884514,PRJNA707431
SRR13884515,PRJNA707431
SRR13884516,PRJNA707431
SRR13884517,PRJNA707431
SRR13884518,PRJNA707431
SRR13884519,PRJNA707431
SRR13884536,PRJNA707431
SRR13884537,PRJNA707431
SRR13884538,PRJNA707431
SRR13884539,PRJNA707431
SRR13884540,PRJNA707431
SRR13884541,PRJNA707431
SRR13884542,PRJNA707431
SRR13884543,PRJNA707431
SRR13884568,PRJNA707431
SRR13884569,PRJNA707431
SRR13884570,PRJNA707431
SRR13884571,PRJNA707431
SRR13884572,PRJNA707431
SRR13884573,PRJNA707431
SRR13884574,PRJNA707431
SRR13884575,PRJNA707431
SRR13884544,PRJNA707431
SRR13884545,PRJNA707431
SRR13884546,PRJNA707431
SRR13884547,PRJNA707431
SRR13884548,PRJNA707431
SRR13884549,PRJNA707431
SRR13884550,PRJNA707431
SRR13884551,PRJNA707431
SRR13884576,PRJNA707431
SRR13884577,PRJNA707431
SRR13884578,PRJNA707431
SRR13884579,PRJNA707431
SRR13884580,PRJNA707431
SRR13884581,PRJNA707431
SRR13884582,PRJNA707431
SRR13884583,PRJNA707431
SRR13884520,PRJNA707431
SRR13884521,PRJNA707431
SRR13884522,PRJNA707431
SRR13884523,PRJNA707431
SRR13884524,PRJNA707431
SRR13884525,PRJNA707431
SRR13884526,PRJNA707431
SRR13884527,PRJNA707431
SRR13884552,PRJNA707431
SRR13884553,PRJNA707431
SRR13884554,PRJNA707431
SRR13884555,PRJNA707431
SRR13884556,PRJNA707431
SRR13884557,PRJNA707431
SRR13884558,PRJNA707431
SRR13884559,PRJNA707431
SRR13884584,PRJNA707431
SRR13884585,PRJNA707431
SRR13884586,PRJNA707431
SRR13884587,PRJNA707431
SRR13884588,PRJNA707431
SRR13884589,PRJNA707431
SRR13884590,PRJNA707431
SRR13884591,PRJNA707431
SRR13884592,PRJNA707431
SRR13884593,PRJNA707431
SRR13884594,PRJNA707431
SRR13884595,PRJNA707431
SRR13884596,PRJNA707431
SRR13884597,PRJNA707431
SRR13884598,PRJNA707431
SRR13884599,PRJNA707431
SRR13884528,PRJNA707431
SRR13884529,PRJNA707431
SRR13884530,PRJNA707431
SRR13884531,PRJNA707431
SRR13884532,PRJNA707431
SRR13884533,PRJNA707431
SRR13884534,PRJNA707431
SRR13884535,PRJNA707431
SRR13884600,PRJNA707431
SRR13884601,PRJNA707431
SRR13884602,PRJNA707431
SRR13884603,PRJNA707431
SRR13884604,PRJNA707431
SRR13884605,PRJNA707431
SRR13884606,PRJNA707431
SRR13884607,PRJNA707431
SRR13884608,PRJNA707431
SRR13884609,PRJNA707431
SRR13884610,PRJNA707431
SRR13884611,PRJNA707431
SRR13884612,PRJNA707431
SRR13884613,PRJNA707431
SRR13884560,PRJNA707431
SRR13884561,PRJNA707431
SRR13884562,PRJNA707431
SRR13884563,PRJNA707431
SRR13884564,PRJNA707431
SRR13884565,PRJNA707431
SRR13884566,PRJNA707431
SRR13884567,PRJNA707431
SRR13976755,PRJNA714824
SRR13976756,PRJNA714824
SRR14275235,PRJNA723012
SRR14275236,PRJNA723012
SRR14275237,PRJNA723012
SRR14275238,PRJNA723012
SRR14275239,PRJNA723012
SRR14275240,PRJNA723012
SRR14275241,PRJNA723012
SRR14275242,PRJNA723012
SRR14323360,PRJNA725118
SRR14323361,PRJNA725118
SRR14323362,PRJNA725118
SRR14323363,PRJNA725118
SRR14323364,PRJNA725118
SRR14323365,PRJNA725118
SRR14323366,PRJNA725118
SRR14323367,PRJNA725118
SRR14323368,PRJNA725118
SRR14323380,PRJNA725118
SRR14323381,PRJNA725118
SRR14323382,PRJNA725118
SRR14323383,PRJNA725118
SRR14323384,PRJNA725118
SRR14323385,PRJNA725118
SRR14323386,PRJNA725118
SRR14323387,PRJNA725118
SRR14323388,PRJNA725118
SRR14323389,PRJNA725118
SRR14323390,PRJNA725118
SRR14323391,PRJNA725118
SRR14323351,PRJNA725118
SRR14323392,PRJNA725118
SRR14323393,PRJNA725118
SRR14323394,PRJNA725118
SRR14323395,PRJNA725118
SRR14323396,PRJNA725118
SRR14323397,PRJNA725118
SRR14323398,PRJNA725118
SRR14323399,PRJNA725118
SRR14323400,PRJNA725118
SRR14323401,PRJNA725118
SRR14323402,PRJNA725118
SRR14323403,PRJNA725118
SRR14323408,PRJNA725118
SRR14323409,PRJNA725118
SRR14323410,PRJNA725118
SRR14323411,PRJNA725118
SRR14323412,PRJNA725118
SRR14323413,PRJNA725118
SRR14323352,PRJNA725118
SRR14323353,PRJNA725118
SRR14323354,PRJNA725118
SRR14323355,PRJNA725118
SRR14323356,PRJNA725118
SRR14323357,PRJNA725118
SRR14323358,PRJNA725118
SRR14323359,PRJNA725118
SRR14510024,PRJNA729461
SRR14510025,PRJNA729461
SRR14510026,PRJNA729461
SRR14510027,PRJNA729461
SRR14510028,PRJNA729461
SRR14510029,PRJNA729461
SRR14510032,PRJNA729461
SRR14510033,PRJNA729461
SRR14510036,PRJNA729461
SRR14510037,PRJNA729461
SRR14510040,PRJNA729461
SRR14510041,PRJNA729461
SRR14510044,PRJNA729461
SRR14510045,PRJNA729461
SRR14510048,PRJNA729461
SRR14510049,PRJNA729461
SRR14510052,PRJNA729461
SRR14510053,PRJNA729461
SRR14510056,PRJNA729461
SRR14510057,PRJNA729461
SRR14510060,PRJNA729461
SRR14510061,PRJNA729461
SRR14510064,PRJNA729461
SRR14510065,PRJNA729461
SRR14510068,PRJNA729461
SRR14510069,PRJNA729461
SRR14510072,PRJNA729461
SRR14510073,PRJNA729461
SRR14510076,PRJNA729461
SRR14510077,PRJNA729461
SRR14510080,PRJNA729461
SRR14510081,PRJNA729461
SRR14510084,PRJNA729461
SRR14510085,PRJNA729461
SRR14510086,PRJNA729461
SRR14510087,PRJNA729461
SRR14510088,PRJNA729461
SRR14510089,PRJNA729461
SRR14525704,PRJNA729866
SRR14525705,PRJNA729866
SRR14525706,PRJNA729866
SRR14525707,PRJNA729866
SRR14602122,PRJNA731473
SRR14602126,PRJNA731473
SRR14605917,PRJNA731488
SRR14605918,PRJNA731488
SRR14605919,PRJNA731488
SRR14605920,PRJNA731488
SRR14605921,PRJNA731488
SRR14605922,PRJNA731488
SRR14605923,PRJNA731488
SRR14605924,PRJNA731488
SRR14605925,PRJNA731488
SRR14605926,PRJNA731488
SRR14605927,PRJNA731488
SRR14605928,PRJNA731488
SRR14693251,PRJNA734003
SRR14693253,PRJNA734003
SRR14714423,PRJNA734658
SRR14714424,PRJNA734658
SRR14890801,PRJNA740301
SRR14890802,PRJNA740301
SRR14890803,PRJNA740301
SRR14890804,PRJNA740301
SRR14890805,PRJNA740301
SRR14890806,PRJNA740301
SRR14890807,PRJNA740301
SRR14890808,PRJNA740301
SRR14890797,PRJNA740301
SRR14890798,PRJNA740301
SRR14890799,PRJNA740301
SRR14890800,PRJNA740301
SRR15014897,PRJNA743042
SRR15014898,PRJNA743042
SRR15014899,PRJNA743042
SRR15014900,PRJNA743042
SRR15014901,PRJNA743042
SRR15014902,PRJNA743042
SRR15014903,PRJNA743042
SRR15014904,PRJNA743042
SRR15014905,PRJNA743042
SRR15014906,PRJNA743042
SRR15175563,PRJNA747247
SRR15175564,PRJNA747247
SRR15175565,PRJNA747247
SRR15175566,PRJNA747247
SRR15175567,PRJNA747247
SRR15175568,PRJNA747247
SRR19165065,PRJNA747247
SRR19165066,PRJNA747247
SRR19165067,PRJNA747247
SRR19165068,PRJNA747247
SRR19165069,PRJNA747247
SRR19165070,PRJNA747247
SRR15193575,PRJNA748058
SRR15193576,PRJNA748058
SRR15193577,PRJNA748058
SRR15193578,PRJNA748058
SRR15217936,PRJNA749053
SRR15217938,PRJNA749053
SRR15217940,PRJNA749053
SRR15217942,PRJNA749053
SRR15217944,PRJNA749053
SRR15217946,PRJNA749053
SRR15217948,PRJNA749053
SRR15217950,PRJNA749053
SRR15480788,PRJNA755296
SRR15480789,PRJNA755296
SRR15480790,PRJNA755296
SRR15480791,PRJNA755296
SRR15480792,PRJNA755296
SRR15480793,PRJNA755296
SRR15513148,PRJNA756018
SRR15513149,PRJNA756018
SRR15513150,PRJNA756018
SRR15513151,PRJNA756018
SRR15513152,PRJNA756018
SRR15513153,PRJNA756018
SRR15513154,PRJNA756018
SRR15513155,PRJNA756018
SRR15513156,PRJNA756018
SRR15513157,PRJNA756018
SRR15513158,PRJNA756018
SRR15513159,PRJNA756018
SRR15513160,PRJNA756018
SRR15513161,PRJNA756018
SRR15513162,PRJNA756018
SRR15513163,PRJNA756018
SRR15513164,PRJNA756018
SRR15513165,PRJNA756018
SRR15513166,PRJNA756018
SRR15513167,PRJNA756018
SRR15513168,PRJNA756018
SRR15513169,PRJNA756018
SRR15513170,PRJNA756018
SRR15513171,PRJNA756018
SRR15513172,PRJNA756018
SRR15513173,PRJNA756018
SRR15513174,PRJNA756018
SRR15513175,PRJNA756018
SRR15513176,PRJNA756018
SRR15513177,PRJNA756018
SRR15513178,PRJNA756018
SRR15513179,PRJNA756018
SRR15513180,PRJNA756018
SRR15513181,PRJNA756018
SRR15513182,PRJNA756018
SRR15513183,PRJNA756018
SRR15513184,PRJNA756018
SRR15513185,PRJNA756018
SRR15513186,PRJNA756018
SRR15513187,PRJNA756018
SRR15513188,PRJNA756018
SRR15513189,PRJNA756018
SRR15513190,PRJNA756018
SRR15513191,PRJNA756018
SRR15513192,PRJNA756018
SRR15513193,PRJNA756018
SRR15513194,PRJNA756018
SRR15513195,PRJNA756018
SRR15513196,PRJNA756018
SRR15513197,PRJNA756018
SRR15513198,PRJNA756018
SRR15513199,PRJNA756018
SRR15513200,PRJNA756018
SRR15513201,PRJNA756018
SRR15513202,PRJNA756018
SRR15513203,PRJNA756018
SRR15513204,PRJNA756018
SRR15513205,PRJNA756018
SRR15513206,PRJNA756018
SRR15513207,PRJNA756018
SRR15513208,PRJNA756018
SRR15513209,PRJNA756018
SRR15513210,PRJNA756018
SRR15513211,PRJNA756018
SRR15513212,PRJNA756018
SRR15513213,PRJNA756018
SRR15513214,PRJNA756018
SRR15513215,PRJNA756018
SRR15513216,PRJNA756018
SRR15513217,PRJNA756018
SRR15513218,PRJNA756018
SRR15513219,PRJNA756018
SRR15513220,PRJNA756018
SRR15513221,PRJNA756018
SRR15513222,PRJNA756018
SRR15513223,PRJNA756018
SRR15513224,PRJNA756018
SRR15513225,PRJNA756018
SRR15513226,PRJNA756018
SRR16299883,PRJNA770650
SRR16299884,PRJNA770650
SRR16299885,PRJNA770650
SRR16299886,PRJNA770650
SRR16299887,PRJNA770650
SRR16299888,PRJNA770650
SRR16299889,PRJNA770650
SRR16299890,PRJNA770650
SRR16299891,PRJNA770650
SRR16913146,PRJNA779461
SRR16913147,PRJNA779461
SRR16913148,PRJNA779461
SRR16913149,PRJNA779461
SRR16913150,PRJNA779461
SRR16913151,PRJNA779461
SRR16913152,PRJNA779461
SRR16913153,PRJNA779461
SRR17481808,PRJNA795419
SRR17481807,PRJNA795419
SRR20307020,PRJNA795419
SRR20307019,PRJNA795419
SRR17818681,PRJNA801861
SRR17818680,PRJNA801861
SRR17818679,PRJNA801861
SRR17818678,PRJNA801861
SRR18017759,PRJNA806946
SRR18017758,PRJNA806946
SRR18017757,PRJNA806946
SRR18017756,PRJNA806946
SRR18017755,PRJNA806946
SRR18017754,PRJNA806946
SRR18017753,PRJNA806946
SRR18017752,PRJNA806946
SRR18017751,PRJNA806946
SRR18017750,PRJNA806946
SRR18017749,PRJNA806946
SRR18017748,PRJNA806946
SRR18017747,PRJNA806946
SRR18017746,PRJNA806946
SRR18017745,PRJNA806946
SRR18017744,PRJNA806946
SRR18017743,PRJNA806946
SRR18017742,PRJNA806946
SRR18017741,PRJNA806946
SRR18017740,PRJNA806946
SRR18017739,PRJNA806946
SRR18017738,PRJNA806946
SRR18017737,PRJNA806946
SRR18017736,PRJNA806946
SRR18063243,PRJNA808115
SRR18063242,PRJNA808115
SRR18063241,PRJNA808115
SRR18063240,PRJNA808115
SRR18113903,PRJNA809587
SRR18113904,PRJNA809587
SRR18113900,PRJNA809587
SRR18113901,PRJNA809587
SRR18113897,PRJNA809587
SRR18113898,PRJNA809587
SRR18113809,PRJNA809587
SRR18113810,PRJNA809587
SRR18113807,PRJNA809587
SRR18113808,PRJNA809587
SRR18113805,PRJNA809587
SRR18113806,PRJNA809587
SRR18113803,PRJNA809587
SRR18113804,PRJNA809587
SRR18113801,PRJNA809587
SRR18113802,PRJNA809587
SRR18113799,PRJNA809587
SRR18113797,PRJNA809587
SRR18113798,PRJNA809587
SRR18113795,PRJNA809587
SRR18113796,PRJNA809587
SRR18113792,PRJNA809587
SRR18113793,PRJNA809587
SRR18113794,PRJNA809587
SRR18113790,PRJNA809587
SRR18113791,PRJNA809587
SRR18113788,PRJNA809587
SRR18113789,PRJNA809587
SRR18113786,PRJNA809587
SRR18113787,PRJNA809587
SRR18113784,PRJNA809587
SRR18113785,PRJNA809587
SRR18113782,PRJNA809587
SRR18113783,PRJNA809587
SRR18113780,PRJNA809587
SRR18113781,PRJNA809587
SRR18113778,PRJNA809587
SRR18113779,PRJNA809587
SRR18402610,PRJNA818335
SRR18402611,PRJNA818335
SRR18402614,PRJNA818335
SRR18402615,PRJNA818335
SRR18592280,PRJNA822939
SRR18592279,PRJNA822939
SRR18592278,PRJNA822939
SRR18592277,PRJNA822939
SRR18592276,PRJNA822939
SRR18592275,PRJNA822939
SRR18592274,PRJNA822939
SRR18592273,PRJNA822939
SRR18592272,PRJNA822939
SRR18592271,PRJNA822939
SRR18592270,PRJNA822939
SRR18592269,PRJNA822939
SRR18592268,PRJNA822939
SRR18592267,PRJNA822939
SRR18592266,PRJNA822939
SRR18592265,PRJNA822939
SRR18592264,PRJNA822939
SRR18592263,PRJNA822939
SRR18592262,PRJNA822939
SRR18592261,PRJNA822939
SRR19142916,PRJNA835330
SRR19142915,PRJNA835330
SRR19142910,PRJNA835330
SRR19142909,PRJNA835330
SRR19142908,PRJNA835330
SRR19142907,PRJNA835330
SRR19178808,PRJNA837585
SRR19178809,PRJNA837585
SRR19178810,PRJNA837585
SRR19178813,PRJNA837585
SRR19178814,PRJNA837585
SRR19178815,PRJNA837585
SRR19641913,PRJNA848829
SRR19641912,PRJNA848829
SRR19641911,PRJNA848829
SRR19641910,PRJNA848829
SRR19641909,PRJNA848829
SRR19641908,PRJNA848829
SRR19641907,PRJNA848829
SRR19641906,PRJNA848829
SRR19641905,PRJNA848829
SRR19641904,PRJNA848829
SRR19641903,PRJNA848829
SRR19641902,PRJNA848829
SRR19918553,PRJNA854905
SRR19918554,PRJNA854905
SRR19918555,PRJNA854905
SRR19918556,PRJNA854905
SRR19918557,PRJNA854905
SRR19918558,PRJNA854905
SRR19918559,PRJNA854905
SRR19918560,PRJNA854905
SRR19918545,PRJNA854905
SRR19918546,PRJNA854905
SRR19918547,PRJNA854905
SRR19918548,PRJNA854905
SRR19918549,PRJNA854905
SRR19918550,PRJNA854905
SRR19918551,PRJNA854905
SRR19918552,PRJNA854905
SRR19918537,PRJNA854905
SRR19918538,PRJNA854905
SRR19918539,PRJNA854905
SRR19918540,PRJNA854905
SRR19918541,PRJNA854905
SRR19918542,PRJNA854905
SRR19918543,PRJNA854905
SRR19918544,PRJNA854905
SRR19918527,PRJNA854905
SRR19918528,PRJNA854905
SRR19918529,PRJNA854905
SRR19918530,PRJNA854905
SRR19918531,PRJNA854905
SRR19918532,PRJNA854905
SRR19918533,PRJNA854905
SRR19918534,PRJNA854905
SRR19918519,PRJNA854905
SRR19918520,PRJNA854905
SRR19918521,PRJNA854905
SRR19918522,PRJNA854905
SRR19918523,PRJNA854905
SRR19918524,PRJNA854905
SRR19918525,PRJNA854905
SRR19918526,PRJNA854905
SRR19918487,PRJNA854905
SRR19918488,PRJNA854905
SRR19918489,PRJNA854905
SRR19918490,PRJNA854905
SRR19918491,PRJNA854905
SRR19918492,PRJNA854905
SRR19918535,PRJNA854905
SRR19918536,PRJNA854905
SRR20613398,PRJNA861947
SRR20613397,PRJNA861947
SRR20613396,PRJNA861947
SRR20613395,PRJNA861947
SRR20613394,PRJNA861947
SRR20613393,PRJNA861947
SRR20613392,PRJNA861947
SRR20613391,PRJNA861947
SRR21146250,PRJNA871214
SRR21146249,PRJNA871214
SRR21146248,PRJNA871214
SRR21146247,PRJNA871214
SRR21146246,PRJNA871214
SRR21146245,PRJNA871214
SRR21595025,PRJNA880902
SRR21595024,PRJNA880902
SRR21595023,PRJNA880902
SRR21595022,PRJNA880902
SRR21595021,PRJNA880902
SRR21595020,PRJNA880902
SRR22192996,PRJNA898352
SRR22192995,PRJNA898352
SRR22192994,PRJNA898352
SRR22192993,PRJNA898352
SRR22192992,PRJNA898352
SRR22192991,PRJNA898352
SRR22192990,PRJNA898352
SRR22192989,PRJNA898352
SRR22192988,PRJNA898352
SRR22192987,PRJNA898352
SRR22192986,PRJNA898352
SRR22192985,PRJNA898352
SRR22767490,PRJNA913269
SRR22767489,PRJNA913269
SRR22767488,PRJNA913269
SRR22767487,PRJNA913269
SRR22767486,PRJNA913269
SRR22767485,PRJNA913269
SRR23229749,PRJNA927820
SRR23229748,PRJNA927820
SRR7896326,PRJNA492921
SRR13119870,PRJNA680357
SRR13119871,PRJNA680357
SRR13119872,PRJNA680357
SRR13119873,PRJNA680357
SRR13120321,PRJNA680364
SRR13120322,PRJNA680364
SRR13120323,PRJNA680364
SRR13120324,PRJNA680364
SRR14200571,PRJNA720951
SRR14200572,PRJNA720951
SRR14200573,PRJNA720951
SRR14200574,PRJNA720951
SRR14200575,PRJNA720951
SRR14200576,PRJNA720951
SRR16312996,PRJNA770962
SRR16312995,PRJNA770962
SRR16312994,PRJNA770962
SRR16312993,PRJNA770962
SRR16587390,PRJNA774895
SRR16587389,PRJNA774895
SRR16587388,PRJNA774895
SRR16587387,PRJNA774895
SRR16587386,PRJNA774895
SRR16587385,PRJNA774895
SRR16587384,PRJNA774895
SRR16587383,PRJNA774895
SRR16929291,PRJNA779948
SRR16929292,PRJNA779948
SRR16929295,PRJNA779948
SRR16929296,PRJNA779948
SRR17920633,PRJNA789542
SRR17920634,PRJNA789542
SRR18054549,PRJNA807729
SRR18054548,PRJNA807729
SRR18054547,PRJNA807729
SRR23073612,PRJNA923627
SRR21102203,PRJNA870413
SRR21102202,PRJNA870413
SRR21102201,PRJNA870413
SRR21102195,PRJNA870413
SRR21102194,PRJNA870413
SRR21102193,PRJNA870413
SRR22122988,GSE216967
SRR22122979,GSE216967
SRR22122978,GSE216967
SRR22122977,GSE216967
SRR22122976,GSE216967
SRR22122975,GSE216967
SRR22122974,GSE216967
SRR22122973,GSE216967
SRR22122972,GSE216967
SRR22122971,GSE216967
SRR22122970,GSE216967
SRR22122969,GSE216967
SRR25602018,PRJNA1004241
SRR25602017,PRJNA1004241
SRR25602016,PRJNA1004241
SRR25602015,PRJNA1004241
SRR25602014,PRJNA1004241
SRR25602013,PRJNA1004241
SRR25602012,PRJNA1004241
SRR25602011,PRJNA1004241
SRR25602010,PRJNA1004241
SRR25602009,PRJNA1004241
SRR25602008,PRJNA1004241
SRR25602007,PRJNA1004241
SRR26979505,PRJNA1046391
SRR26979504,PRJNA1046391
SRR26979503,PRJNA1046391
SRR26979502,PRJNA1046391
SRR26979501,PRJNA1046391
SRR26979500,PRJNA1046391
SRR26979499,PRJNA1046391
SRR26979498,PRJNA1046391
SRR26979497,PRJNA1046391
SRR26979496,PRJNA1046391
SRR27015452,PRJNA1047529
SRR27015451,PRJNA1047529
SRR27015450,PRJNA1047529
SRR27177545,PRJNA1051101
SRR27177546,PRJNA1051101
SRR27177560,PRJNA1051101
SRR27177561,PRJNA1051101
SRR27177558,PRJNA1051101
SRR27177559,PRJNA1051101
SRR27177547,PRJNA1051101
SRR27177548,PRJNA1051101
SRR27177552,PRJNA1051101
SRR27177553,PRJNA1051101
SRR27177549,PRJNA1051101
SRR27177550,PRJNA1051101
SRR27177543,PRJNA1051101
SRR27177544,PRJNA1051101
SRR27177541,PRJNA1051101
SRR27177542,PRJNA1051101
SRR27177539,PRJNA1051101
SRR27177540,PRJNA1051101
SRR27177531,PRJNA1051101
SRR27177532,PRJNA1051101
SRR27177529,PRJNA1051101
SRR27177530,PRJNA1051101
SRR27177554,PRJNA1051101
SRR27177555,PRJNA1051101
SRR27177525,PRJNA1051101
SRR27177526,PRJNA1051101
SRR27450740,PRJNA1062064
SRR27450681,PRJNA1062064
SRR27450739,PRJNA1062064
SRR27450738,PRJNA1062064
SRR27450737,PRJNA1062064
SRR27450736,PRJNA1062064
SRR27450698,PRJNA1062064
SRR27450697,PRJNA1062064
SRR27450696,PRJNA1062064
SRR27450693,PRJNA1062064
SRR27450692,PRJNA1062064
SRR27450694,PRJNA1062064
SRR27450691,PRJNA1062064
SRR27450695,PRJNA1062064
SRR27450690,PRJNA1062064
SRR27450689,PRJNA1062064
SRR27450686,PRJNA1062064
SRR27450685,PRJNA1062064
SRR27450687,PRJNA1062064
SRR27450684,PRJNA1062064
SRR27450688,PRJNA1062064
SRR27450683,PRJNA1062064
SRR27450682,PRJNA1062064
SRR27450679,PRJNA1062064
SRR27450678,PRJNA1062064
SRR27450680,PRJNA1062064
SRR28353205,PRJNA1088434
SRR28353204,PRJNA1088434
SRR28353203,PRJNA1088434
SRR28353202,PRJNA1088434
SRR28353201,PRJNA1088434
SRR28353200,PRJNA1088434
SRR28353199,PRJNA1088434
SRR28353198,PRJNA1088434
SRR28353197,PRJNA1088434
SRR17096848,PRJNA649751
SRR17096849,PRJNA649751
SRR17096850,PRJNA649751
SRR17096851,PRJNA649751
SRR17096852,PRJNA649751
SRR14066009,PRJNA717060
SRR14066011,PRJNA717060
SRR15208795,PRJNA748710
SRR15208796,PRJNA748710
SRR15208797,PRJNA748710
SRR15208798,PRJNA748710
SRR15208799,PRJNA748710
SRR15208800,PRJNA748710
SRR15208801,PRJNA748710
SRR15208802,PRJNA748710
SRR15208803,PRJNA748710
SRR15208804,PRJNA748710
SRR15912575,PRJNA763797
SRR15912576,PRJNA763797
SRR15912577,PRJNA763797
SRR15912578,PRJNA763797
SRR15912579,PRJNA763797
SRR15912580,PRJNA763797
SRR15912581,PRJNA763797
SRR15912582,PRJNA763797
SRR26125257,PRJNA763797
SRR26125258,PRJNA763797
SRR26125259,PRJNA763797
SRR26125260,PRJNA763797
SRR16186909,PRJNA768399
SRR16186908,PRJNA768399
SRR16186907,PRJNA768399
SRR16186906,PRJNA768399
SRR16186905,PRJNA768399
SRR22123775,PRJNA770523
SRR22123776,PRJNA770523
SRR22123777,PRJNA770523
SRR22123778,PRJNA770523
SRR22123779,PRJNA770523
SRR22123780,PRJNA770523
SRR17395481,PRJNA793438
SRR17395480,PRJNA793438
SRR17395479,PRJNA793438
SRR17395478,PRJNA793438
SRR17779282,PRJNA801130
SRR17779281,PRJNA801130
SRR17779278,PRJNA801130
SRR17779277,PRJNA801130
SRR24833779,PRJNA808741
SRR24833782,PRJNA808741
SRR24833777,PRJNA808741
SRR24833780,PRJNA808741
SRR24833775,PRJNA808741
SRR24833778,PRJNA808741
SRR24833773,PRJNA808741
SRR24833776,PRJNA808741
SRR24833771,PRJNA808741
SRR24833774,PRJNA808741
SRR24833770,PRJNA808741
SRR24833772,PRJNA808741
SRR18476754,PRJNA819859
SRR18476753,PRJNA819859
SRR18476752,PRJNA819859
SRR18476751,PRJNA819859
SRR18476750,PRJNA819859
SRR18476749,PRJNA819859
SRR19850674,PRJNA852784
SRR19850673,PRJNA852784
SRR19850672,PRJNA852784
SRR19850671,PRJNA852784
SRR19850670,PRJNA852784
SRR19850669,PRJNA852784
SRR19850668,PRJNA852784
SRR19850667,PRJNA852784
SRR19850666,PRJNA852784
SRR20142186,PRJNA858420
SRR20142185,PRJNA858420
SRR20142184,PRJNA858420
SRR20142183,PRJNA858420
SRR20142182,PRJNA858420
SRR20142181,PRJNA858420
SRR21743094,PRJNA885130
SRR21743093,PRJNA885130
SRR21743092,PRJNA885130
SRR21743091,PRJNA885130
SRR21743090,PRJNA885130
SRR21743089,PRJNA885130
SRR21743088,PRJNA885130
SRR21743087,PRJNA885130
SRR22356470,PRJNA903814
SRR22356468,PRJNA903814
SRR22356466,PRJNA903814
SRR22356464,PRJNA903814
SRR22356462,PRJNA903814
SRR22356460,PRJNA903814
SRR22356458,PRJNA903814
SRR22356456,PRJNA903814
SRR22356454,PRJNA903814
SRR22356452,PRJNA903814
SRR22356450,PRJNA903814
SRR22356448,PRJNA903814
SRR22484282,PRJNA907315
SRR22484281,PRJNA907315
SRR22484280,PRJNA907315
SRR22484279,PRJNA907315
SRR22801390,PRJNA913568
SRR22801389,PRJNA913568
SRR23204134,PRJNA926978
SRR23204133,PRJNA926978
SRR23204132,PRJNA926978
SRR23204131,PRJNA926978
SRR23418171,PRJNA933910
SRR23418170,PRJNA933910
SRR23418169,PRJNA933910
SRR23418168,PRJNA933910
SRR23418167,PRJNA933910
SRR23418166,PRJNA933910
SRR23828861,PRJNA944112
SRR23828860,PRJNA944112
SRR23828859,PRJNA944112
SRR23828858,PRJNA944112
SRR23828857,PRJNA944112
SRR23828856,PRJNA944112
SRR23828855,PRJNA944112
SRR23828854,PRJNA944112
SRR23828853,PRJNA944112
SRR23828852,PRJNA944112
SRR23828851,PRJNA944112
SRR23828850,PRJNA944112
SRR23828849,PRJNA944112
SRR23828848,PRJNA944112
SRR23828847,PRJNA944112
SRR23828846,PRJNA944112
SRR23938997,PRJNA947525
SRR23938996,PRJNA947525
SRR23938995,PRJNA947525
SRR23938994,PRJNA947525
SRR23938993,PRJNA947525
SRR24017323,PRJNA950373
SRR24017324,PRJNA950373
SRR24017321,PRJNA950373
SRR24017322,PRJNA950373
SRR24017319,PRJNA950373
SRR24017320,PRJNA950373
SRR24017311,PRJNA950373
SRR24017312,PRJNA950373
SRR24017309,PRJNA950373
SRR24017310,PRJNA950373
SRR24017307,PRJNA950373
SRR24017308,PRJNA950373
SRR24164287,PRJNA955270
SRR24164286,PRJNA955270
SRR24164284,PRJNA955270
SRR24164283,PRJNA955270
SRR24164285,PRJNA955270
SRR24164282,PRJNA955270
SRR24190359,PRJNA956494
SRR24412652,PRJNA956494
SRR24190357,PRJNA956494
SRR24412653,PRJNA956494
SRR24190355,PRJNA956494
SRR24190354,PRJNA956494
SRR24190353,PRJNA956494
SRR24190352,PRJNA956494
SRR24212099,PRJNA957283
SRR24212098,PRJNA957283
SRR24212097,PRJNA957283
SRR24212096,PRJNA957283
SRR24230485,PRJNA957808
SRR24230480,PRJNA957808
SRR24230481,PRJNA957808
SRR24230482,PRJNA957808
SRR24230483,PRJNA957808
SRR24230471,PRJNA957808
SRR24230470,PRJNA957808
SRR24230469,PRJNA957808
SRR24230468,PRJNA957808
SRR24230467,PRJNA957808
SRR24230464,PRJNA957808
SRR24230465,PRJNA957808
SRR24474729,PRJNA970317
SRR24474728,PRJNA970317
SRR24474727,PRJNA970317
SRR24474726,PRJNA970317
SRR24898156,PRJNA982760
SRR24898155,PRJNA982760
SRR24898154,PRJNA982760
SRR24898153,PRJNA982760
SRR24898152,PRJNA982760
SRR24898151,PRJNA982760
SRR24898150,PRJNA982760
SRR24898149,PRJNA982760
SRR24972748,PRJNA985729
SRR24972747,PRJNA985729
SRR24972746,PRJNA985729
SRR24972745,PRJNA985729
SRR24972744,PRJNA985729
SRR24972743,PRJNA985729
SRR24972742,PRJNA985729
SRR24972741,PRJNA985729
SRR25288058,PRJNA994913
SRR25288036,PRJNA994913
SRR25288035,PRJNA994913
SRR25288034,PRJNA994913
SRR25548685,PRJNA1002994
SRR25548684,PRJNA1002994
SRR25548680,PRJNA1002994
SRR25548683,PRJNA1002994
SRR25548677,PRJNA1002994
SRR25548676,PRJNA1002994
SRR25548672,PRJNA1002994
SRR25548675,PRJNA1002994
SRR25548669,PRJNA1002994
SRR25548668,PRJNA1002994
SRR25548664,PRJNA1002994
SRR25548667,PRJNA1002994
SRR26662586,PRJNA1035318
SRR26662587,PRJNA1035318
SRR26662588,PRJNA1035318
SRR26662589,PRJNA1035318
SRR26662590,PRJNA1035318
SRR26662591,PRJNA1035318
SRR26662592,PRJNA1035318
SRR26662593,PRJNA1035318
SRR26662594,PRJNA1035318
SRR26662595,PRJNA1035318
SRR26662578,PRJNA1035318
SRR26662579,PRJNA1035318
SRR26662580,PRJNA1035318
SRR26662581,PRJNA1035318
SRR26662582,PRJNA1035318
SRR26662583,PRJNA1035318
SRR26662584,PRJNA1035318
SRR26662585,PRJNA1035318
SRR26662568,PRJNA1035318
SRR26662569,PRJNA1035318
SRR26662570,PRJNA1035318
SRR26662571,PRJNA1035318
SRR26662572,PRJNA1035318
SRR26662573,PRJNA1035318
SRR26662574,PRJNA1035318
SRR26662575,PRJNA1035318
SRR26662576,PRJNA1035318
SRR26662577,PRJNA1035318
SRR26662558,PRJNA1035318
SRR26662559,PRJNA1035318
SRR26662560,PRJNA1035318
SRR26662561,PRJNA1035318
SRR26662562,PRJNA1035318
SRR26662563,PRJNA1035318
SRR26662564,PRJNA1035318
SRR26662565,PRJNA1035318
SRR26662566,PRJNA1035318
SRR26662567,PRJNA1035318
SRR26662547,PRJNA1035318
SRR26662548,PRJNA1035318
SRR26662549,PRJNA1035318
SRR26662550,PRJNA1035318
SRR26662551,PRJNA1035318
SRR26662552,PRJNA1035318
SRR26662553,PRJNA1035318
SRR26662554,PRJNA1035318
SRR26662555,PRJNA1035318
SRR26662556,PRJNA1035318
SRR26662557,PRJNA1035318
SRR26662539,PRJNA1035318
SRR26662540,PRJNA1035318
SRR26662541,PRJNA1035318
SRR26662542,PRJNA1035318
SRR26662543,PRJNA1035318
SRR26662544,PRJNA1035318
SRR26662545,PRJNA1035318
SRR26662546,PRJNA1035318
SRR15928712,PRJNA764064
SRR15928713,PRJNA764064
SRR15928714,PRJNA764064
SRR18111251,PRJNA809655
SRR18111250,PRJNA809655
SRR18111249,PRJNA809655
SRR18111248,PRJNA809655
SRR24510060,PRJNA922087
SRR24510059,PRJNA922087
SRR24510058,PRJNA922087
SRR24510057,PRJNA922087
SRR24510055,PRJNA922087
SRR24510054,PRJNA922087
SRR24510053,PRJNA922087
SRR24510056,PRJNA922087
SRR24204967,PRJNA956925
SRR24204968,PRJNA956925
SRR24204969,PRJNA956925
SRR24204970,PRJNA956925
SRR24204966,PRJNA956925
SRR24204965,PRJNA956925
SRR24204964,PRJNA956925
SRR24204963,PRJNA956925
SRR29385971,PRJNA1123575
SRR29385970,PRJNA1123575
SRR29385969,PRJNA1123575
SRR29385968,PRJNA1123575
SRR29385967,PRJNA1123575
SRR29385966,PRJNA1123575
SRR29385965,PRJNA1123575
SRR29385964,PRJNA1123575
SRR29385963,PRJNA1123575
SRR29385962,PRJNA1123575
SRR29385961,PRJNA1123575
SRR29385960,PRJNA1123575
SRR30321786,GSE275336
SRR30321785,GSE275336
SRR30321784,GSE275336
SRR30321783,GSE275336
SRR30321782,GSE275336
SRR30321781,GSE275336
SRR30321780,GSE275336
SRR30321779,GSE275336
SRR30321778,GSE275336
SRR30321777,GSE275336
SRR30321768,GSE275336
SRR30321767,GSE275336
SRR30321766,GSE275336
SRR30321765,GSE275336
SRR30321764,GSE275336
SRR30321763,GSE275336
SRR30321762,GSE275336
SRR30321761,GSE275336
SRR30321760,GSE275336
SRR30321759,GSE275336
ERR1856693,PRJEB19678
ERR1856694,PRJEB19678
ERR1856695,PRJEB19678
ERR3367797,PRJEB29208
ERR3367798,PRJEB29208
ERR3366404,PRJEB32969
ERR3366405,PRJEB32969
ERR3366406,PRJEB32969
ERR3366407,PRJEB32969
ERR5488920,PRJEB43705
ERR5488921,PRJEB43705
ERR5488922,PRJEB43705
ERR5488923,PRJEB43705
ERR5488924,PRJEB43705
ERR5488925,PRJEB43705
ERR5698583,PRJEB44238
ERR5698584,PRJEB44238
ERR5698585,PRJEB44238
ERR5698586,PRJEB44238
ERR5698587,PRJEB44238
ERR5698588,PRJEB44238
SRR16230267,PRJNA769267
SRR16230268,PRJNA769267
SRR16230269,PRJNA769267
SRR16230270,PRJNA769267
SRR25706721,PRJNA1007580
SRR25706720,PRJNA1007580
SRR25706717,PRJNA1007580
SRR25706716,PRJNA1007580
SRR25706715,PRJNA1007580
SRR25706714,PRJNA1007580
SRR26069890,PRJNA1017801
SRR26069889,PRJNA1017801
SRR26069888,PRJNA1017801
SRR26069887,PRJNA1017801
SRR26132855,PRJNA1019669
SRR26132854,PRJNA1019669
SRR26132853,PRJNA1019669
SRR26132852,PRJNA1019669
SRR28560294,PRJNA1021597
SRR28560293,PRJNA1021597
SRR28560292,PRJNA1021597
SRR28560291,PRJNA1021597
SRR28560289,PRJNA1021597
SRR28560288,PRJNA1021597
SRR28560287,PRJNA1021597
SRR28560290,PRJNA1021597
SRR28560286,PRJNA1021597
SRR28560285,PRJNA1021597
SRR27329461,PRJNA1055925
SRR27329460,PRJNA1055925
SRR27329457,PRJNA1055925
SRR27329456,PRJNA1055925
SRR27329454,PRJNA1055925
SRR27329452,PRJNA1055925
SRR27534376,PRJNA1063244
SRR27534375,PRJNA1063244
SRR27534374,PRJNA1063244
SRR27534373,PRJNA1063244
SRR27534372,PRJNA1063244
SRR27534371,PRJNA1063244
SRR27731322,PRJNA1069085
SRR27731321,PRJNA1069085
SRR27731320,PRJNA1069085
SRR27731319,PRJNA1069085
SRR27731318,PRJNA1069085
SRR27731317,PRJNA1069085
SRR27790709,PRJNA1071171
SRR27790708,PRJNA1071171
SRR27790707,PRJNA1071171
SRR27790706,PRJNA1071171
SRR27790705,PRJNA1071171
SRR27790704,PRJNA1071171
SRR27790703,PRJNA1071171
SRR27790702,PRJNA1071171
SRR27790701,PRJNA1071171
SRR27790700,PRJNA1071171
SRR27790699,PRJNA1071171
SRR27790698,PRJNA1071171
SRR27790697,PRJNA1071171
SRR27790696,PRJNA1071171
SRR27790695,PRJNA1071171
SRR27790694,PRJNA1071171
SRR27790693,PRJNA1071171
SRR27790692,PRJNA1071171
SRR27790691,PRJNA1071171
SRR27790690,PRJNA1071171
SRR27792542,PRJNA1071172
SRR27792541,PRJNA1071172
SRR27792540,PRJNA1071172
SRR27792539,PRJNA1071172
SRR27792538,PRJNA1071172
SRR27792537,PRJNA1071172
SRR27792536,PRJNA1071172
SRR27792535,PRJNA1071172
SRR27792534,PRJNA1071172
SRR27792533,PRJNA1071172
SRR27792531,PRJNA1071172
SRR27790689,PRJNA1071174
SRR27790688,PRJNA1071174
SRR27790687,PRJNA1071174
SRR27790686,PRJNA1071174
SRR27790685,PRJNA1071174
SRR27790684,PRJNA1071174
SRR27790683,PRJNA1071174
SRR27790682,PRJNA1071174
SRR27790681,PRJNA1071174
SRR27790680,PRJNA1071174
SRR27790679,PRJNA1071174
SRR27790678,PRJNA1071174
SRR28361563,PRJNA1088608
SRR28361562,PRJNA1088608
SRR28361561,PRJNA1088608
SRR28361560,PRJNA1088608
SRR28361559,PRJNA1088608
SRR28361558,PRJNA1088608
SRR28361557,PRJNA1088608
SRR28361556,PRJNA1088608
SRR28361555,PRJNA1088608
SRR28361554,PRJNA1088608
SRR28361553,PRJNA1088608
SRR28361552,PRJNA1088608
SRR29477277,PRJNA1126209
SRR29477276,PRJNA1126209
SRR29477275,PRJNA1126209
SRR29477274,PRJNA1126209
SRR29477273,PRJNA1126209
SRR29477272,PRJNA1126209
SRR29477271,PRJNA1126209
SRR29477270,PRJNA1126209
SRR29477269,PRJNA1126209
SRR29477268,PRJNA1126209
SRR29477267,PRJNA1126209
SRR29477266,PRJNA1126209
SRR29477265,PRJNA1126209
SRR29477264,PRJNA1126209
SRR29477263,PRJNA1126209
SRR29477262,PRJNA1126209
SRR29477261,PRJNA1126209
SRR29477260,PRJNA1126209
SRR30163340,PRJNA1145378
SRR30163339,PRJNA1145378
SRR30163338,PRJNA1145378
SRR30163337,PRJNA1145378
SRR30163336,PRJNA1145378
SRR30163335,PRJNA1145378
SRR15319873,PRJNA751389
SRR15319874,PRJNA751389
SRR15319875,PRJNA751389
SRR15319876,PRJNA751389
SRR19892207,PRJNA853863
SRR23305138,PRJNA930426
SRR23305137,PRJNA930426
SRR23305135,PRJNA930426
SRR23305134,PRJNA930426
SRR23305133,PRJNA930426
SRR23305136,PRJNA930426
SRR23305132,PRJNA930426
SRR23305131,PRJNA930426
SRR23921782,PRJNA946781
SRR23921781,PRJNA946781
SRR23921780,PRJNA946781
SRR23921779,PRJNA946781
SRR23921778,PRJNA946781
SRR23921777,PRJNA946781
SRR23921776,PRJNA946781
SRR23921775,PRJNA946781
SRR23921774,PRJNA946781
SRR23921773,PRJNA946781
SRR23921772,PRJNA946781
SRR23921771,PRJNA946781
SRR24210498,PRJNA957227
SRR24210497,PRJNA957227
SRR24210496,PRJNA957227
SRR24210495,PRJNA957227
SRR24210494,PRJNA957227
SRR24210493,PRJNA957227
SRR24210492,PRJNA957227
SRR24210491,PRJNA957227
SRR24210490,PRJNA957227
SRR24210489,PRJNA957227
SRR24210488,PRJNA957227
SRR24210487,PRJNA957227
SRR24652843,PRJNA974150
SRR24652842,PRJNA974150
SRR24652841,PRJNA974150
SRR24652840,PRJNA974150
SRR24652839,PRJNA974150
SRR24652838,PRJNA974150
SRR24652837,PRJNA974150
SRR24652836,PRJNA974150
SRR24746820,PRJNA976655
SRR24746819,PRJNA976655
SRR24746818,PRJNA976655
SRR24746817,PRJNA976655
SRR24746816,PRJNA976655
SRR24746815,PRJNA976655
SRR24746814,PRJNA976655
SRR24746813,PRJNA976655
SRR24746808,PRJNA976655
SRR24746807,PRJNA976655
SRR24746806,PRJNA976655
SRR24746805,PRJNA976655
SRR24746804,PRJNA976655
SRR24746803,PRJNA976655
SRR24746802,PRJNA976655
SRR24746801,PRJNA976655
SRR24746800,PRJNA976655
SRR24746799,PRJNA976655
SRR24746798,PRJNA976655
SRR24746797,PRJNA976655
SRR24746787,PRJNA976655
SRR24746786,PRJNA976655
SRR24746785,PRJNA976655
SRR24746772,PRJNA976655
SRR24746764,PRJNA976655
SRR24746755,PRJNA976655
SRR24746754,PRJNA976655
SRR24746753,PRJNA976655
SRR24746752,PRJNA976655
SRR24746751,PRJNA976655
SRR24746750,PRJNA976655
SRR24746749,PRJNA976655
SRR24746748,PRJNA976655
SRR24746747,PRJNA976655
SRR24746746,PRJNA976655
SRR24746745,PRJNA976655
SRR24746744,PRJNA976655
SRR24746821,PRJNA976655
SRR26984517,PRJNA976655
SRR26984508,PRJNA976655
SRR26984507,PRJNA976655
SRR26984506,PRJNA976655
SRR26984505,PRJNA976655
SRR26984504,PRJNA976655
SRR25115689,PRJNA990710
SRR25115688,PRJNA990710
SRR25115687,PRJNA990710
SRR25115686,PRJNA990710
SRR25421855,PRJNA998457
SRR25421854,PRJNA998457
SRR25421853,PRJNA998457
SRR25421852,PRJNA998457
SRR25421851,PRJNA998457
SRR25421850,PRJNA998457
SRR25421849,PRJNA998457
SRR25421848,PRJNA998457
SRR25421847,PRJNA998457
SRR23176619,PRJNA926112
SRR23176618,PRJNA926112
SRR23176617,PRJNA926112
SRR23176616,PRJNA926112
SRR23176615,PRJNA926112
SRR23176614,PRJNA926112
ERR12549926,PRJEB65856
ERR12549927,PRJEB65856
ERR12549930,PRJEB65856
ERR12549928,PRJEB65856
SRR8249094,PRJNA507253
SRR8249095,PRJNA507253
SRR8249096,PRJNA507253
SRR8249097,PRJNA507253
SRR8249098,PRJNA507253
SRR8249099,PRJNA507253
SRR8249100,PRJNA507253
SRR8249101,PRJNA507253
SRR8249102,PRJNA507253
SRR8249103,PRJNA507253
SRR8249104,PRJNA507253
SRR8249105,PRJNA507253
SRR8249106,PRJNA507253
SRR8249107,PRJNA507253
SRR8249108,PRJNA507253
SRR8249109,PRJNA507253
SRR8249110,PRJNA507253
SRR8249111,PRJNA507253
SRR8249112,PRJNA507253
SRR8249113,PRJNA507253
SRR34234182,GSE300977
SRR34234181,GSE300977
SRR34995508,GSE300977
SRR34995507,GSE300977
SRR34995506,GSE300977
SRR34995505,GSE300977
SRR34995504,GSE300977
SRR34995503,GSE300977
SRR34995502,GSE300977
SRR34995501,GSE300977
SRR34995500,GSE300977
SRR34995499,GSE300977
SRR29165319,PRJNA1116213
SRR29165318,PRJNA1116213
SRR29165317,PRJNA1116213
SRR29165316,PRJNA1116213
SRR2433794,GSE73136
SRR29566621,GSE270879
SRR29566615,GSE270879
SRR29566614,GSE270879
SRR29566613,GSE270879
SRR29566612,GSE270879
SRR29566611,GSE270879
SRR29566610,GSE270879
SRR29566609,GSE270879
SRR29566608,GSE270879
SRR30357177,GSE270879
SRR30357176,GSE270879
SRR30357175,GSE270879
SRR30357174,GSE270879
SRR30357167,GSE270879
SRR30357166,GSE270879
SRR30357165,GSE270879
SRR35085945,PRJNA1308483
SRR35085944,PRJNA1308483
SRR35085943,PRJNA1308483
SRR35085942,PRJNA1308483
SRR35085941,PRJNA1308483
SRR35085940,PRJNA1308483
SRR35085939,PRJNA1308483
SRR35085938,PRJNA1308483
SRR35085937,PRJNA1308483
SRR35085936,PRJNA1308483
SRR35085935,PRJNA1308483
SRR35085934,PRJNA1308483
SRR35085933,PRJNA1308483
SRR35085932,PRJNA1308483
SRR35085931,PRJNA1308483
SRR35085930,PRJNA1308483
SRR35085929,PRJNA1308483
SRR35085928,PRJNA1308483
SRR35085927,PRJNA1308483
SRR34698379,PRJNA1295541
SRR34698378,PRJNA1295541
SRR34698377,PRJNA1295541
SRR34698376,PRJNA1295541
SRR34698375,PRJNA1295541
SRR34698374,PRJNA1295541
SRR34698373,PRJNA1295541
SRR34698372,PRJNA1295541
SRR33621390,PRJNA1265091
SRR33621389,PRJNA1265091
SRR33621388,PRJNA1265091
SRR33621387,PRJNA1265091
SRR33621386,PRJNA1265091
SRR33621385,PRJNA1265091
SRR33621384,PRJNA1265091
SRR33621383,PRJNA1265091
SRR33621382,PRJNA1265091
SRR33621381,PRJNA1265091
SRR33621380,PRJNA1265091
SRR33621379,PRJNA1265091
SRR33621378,PRJNA1265091
SRR33621377,PRJNA1265091
SRR33621376,PRJNA1265091
SRR33621375,PRJNA1265091
SRR33621374,PRJNA1265091
SRR33621373,PRJNA1265091
SRR33604094,PRJNA1263855
SRR33604093,PRJNA1263855
SRR33604092,PRJNA1263855
SRR33604091,PRJNA1263855
ERR14695190,PRJEB86645
ERR14695189,PRJEB86645
ERR14695183,PRJEB86645
ERR14695179,PRJEB86645
ERR14695184,PRJEB86645
ERR14695186,PRJEB86645
ERR14695191,PRJEB86645
ERR14695192,PRJEB86645
ERR14695187,PRJEB86645
ERR14695193,PRJEB86645
ERR14695181,PRJEB86645
ERR14695188,PRJEB86645
ERR14695185,PRJEB86645
ERR14695182,PRJEB86645
ERR14695194,PRJEB86645
ERR14695180,PRJEB86645
SRR33313074,PRJNA1255472
SRR33313073,PRJNA1255472
SRR33313072,PRJNA1255472
SRR33313071,PRJNA1255472
SRR34534780,PRJNA1249502
SRR34534779,PRJNA1249502
SRR34534778,PRJNA1249502
SRR34534777,PRJNA1249502
SRR34534776,PRJNA1249502
SRR34534775,PRJNA1249502
SRR34534774,PRJNA1249502
SRR34534773,PRJNA1249502
SRR32570516,PRJNA1231422
SRR32570515,PRJNA1231422
SRR32570514,PRJNA1231422
SRR32570513,PRJNA1231422
SRR32570512,PRJNA1231422
SRR32570511,PRJNA1231422
SRR32491292,PRJNA1228532
SRR32491290,PRJNA1228532
SRR32253889,PRJNA1219999
SRR32253887,PRJNA1219999
SRR32253885,PRJNA1219999
SRR32253883,PRJNA1219999
SRR32253881,PRJNA1219999
SRR32253879,PRJNA1219999
SRR32253877,PRJNA1219999
SRR32253805,PRJNA1219999
SRR32253803,PRJNA1219999
SRR32253801,PRJNA1219999
SRR32253799,PRJNA1219999
SRR32253797,PRJNA1219999
SRR32230465,PRJNA1219200
SRR32230464,PRJNA1219200
SRR32230461,PRJNA1219200
SRR32230460,PRJNA1219200
SRR32230457,PRJNA1219200
SRR32230456,PRJNA1219200
SRR32230453,PRJNA1219200
SRR32230452,PRJNA1219200
SRR32230449,PRJNA1219200
SRR32230448,PRJNA1219200
SRR32230445,PRJNA1219200
SRR32230444,PRJNA1219200
ERR13103636,PRJEB75695
ERR13103638,PRJEB75695
ERR13103637,PRJEB75695
SRR31941139,PRJNA1208460
SRR31941138,PRJNA1208460
SRR31941137,PRJNA1208460
SRR31941136,PRJNA1208460
SRR31941135,PRJNA1208460
SRR31941134,PRJNA1208460
SRR31899455,PRJNA1206920
SRR31899454,PRJNA1206920
SRR31899453,PRJNA1206920
SRR31899452,PRJNA1206920
SRR31899451,PRJNA1206920
SRR31899450,PRJNA1206920
SRR31899449,PRJNA1206920
SRR31899448,PRJNA1206920
SRR31899447,PRJNA1206920
SRR31899446,PRJNA1206920
SRR31899445,PRJNA1206920
SRR31899444,PRJNA1206920
SRR31899443,PRJNA1206920
SRR31899442,PRJNA1206920
SRR31899441,PRJNA1206920
SRR31899440,PRJNA1206920
SRR31899439,PRJNA1206920
SRR31899438,PRJNA1206920
SRR31899437,PRJNA1206920
SRR31899436,PRJNA1206920
SRR31899435,PRJNA1206920
SRR31899434,PRJNA1206920
SRR31899433,PRJNA1206920
SRR31899432,PRJNA1206920
SRR31899431,PRJNA1206920
SRR21672343,PRJNA883055
SRR21672344,PRJNA883055
SRR21672346,PRJNA883055
SRR21672342,PRJNA883055
SRR21672341,PRJNA883055
SRR21672360,PRJNA883055
SRR21672359,PRJNA883055
SRR21672358,PRJNA883055
SRR21672357,PRJNA883055
SRR21672356,PRJNA883055
SRR21672355,PRJNA883055
SRR21672387,PRJNA883055
SRR21672386,PRJNA883055
SRR21672385,PRJNA883055
SRR21672384,PRJNA883055
SRR23944919,PRJNA883055
SRR23944918,PRJNA883055
SRR23944917,PRJNA883055
SRR23944916,PRJNA883055
SRR23944915,PRJNA883055
SRR23944914,PRJNA883055
SRR23944913,PRJNA883055
SRR23944912,PRJNA883055
SRR23944911,PRJNA883055
SRR23944910,PRJNA883055
SRR23944909,PRJNA883055
SRR23944908,PRJNA883055
SRR6892917,PRJNA445552
SRR6892918,PRJNA445552
SRR6892919,PRJNA445552
SRR6892920,PRJNA445552
SRR6892921,PRJNA445552
SRR6892922,PRJNA445552
SRR10072555,PRJNA564089
SRR10072556,PRJNA564089
SRR10072557,PRJNA564089
SRR10072558,PRJNA564089
SRR10072559,PRJNA564089
SRR10072560,PRJNA564089
SRR10072561,PRJNA564089
SRR10072562,PRJNA564089
SRR10072563,PRJNA564089
SRR10072564,PRJNA564089
SRR10072565,PRJNA564089
SRR10072566,PRJNA564089
SRR10072567,PRJNA564089
SRR10072568,PRJNA564089
SRR10072569,PRJNA564089
SRR10072570,PRJNA564089
SRR10072571,PRJNA564089
SRR28820890,PRJNA1105347
SRR28820889,PRJNA1105347
SRR28820888,PRJNA1105347
SRR30244874,PRJNA1148174
SRR30244871,PRJNA1148174
SRR30244868,PRJNA1148174
SRR30244865,PRJNA1148174
SRR30244862,PRJNA1148174
SRR30244859,PRJNA1148174
SRR30244858,PRJNA1148174
SRR30244855,PRJNA1148174
SRR30244852,PRJNA1148174
SRR30244851,PRJNA1148174
SRR30244848,PRJNA1148174
SRR30244845,PRJNA1148174
SRR30244842,PRJNA1148174
SRR30244841,PRJNA1148174
SRR30244839,PRJNA1148174
SRR30244837,PRJNA1148174
SRR30244835,PRJNA1148174
SRR30244832,PRJNA1148174
SRR30244829,PRJNA1148174
SRR30244826,PRJNA1148174
SRR30244823,PRJNA1148174
SRR30244820,PRJNA1148174
SRR30244817,PRJNA1148174
SRR30244814,PRJNA1148174
